word	zipf	freq
ich	6.00	5890279
sie	6.00	3806767
das	6.00	3122198
ist	6.00	3025610
du	6.00	2947020
nicht	6.00	2756783
die	6.00	2484854
es	6.00	2303025
und	6.00	2289891
der	6.00	1726001
wir	6.00	1721620
was	6.00	1696010
zu	6.00	1424706
er	6.00	1352161
ein	6.00	1315301
in	6.00	1231372
ja	6.00	1054114
mir	6.00	1019451
mit	6.00	1014541
wie	6.00	928920
den	6.00	920646
mich	6.00	893076
auf	6.00	881418
dass	6.00	879520
aber	6.00	854492
eine	6.00	839485
so	6.00	813903
hat	6.00	799017
hier	6.00	754243
haben	6.00	742327
für	6.00	735252
sind	6.00	727078
war	6.00	712337
von	6.00	706490
wenn	6.00	694462
dich	6.00	688780
ihr	6.00	655351
nein	6.00	641479
habe	6.00	636175
an	6.00	627600
bin	6.00	576589
noch	6.00	572486
nur	6.00	564245
da	6.00	564244
dir	6.00	554802
sich	6.00	533395
einen	6.00	532402
uns	6.00	523604
hast	6.00	511491
dem	6.00	465044
kann	6.00	461755
gut	6.00	452726
auch	6.00	449250
schon	6.00	442343
als	6.00	440490
sein	6.00	440142
mal	6.00	435631
jetzt	6.00	435411
ihn	6.00	435147
dann	6.00	429424
aus	6.00	425184
meine	6.00	420280
um	6.00	417759
im	6.00	403737
wird	6.00	394216
mein	6.00	384765
bist	6.00	381498
doch	6.00	381456
alles	6.00	366575
weiß	6.00	357869
keine	6.00	349315
oder	6.00	341214
nach	6.00	326208
s	6.00	309957
nichts	6.00	308672
man	6.00	300922
muss	6.00	295567
werden	6.00	294676
will	6.00	293445
ihnen	6.00	292370
geht	6.00	290919
wo	6.00	288363
etwas	6.00	286968
oh	6.00	284455
mehr	6.00	281301
bei	6.00	277087
also	6.00	276548
bitte	6.00	261548
immer	6.00	260238
hab	6.00	252697
warum	6.00	251177
vor	6.00	247840
los	6.00	242543
können	6.00	240905
wieder	6.00	240508
sagen	6.00	236702
machen	6.00	228412
danke	6.00	227937
sehr	6.00	226425
alle	6.00	224850
denn	6.00	224543
mann	6.00	222707
tun	6.00	219102
ihm	6.00	217025
zum	6.00	216201
gehen	6.00	213952
sehen	6.00	212948
vielleicht	6.00	212216
einem	6.00	210889
wer	6.00	210823
ihre	6.00	208915
diese	6.00	208607
euch	6.00	206931
einer	6.00	202097
komm	6.00	201117
über	6.00	196855
gibt	6.00	196771
okay	6.00	196683
wissen	6.00	192456
deine	6.00	191923
müssen	6.00	191257
soll	6.00	191100
werde	6.00	187290
nie	6.00	185925
wirklich	6.00	185166
hey	6.00	185011
kein	6.00	177553
viel	6.00	176767
weg	6.00	175124
würde	6.00	175047
tut	6.00	172752
am	6.00	170913
des	6.00	169182
einfach	6.00	168892
leben	6.00	167721
hatte	6.00	162793
zeit	6.00	160393
weil	6.00	159743
willst	6.00	159106
kommen	6.00	156754
dein	6.00	155913
heute	6.00	154162
kommt	6.00	153845
wollen	6.00	152595
damit	6.00	150635
ganz	5.99	149683
wäre	5.99	149557
wollte	5.99	148643
weißt	5.99	147614
ok	5.99	147191
sicher	5.98	145360
gesagt	5.98	144870
frau	5.98	143725
nun	5.98	143552
bis	5.97	142166
wurde	5.97	141236
leid	5.97	140641
na	5.97	140395
kannst	5.96	136795
macht	5.95	134768
dieser	5.95	134205
zurück	5.94	133326
lassen	5.94	131393
hallo	5.93	128561
meinen	5.93	128288
gott	5.92	127498
seine	5.92	126038
hätte	5.92	125345
zwei	5.91	122625
könnte	5.89	117870
genau	5.89	117667
waren	5.89	117474
zur	5.88	115474
lass	5.88	115316
klar	5.87	113688
morgen	5.87	112042
leute	5.86	109956
vater	5.86	109048
schön	5.85	106669
glaube	5.84	105941
mr.	5.84	105640
ab	5.84	104853
gerade	5.84	104130
tag	5.83	103559
gesehen	5.83	103106
reden	5.83	101992
wohl	5.82	100488
liebe	5.82	99301
sollte	5.81	98826
sagte	5.81	98657
unsere	5.81	98478
jemand	5.81	98283
geld	5.81	98052
durch	5.81	97587
ob	5.81	97001
keinen	5.80	96394
mutter	5.80	95349
raus	5.80	95012
gemacht	5.79	94261
paar	5.79	93818
mach	5.79	93345
passiert	5.79	93021
dachte	5.79	92867
besser	5.79	92556
musst	5.78	92429
wieso	5.78	92191
sir	5.78	92012
dieses	5.78	91148
selbst	5.77	90135
gehört	5.77	89459
möchte	5.77	89068
ohne	5.77	88934
hör	5.77	88336
her	5.76	87571
sag	5.76	87203
meiner	5.75	86264
anderen	5.75	86205
helfen	5.75	85664
nacht	5.75	85102
finden	5.74	83987
diesen	5.74	83932
gute	5.74	83835
wirst	5.74	83791
lange	5.74	82872
natürlich	5.74	82710
ach	5.73	82252
meinem	5.73	82233
gar	5.73	82082
ins	5.72	80529
sei	5.72	80433
dort	5.72	79951
weiter	5.72	79598
geben	5.72	78926
seit	5.71	78517
gleich	5.71	78080
sagt	5.71	78008
recht	5.71	77861
ihren	5.70	76796
richtig	5.70	76789
ordnung	5.70	76635
vom	5.70	76597
hören	5.70	76109
sieht	5.70	75968
davon	5.70	75947
dafür	5.70	75302
geh	5.69	74468
diesem	5.69	74234
wegen	5.69	74062
hause	5.68	73059
sollten	5.68	72777
mädchen	5.68	72685
hin	5.68	72272
sollen	5.67	71445
abend	5.67	71375
haus	5.67	70976
denke	5.67	70824
viele	5.67	70545
drei	5.66	69824
deinen	5.66	69621
freund	5.66	69586
guten	5.66	68866
unser	5.66	68722
warte	5.65	68407
machst	5.65	67926
menschen	5.65	67631
essen	5.65	67594
angst	5.65	67249
bleiben	5.65	67238
zusammen	5.64	66885
welt	5.64	66821
unter	5.64	66173
habt	5.64	66045
schnell	5.64	66011
andere	5.63	65229
tot	5.63	64995
getan	5.63	64404
darf	5.63	64161
erst	5.63	64092
rein	5.63	64028
stimmt	5.62	63896
nehmen	5.62	63773
kinder	5.62	63716
eines	5.62	63710
glauben	5.62	63577
bringen	5.62	63285
ganze	5.61	62461
genug	5.61	62381
scheiße	5.61	61982
brauchen	5.61	61791
gegen	5.61	61438
moment	5.61	61265
junge	5.60	60843
steht	5.60	60832
sonst	5.60	60478
musik	5.59	59500
arbeit	5.59	59309
seid	5.59	58799
ihrer	5.59	58510
fragen	5.59	58352
herr	5.58	58200
dabei	5.58	57923
heißt	5.58	57306
familie	5.58	57288
warten	5.57	56911
niemand	5.57	56907
sofort	5.57	56605
bevor	5.57	56210
jahre	5.57	56075
einmal	5.56	55398
problem	5.56	54783
sohn	5.55	54396
wann	5.55	54105
brauche	5.55	53799
fertig	5.55	53738
halt	5.55	53723
allein	5.55	53720
beim	5.55	53673
sprechen	5.55	53232
beide	5.54	53120
gefunden	5.54	53083
hatten	5.54	53008
sache	5.54	52830
hilfe	5.54	52679
verdammt	5.54	52499
ne	5.54	52438
jeder	5.54	52254
warst	5.54	52211
gern	5.54	52147
konnte	5.53	51818
darüber	5.53	51711
halten	5.53	51690
siehst	5.53	51444
verstehe	5.53	51294
jahren	5.53	51158
kam	5.53	51041
kind	5.53	50922
wusste	5.53	50878
wahr	5.52	50700
seinen	5.52	50311
dazu	5.52	50144
bruder	5.52	50137
daran	5.52	50081
ihrem	5.52	50046
denken	5.52	49912
könnten	5.52	49708
dank	5.51	49155
würden	5.51	49143
lieber	5.51	49123
fall	5.51	49042
deiner	5.51	48756
sehe	5.50	48293
egal	5.50	48287
kennen	5.50	48114
deinem	5.50	48010
vergessen	5.50	47889
frage	5.50	47512
mache	5.50	47510
komme	5.49	47282
sage	5.49	47197
mag	5.49	47150
sieh	5.49	47133
echt	5.49	46884
gib	5.49	46863
eigentlich	5.49	46744
jeden	5.49	46594
dad	5.49	46472
gab	5.48	46178
uhr	5.48	46117
stadt	5.48	45812
männer	5.48	45451
baby	5.48	45434
fahren	5.47	45060
namen	5.47	44998
bekommen	5.47	44852
kopf	5.47	44851
hi	5.47	44653
gehe	5.47	44502
kleine	5.47	44338
später	5.47	44320
glück	5.47	44295
letzte	5.46	44246
freunde	5.46	43913
n	5.46	43890
all	5.46	43808
darauf	5.45	43236
ende	5.45	43216
dr.	5.45	42899
bald	5.45	42834
töten	5.45	42735
dinge	5.45	42560
meinst	5.45	42522
toll	5.45	42438
eins	5.44	42157
minuten	5.44	42139
vielen	5.44	42047
bereit	5.44	41925
weit	5.44	41558
ahnung	5.44	41525
seiner	5.44	41478
bisschen	5.44	41471
tür	5.44	41457
auto	5.44	41372
jungs	5.43	40783
eure	5.43	40647
augen	5.43	40593
polizei	5.43	40572
stehen	5.43	40469
sterben	5.42	40334
hätten	5.42	40190
draußen	5.42	40075
kenne	5.42	39750
fast	5.42	39542
runter	5.41	39290
vorbei	5.41	38763
treffen	5.41	38758
gerne	5.41	38739
dran	5.41	38593
wurden	5.41	38564
arbeiten	5.40	38510
mom	5.40	38250
verrückt	5.40	38126
neue	5.40	38119
ging	5.40	38051
hinter	5.40	37964
sorgen	5.40	37844
einzige	5.40	37724
jemanden	5.39	37451
darum	5.39	37424
tochter	5.39	37375
braucht	5.39	37187
idee	5.39	37181
schwester	5.39	37032
drin	5.39	36941
ruhig	5.39	36940
sah	5.39	36936
ganzen	5.39	36929
spät	5.39	36834
ziemlich	5.39	36820
solltest	5.38	36770
name	5.38	36668
sogar	5.38	36650
kurz	5.38	36629
kerl	5.38	36512
frauen	5.38	36457
liegt	5.38	36313
suchen	5.38	36294
finde	5.38	36286
je	5.38	36205
woher	5.38	36061
lang	5.38	36029
job	5.38	35995
keiner	5.37	35951
seinem	5.37	35907
hört	5.37	35796
verstehen	5.37	35693
spielen	5.37	35600
s.	5.37	35596
überhaupt	5.37	35566
teufel	5.37	35421
verstanden	5.37	35353
verloren	5.37	35282
große	5.37	35255
hand	5.37	35247
grund	5.37	35243
jahr	5.36	35092
kommst	5.36	34951
mama	5.36	34883
ruhe	5.36	34794
gewesen	5.36	34766
tod	5.36	34408
stunden	5.35	34244
hoffe	5.35	34207
denkst	5.35	34170
oben	5.35	34115
gestern	5.35	34095
versuchen	5.35	34093
art	5.35	34062
letzten	5.35	34029
schatz	5.35	34026
endlich	5.35	33924
he	5.35	33922
nimm	5.35	33866
etwa	5.35	33845
erzählt	5.35	33821
läuft	5.35	33798
schwer	5.35	33640
anders	5.34	33554
miss	5.34	33536
musste	5.34	33428
fünf	5.34	33424
wasser	5.34	33387
lässt	5.34	33377
erste	5.34	33254
versucht	5.34	33190
gekommen	5.34	33073
geschichte	5.34	33070
wenig	5.34	33015
holen	5.34	32820
bedeutet	5.33	32688
nett	5.33	32685
wahrheit	5.33	32627
woche	5.33	32543
bringt	5.33	32528
deshalb	5.33	32451
welche	5.33	32349
bestimmt	5.33	32232
hoch	5.33	32147
alter	5.33	32101
sagst	5.32	32048
schau	5.32	32038
ah	5.32	31832
land	5.32	31728
zimmer	5.32	31727
wagen	5.32	31434
vier	5.32	31390
gefallen	5.32	31368
spaß	5.32	31361
niemals	5.31	31303
schuld	5.31	31228
getötet	5.31	31223
wollten	5.31	31158
verlassen	5.31	31021
zeigen	5.31	30869
beste	5.31	30671
ernst	5.31	30649
unserer	5.31	30644
denen	5.30	30608
ort	5.30	30562
bleibt	5.30	30520
würdest	5.30	30516
manchmal	5.30	30500
glaubst	5.30	30407
seite	5.30	30345
lasst	5.30	30331
zwischen	5.30	30326
eben	5.30	30288
während	5.30	30284
spiel	5.30	30057
nehme	5.30	30019
ersten	5.30	29956
guter	5.30	29956
chance	5.29	29888
freundin	5.29	29850
krieg	5.29	29815
gefällt	5.29	29665
kleinen	5.29	29378
erzählen	5.29	29301
anderes	5.28	29170
tage	5.28	29111
entschuldigen	5.28	29089
wichtig	5.28	29007
gehst	5.28	28954
allen	5.28	28945
bett	5.28	28931
mrs.	5.28	28822
sachen	5.28	28679
the	5.28	28674
schlecht	5.27	28460
schule	5.27	28409
entschuldigung	5.27	28406
wort	5.27	28327
john	5.27	28291
hättest	5.27	28253
wären	5.27	28193
typ	5.27	27983
schlafen	5.27	27946
äh	5.26	27883
tu	5.26	27733
euer	5.26	27634
captain	5.26	27491
gesicht	5.26	27489
falls	5.26	27447
neuen	5.26	27364
bloß	5.25	27288
unten	5.25	27259
teil	5.25	27243
beiden	5.25	27228
mensch	5.25	27093
kleiner	5.25	27048
stellen	5.25	26821
oft	5.25	26820
sorge	5.25	26812
gedacht	5.25	26691
tust	5.24	26635
trinken	5.24	26484
einige	5.24	26477
dies	5.24	26436
ding	5.24	26389
unseren	5.24	26378
kriegen	5.24	26366
blut	5.24	26293
ehrlich	5.24	26290
eltern	5.24	26221
scheint	5.23	26026
herz	5.23	26008
jack	5.23	25967
glücklich	5.23	25915
alte	5.23	25827
alt	5.23	25682
bleib	5.23	25656
wiedersehen	5.23	25645
frei	5.23	25635
wen	5.23	25569
drauf	5.23	25564
möglich	5.22	25388
irgendwie	5.22	25378
reicht	5.22	25343
fest	5.22	25199
besten	5.22	25164
waffe	5.22	25140
kaum	5.22	25058
irgendwas	5.22	24950
klingt	5.22	24910
platz	5.21	24820
brauchst	5.21	24773
rede	5.21	24754
papa	5.21	24707
falsch	5.21	24701
sondern	5.21	24687
alten	5.21	24660
nummer	5.21	24641
früher	5.21	24599
jungen	5.21	24498
wohin	5.21	24373
außer	5.20	24306
früh	5.20	24189
setzen	5.20	24061
zuerst	5.20	24005
wahrscheinlich	5.20	23968
dürfen	5.20	23930
jede	5.20	23900
arsch	5.20	23823
telefon	5.19	23581
tue	5.19	23560
kennst	5.19	23541
willkommen	5.19	23375
plan	5.19	23291
großen	5.19	23269
retten	5.19	23258
hierher	5.19	23229
wär	5.18	23099
bring	5.18	23068
fehler	5.18	22947
wollt	5.18	22936
dollar	5.18	22913
zehn	5.18	22855
allem	5.18	22790
pass	5.18	22790
nächste	5.18	22714
stunde	5.17	22665
hände	5.17	22645
gegeben	5.17	22620
menge	5.17	22618
langsam	5.17	22581
bereits	5.17	22535
wartet	5.17	22512
sechs	5.17	22454
lieben	5.17	22407
meines	5.17	22280
büro	5.17	22253
nächsten	5.17	22247
gebe	5.17	22215
wochen	5.16	22080
ruf	5.16	21947
schaffen	5.16	21929
leider	5.16	21867
scheiß	5.16	21719
hölle	5.15	21656
trotzdem	5.15	21476
doktor	5.15	21392
tja	5.15	21330
new	5.15	21321
voll	5.15	21320
film	5.15	21254
überall	5.14	21161
hund	5.14	21146
geworden	5.14	21015
direkt	5.14	21011
wolltest	5.14	20973
tat	5.14	20923
denkt	5.14	20863
schiff	5.14	20825
neues	5.14	20814
wem	5.14	20802
könig	5.14	20785
danach	5.13	20649
funktioniert	5.13	20608
hattest	5.13	20582
lernen	5.13	20579
deswegen	5.13	20564
wow	5.13	20470
nennen	5.13	20467
hm	5.13	20416
feuer	5.13	20404
laufen	5.13	20390
alleine	5.13	20359
erinnern	5.13	20326
völlig	5.13	20317
kleines	5.13	20305
könnt	5.13	20255
stelle	5.12	20224
kumpel	5.12	20189
verlieren	5.12	20125
probleme	5.12	20116
spricht	5.12	20030
kaffee	5.12	19999
luft	5.12	19958
fand	5.12	19911
i	5.11	19718
entschuldige	5.11	19709
ziehen	5.11	19643
verschwinden	5.11	19631
könntest	5.11	19588
seht	5.11	19586
aufhören	5.11	19532
eigenen	5.11	19530
richtige	5.11	19499
unserem	5.11	19459
suche	5.11	19440
zwar	5.11	19381
groß	5.11	19362
hol	5.11	19339
buch	5.10	19306
krank	5.10	19265
fühle	5.10	19176
jedes	5.10	19154
verstehst	5.10	19139
wert	5.10	19128
arzt	5.10	19080
froh	5.10	19077
versuche	5.10	18964
straße	5.10	18963
rufen	5.10	18953
heiraten	5.10	18905
super	5.09	18808
sam	5.09	18717
lebt	5.09	18642
gutes	5.09	18638
lasse	5.09	18636
onkel	5.09	18581
total	5.09	18569
gebracht	5.09	18552
party	5.09	18531
erklären	5.09	18526
spielt	5.09	18526
wahl	5.09	18477
vertrauen	5.09	18459
damals	5.08	18434
tagen	5.08	18366
leicht	5.08	18358
nachdem	5.08	18300
gegangen	5.08	18296
gefühl	5.08	18285
kaufen	5.08	18278
geschafft	5.08	18271
typen	5.08	18217
interessiert	5.08	18211
möchten	5.08	18138
halte	5.08	18121
hält	5.08	18118
glaub	5.08	18114
irgendwo	5.08	18104
stück	5.08	18090
genauso	5.08	18069
kennt	5.07	17994
genommen	5.07	17993
zukunft	5.07	17963
weniger	5.07	17950
cool	5.07	17909
licht	5.07	17780
getroffen	5.07	17775
himmel	5.07	17755
nachricht	5.07	17710
drüben	5.07	17704
passt	5.07	17667
sagten	5.07	17649
kümmern	5.06	17618
laut	5.06	17612
vergiss	5.06	17602
angerufen	5.06	17582
sitzen	5.06	17556
daß	5.06	17517
erde	5.06	17474
großer	5.06	17433
schlüssel	5.06	17425
rest	5.06	17407
passieren	5.06	17383
eher	5.06	17329
gefragt	5.06	17247
gefängnis	5.05	17175
opfer	5.05	17150
körper	5.05	17147
solche	5.05	17138
mist	5.05	17132
mr	5.05	17083
findet	5.05	17000
schreiben	5.05	16942
böse	5.05	16940
gesprochen	5.05	16898
versuch	5.05	16884
vorstellen	5.04	16820
wovon	5.04	16791
sobald	5.04	16778
nochmal	5.04	16749
herren	5.04	16748
sex	5.04	16739
waffen	5.04	16732
wohnung	5.04	16722
weh	5.04	16694
heißen	5.04	16650
krankenhaus	5.04	16645
bringe	5.04	16621
höre	5.04	16609
millionen	5.04	16605
klasse	5.04	16595
hart	5.04	16572
worden	5.04	16568
sinn	5.04	16557
außerdem	5.04	16556
verletzt	5.04	16552
ändern	5.04	16487
erfahren	5.04	16462
tragen	5.03	16425
wenigstens	5.03	16418
vorsichtig	5.03	16349
daddy	5.03	16329
stolz	5.03	16247
stark	5.03	16208
fällt	5.03	16206
möchtest	5.03	16205
leuten	5.03	16172
besonders	5.03	16170
schöne	5.03	16144
schicken	5.03	16123
person	5.03	16074
schätze	5.02	16063
solange	5.02	16060
länger	5.02	15996
großartig	5.02	15979
lacht	5.02	15975
anrufen	5.02	15965
stand	5.02	15933
redest	5.02	15893
fühlen	5.02	15884
erwartet	5.02	15879
boden	5.02	15878
boss	5.02	15863
stimme	5.02	15843
glaubt	5.02	15840
still	5.02	15835
sicherheit	5.02	15829
setz	5.02	15786
ma	5.02	15762
mund	5.02	15761
kämpfen	5.01	15639
wisst	5.01	15636
lachen	5.01	15635
hörst	5.01	15623
zeug	5.01	15621
lustig	5.01	15572
umbringen	5.01	15552
sollst	5.01	15551
hasse	5.01	15536
schlimm	5.01	15521
o	5.01	15521
unglaublich	5.01	15444
wärst	5.01	15430
laden	5.01	15400
führen	5.01	15362
gestorben	5.01	15359
schauen	5.01	15350
meinung	5.00	15337
lesen	5.00	15312
mörder	5.00	15310
frank	5.00	15303
ähm	5.00	15268
geschehen	5.00	15259
geschäft	5.00	15254
idiot	5.00	15243
verzeihung	5.00	15194
fliegen	5.00	15169
zeig	5.00	15162
team	5.00	15159
general	5.00	15146
mike	5.00	15058
aufs	5.00	15026
york	5.00	15009
vorher	5.00	15005
schluss	5.00	15005
schneller	4.99	14990
liebt	4.99	14978
verdient	4.99	14961
mögen	4.99	14944
meisten	4.99	14891
denk	4.99	14888
umgebracht	4.99	14878
perfekt	4.99	14848
versprochen	4.99	14822
handy	4.99	14818
hinten	4.99	14804
monate	4.99	14786
erinnere	4.99	14769
acht	4.99	14757
arbeitet	4.99	14747
fallen	4.99	14704
rufe	4.99	14701
nötig	4.99	14694
a	4.99	14676
mord	4.99	14671
heraus	4.98	14613
tages	4.98	14578
unmöglich	4.98	14555
liebling	4.98	14521
charlie	4.98	14515
tatsächlich	4.98	14483
folgen	4.98	14452
bitten	4.98	14438
behalten	4.98	14372
nähe	4.98	14368
arbeite	4.98	14361
joe	4.98	14326
verdammte	4.98	14325
plötzlich	4.97	14269
lebens	4.97	14235
hole	4.97	14206
tisch	4.97	14201
michael	4.97	14165
hörte	4.97	14154
jemals	4.97	14154
liegen	4.97	14099
verkaufen	4.97	14061
gefährlich	4.97	14049
anfangen	4.97	14033
bekommt	4.97	14023
machte	4.96	13967
ha	4.96	13954
hotel	4.96	13914
hilft	4.96	13897
werdet	4.96	13891
meister	4.96	13869
kampf	4.96	13849
antwort	4.96	13848
konnten	4.96	13846
geschickt	4.96	13831
jedem	4.96	13818
obwohl	4.96	13796
sieben	4.96	13791
komisch	4.96	13783
gewinnen	4.96	13778
ihres	4.96	13762
bezahlt	4.96	13728
you	4.96	13710
voller	4.96	13701
unterwegs	4.96	13693
dumm	4.96	13687
ärger	4.96	13682
bild	4.96	13679
george	4.95	13673
neu	4.95	13659
bezahlen	4.95	13651
dagegen	4.95	13607
seien	4.95	13594
starb	4.95	13560
tom	4.95	13560
monaten	4.95	13557
leiche	4.95	13500
niemanden	4.95	13495
auge	4.95	13475
arschloch	4.95	13441
verheiratet	4.95	13411
peter	4.95	13405
zieh	4.95	13387
nimmt	4.95	13374
gerettet	4.94	13362
agent	4.94	13322
traum	4.94	13300
entscheidung	4.94	13275
schlimmer	4.94	13255
regeln	4.94	13246
fenster	4.94	13233
fangen	4.94	13232
fort	4.94	13175
ständig	4.94	13119
findest	4.94	13083
gefahr	4.94	13071
absolut	4.93	13045
mary	4.93	13042
augenblick	4.93	13032
bescheid	4.93	13023
rum	4.93	12996
gedanken	4.93	12995
werd	4.93	12947
ziel	4.93	12939
benutzt	4.93	12902
bewegung	4.93	12855
jemandem	4.93	12815
wünschte	4.93	12812
worte	4.93	12811
kamen	4.93	12804
welcher	4.93	12787
zahlen	4.93	12786
anfang	4.93	12784
legen	4.93	12779
erinnerst	4.92	12746
anwalt	4.92	12728
fahr	4.92	12721
sitzt	4.92	12675
hilf	4.92	12662
offen	4.92	12623
schönen	4.92	12585
monsieur	4.92	12579
müsste	4.92	12576
arme	4.92	12576
bier	4.92	12543
fürs	4.92	12485
partner	4.92	12484
klein	4.91	12473
david	4.91	12453
klappe	4.91	12451
süß	4.91	12416
herum	4.91	12404
finger	4.91	12399
ehe	4.91	12381
rolle	4.91	12375
ließ	4.91	12333
gleiche	4.91	12325
monat	4.91	12325
hochzeit	4.91	12310
max	4.91	12310
führt	4.91	12305
paris	4.91	12301
wach	4.91	12280
wozu	4.91	12270
arm	4.91	12247
geschrieben	4.91	12221
chef	4.91	12195
benutzen	4.91	12191
informationen	4.90	12168
erledigt	4.90	12166
hoffentlich	4.90	12163
müsst	4.90	12162
fühlt	4.90	12151
tanzen	4.90	12149
ansehen	4.90	12148
darfst	4.90	12146
zuhause	4.90	12137
wunderbar	4.90	12104
hältst	4.90	12043
reise	4.90	12030
gewonnen	4.90	12026
dame	4.90	12010
irgendwann	4.90	11991
chffffff	4.90	11990
alex	4.90	11988
steckt	4.90	11978
jedenfalls	4.90	11973
schreit	4.90	11962
tolle	4.90	11960
rüber	4.90	11953
tschüss	4.90	11927
nennt	4.90	11927
raum	4.89	11906
heiß	4.89	11903
foto	4.89	11901
kalt	4.89	11893
paul	4.89	11876
irgendetwas	4.89	11872
weile	4.89	11866
bisher	4.89	11864
minute	4.89	11833
unbedingt	4.89	11830
zug	4.89	11819
sekunden	4.89	11789
wofür	4.89	11771
erzähl	4.89	11759
nen	4.89	11732
beweise	4.89	11714
nahm	4.89	11707
aller	4.89	11704
freut	4.89	11693
seele	4.88	11638
schießen	4.88	11613
müde	4.88	11612
dauert	4.88	11606
magst	4.88	11603
harry	4.88	11596
brief	4.88	11573
gelernt	4.88	11562
sucht	4.88	11523
bekannt	4.88	11523
weitere	4.88	11505
unfall	4.88	11449
dahin	4.88	11442
kontrolle	4.88	11436
beispiel	4.88	11436
lady	4.88	11422
dasselbe	4.88	11414
herzen	4.88	11392
schlagen	4.88	11391
wütend	4.88	11387
weise	4.88	11381
damen	4.87	11371
darin	4.87	11359
gottes	4.87	11340
holt	4.87	11336
fehlt	4.87	11325
vorsicht	4.87	11286
heiße	4.87	11271
beweisen	4.87	11270
gehabt	4.87	11266
zumindest	4.87	11261
vermisst	4.87	11248
hübsch	4.87	11244
kriegt	4.87	11231
verbindung	4.87	11226
tief	4.87	11225
richtung	4.87	11223
lage	4.87	11222
sowieso	4.87	11215
kraft	4.87	11202
normal	4.87	11201
lauf	4.87	11188
ehre	4.87	11187
stell	4.87	11179
geschenk	4.87	11166
bar	4.87	11161
tasche	4.87	11149
gelesen	4.87	11141
gekauft	4.87	11123
wussten	4.87	11118
gestohlen	4.86	11108
hunger	4.86	11083
leg	4.86	11081
lügen	4.86	11069
beziehung	4.86	11054
ben	4.86	11045
verschwunden	4.86	11033
steh	4.86	10978
nächstes	4.86	10971
gearbeitet	4.86	10961
preis	4.86	10954
witz	4.86	10935
meinte	4.86	10934
liste	4.86	10890
geist	4.86	10882
neben	4.86	10880
gesucht	4.86	10874
firma	4.86	10871
süße	4.86	10869
rücken	4.85	10852
schrecklich	4.85	10850
letzter	4.85	10837
verliebt	4.85	10825
öffnen	4.85	10809
redet	4.85	10804
boot	4.85	10787
seltsam	4.85	10778
versteckt	4.85	10773
fürchte	4.85	10771
verschwinde	4.85	10769
erwischt	4.85	10767
verkauft	4.85	10764
tante	4.85	10757
erwarten	4.85	10755
pferd	4.85	10723
wunder	4.85	10720
sauer	4.85	10704
vermutlich	4.85	10690
näher	4.85	10689
major	4.85	10686
jung	4.85	10671
majestät	4.85	10660
aussehen	4.85	10647
ans	4.85	10646
de	4.85	10624
and	4.85	10618
links	4.84	10601
großes	4.84	10593
welches	4.84	10579
beschützen	4.84	10577
geboren	4.84	10558
erreichen	4.84	10556
punkt	4.84	10553
kindern	4.84	10540
kirche	4.84	10507
verraten	4.84	10465
selber	4.84	10450
befehl	4.84	10449
colonel	4.84	10446
fährt	4.84	10441
zieht	4.84	10418
geburtstag	4.84	10417
haut	4.84	10413
wette	4.84	10412
reich	4.84	10412
sekunde	4.84	10410
fahre	4.84	10409
schwöre	4.84	10398
geredet	4.84	10392
james	4.84	10388
madame	4.84	10377
eigene	4.83	10375
zeiten	4.83	10374
traurig	4.83	10364
anruf	4.83	10355
nachrichten	4.83	10341
frieden	4.83	10335
karte	4.83	10309
güte	4.83	10288
euren	4.83	10288
diesmal	4.83	10282
schade	4.83	10280
persönlich	4.83	10269
kriege	4.83	10237
stirbt	4.83	10218
bleibe	4.83	10159
verändert	4.83	10158
sonne	4.83	10157
lieb	4.83	10154
nämlich	4.83	10147
letztes	4.83	10140
bekam	4.82	10138
ruft	4.82	10127
professor	4.82	10089
gericht	4.82	10088
nase	4.82	10079
ewig	4.82	10062
singen	4.82	10060
bank	4.82	10059
beschäftigt	4.82	10058
computer	4.82	10052
yeah	4.82	10043
toten	4.82	10039
weihnachten	4.82	10033
offensichtlich	4.82	9998
naja	4.82	9996
henry	4.82	9995
gefühle	4.82	9980
fuß	4.82	9974
show	4.82	9970
überraschung	4.82	9952
geheimnis	4.82	9948
fbi	4.82	9947
kontakt	4.81	9905
gold	4.81	9897
drogen	4.81	9889
regierung	4.81	9883
wein	4.81	9882
kriegst	4.81	9878
ermordet	4.81	9850
fotos	4.81	9850
entfernt	4.81	9841
geschlafen	4.81	9823
manche	4.81	9800
erledigen	4.81	9796
ran	4.81	9783
gegenüber	4.81	9781
schlaf	4.81	9777
lust	4.81	9773
wunderschön	4.81	9769
witzig	4.81	9766
nick	4.81	9757
zerstört	4.81	9755
übrigens	4.81	9753
willen	4.81	9752
heim	4.81	9704
richtigen	4.81	9700
deines	4.80	9680
namens	4.80	9665
zeigt	4.80	9663
geliebt	4.80	9662
gehören	4.80	9662
brachte	4.80	9647
herrn	4.80	9640
blick	4.80	9627
besuch	4.80	9624
schlechte	4.80	9581
bewegen	4.80	9579
haare	4.80	9576
antworten	4.80	9575
präsident	4.80	9569
sagtest	4.80	9558
hoffnung	4.80	9525
stecken	4.80	9516
lebe	4.80	9514
rechts	4.80	9509
interessant	4.80	9500
entscheiden	4.80	9490
miteinander	4.80	9474
meint	4.80	9471
liebst	4.80	9465
indem	4.79	9458
bleibst	4.79	9447
kümmere	4.79	9445
wohnen	4.79	9440
weder	4.79	9435
möglichkeit	4.79	9434
kaputt	4.79	9429
bekomme	4.79	9421
flugzeug	4.79	9419
vergangenheit	4.79	9406
anderer	4.79	9405
zweite	4.79	9403
armee	4.79	9395
jim	4.79	9391
tee	4.79	9380
entweder	4.79	9358
weiss	4.79	9337
don	4.79	9335
detective	4.79	9333
aufhalten	4.79	9329
stellt	4.79	9325
verspreche	4.79	9304
überrascht	4.79	9304
sauber	4.79	9286
hau	4.79	9269
mark	4.78	9243
schlag	4.78	9240
sheriff	4.78	9233
untertitel	4.78	9224
setzt	4.78	9222
frag	4.78	9220
vaters	4.78	9219
nervös	4.78	9217
gesellschaft	4.78	9216
verstecken	4.78	9212
schuldig	4.78	9210
hals	4.78	9204
schützen	4.78	9195
besuchen	4.78	9177
of	4.78	9163
passen	4.78	9150
überleben	4.78	9139
erhalten	4.78	9136
teilen	4.78	9104
gebäude	4.78	9086
schicksal	4.78	9078
zeichen	4.78	9068
richter	4.78	9061
besorgt	4.78	9058
küche	4.78	9052
lief	4.78	9047
vergnügen	4.77	9016
wüsste	4.77	9010
volk	4.77	9006
lhr	4.77	8998
herausfinden	4.77	8989
königin	4.77	8987
soldaten	4.77	8981
feiern	4.77	8969
situation	4.77	8967
lag	4.77	8967
gelassen	4.77	8959
allerdings	4.77	8953
soweit	4.77	8928
gefahren	4.77	8919
verstand	4.77	8919
bord	4.77	8915
schönes	4.77	8905
jimmy	4.77	8905
billy	4.77	8897
angefangen	4.77	8893
lee	4.77	8856
fühlst	4.77	8854
bob	4.77	8852
mussten	4.77	8848
rat	4.77	8842
worauf	4.77	8837
gebeten	4.77	8836
tony	4.77	8834
kamera	4.76	8821
achtung	4.76	8811
lieutenant	4.76	8811
ganzes	4.76	8804
schuhe	4.76	8795
sarah	4.76	8781
glückwunsch	4.76	8778
niemandem	4.76	8778
gibst	4.76	8777
statt	4.76	8774
übernehmen	4.76	8774
gegend	4.76	8754
wald	4.76	8752
al	4.76	8751
la	4.76	8742
nimmst	4.76	8729
danny	4.76	8723
erkennen	4.76	8717
glas	4.76	8710
falsche	4.76	8704
verantwortlich	4.76	8704
jesus	4.76	8675
stöhnt	4.76	8675
herein	4.76	8674
kleid	4.76	8663
zerstören	4.76	8648
jawohl	4.76	8647
london	4.76	8643
gegessen	4.76	8640
abendessen	4.75	8629
gesetz	4.75	8620
gemeinsam	4.75	8615
geholfen	4.75	8597
erster	4.75	8595
wohnt	4.75	8591
schritt	4.75	8587
guck	4.75	8577
nahe	4.75	8576
aussieht	4.75	8574
beginnen	4.75	8570
dachten	4.75	8570
band	4.75	8567
ungefähr	4.75	8567
aufgabe	4.75	8559
neun	4.75	8548
furchtbar	4.75	8547
drinnen	4.75	8545
zuvor	4.75	8539
charles	4.75	8532
freue	4.75	8531
amerika	4.75	8518
übrig	4.75	8515
spur	4.75	8508
falschen	4.75	8507
sergeant	4.75	8499
melden	4.75	8495
helfe	4.75	8477
werfen	4.75	8465
bill	4.75	8461
haltet	4.75	8448
erinnert	4.75	8447
hängt	4.75	8442
freude	4.75	8440
ehemann	4.74	8432
erschossen	4.74	8431
verzeihen	4.74	8424
schwein	4.74	8424
uh	4.74	8414
monster	4.74	8409
entschieden	4.74	8408
mission	4.74	8408
verdammten	4.74	8398
brauch	4.74	8391
gewusst	4.74	8376
vorne	4.74	8371
stopp	4.74	8367
übel	4.74	8362
schlampe	4.74	8361
schöner	4.74	8358
adresse	4.74	8356
unsinn	4.74	8340
messer	4.74	8335
gesund	4.74	8331
respekt	4.74	8328
pro	4.74	8322
leisten	4.74	8316
davor	4.74	8303
richard	4.74	8271
bedeuten	4.74	8264
ball	4.74	8258
mitnehmen	4.74	8256
gespielt	4.74	8254
to	4.74	8246
schwierigkeiten	4.73	8238
hälfte	4.73	8236
kannte	4.73	8202
stehe	4.73	8191
maria	4.73	8178
planeten	4.73	8169
schwanger	4.73	8156
gruppe	4.73	8153
anna	4.73	8151
verhaftet	4.73	8118
deal	4.73	8098
seines	4.73	8098
irgendwelche	4.73	8096
händen	4.73	8094
versteht	4.73	8093
drehen	4.73	8083
eis	4.73	8082
danken	4.73	8074
erfolg	4.73	8064
zufrieden	4.73	8061
schließen	4.73	8059
besorgen	4.73	8059
wochenende	4.72	8041
worüber	4.72	8041
stimmen	4.72	8028
nehmt	4.72	8027
martin	4.72	8025
m	4.72	8016
witze	4.72	8010
beine	4.72	8009
verbrechen	4.72	8009
bericht	4.72	8007
nachts	4.72	7964
eurer	4.72	7961
prinzessin	4.72	7960
schmerz	4.72	7959
klingelt	4.72	7959
position	4.72	7947
echte	4.72	7942
gleichen	4.72	7932
fernsehen	4.72	7915
wünsche	4.72	7912
schließlich	4.72	7900
gefangen	4.72	7896
schätzchen	4.72	7887
seh	4.72	7880
schwierig	4.72	7876
angebot	4.72	7873
nah	4.71	7865
jane	4.71	7863
gewartet	4.71	7860
kümmert	4.71	7850
ring	4.71	7839
rennen	4.71	7835
lied	4.71	7827
eier	4.71	7821
welchen	4.71	7812
sorry	4.71	7812
fantastisch	4.71	7805
schaut	4.71	7797
hielt	4.71	7787
falle	4.71	7786
drink	4.71	7784
insel	4.71	7781
dauern	4.71	7776
daher	4.71	7771
zufällig	4.71	7739
dorf	4.71	7729
clark	4.71	7724
bewegt	4.71	7722
mitten	4.71	7708
bullen	4.71	7703
feind	4.71	7701
einverstanden	4.70	7685
neuer	4.70	7682
bauen	4.70	7681
trägt	4.70	7679
hängen	4.70	7677
freunden	4.70	7665
deren	4.70	7663
halb	4.70	7659
verpasst	4.70	7653
sprach	4.70	7653
leise	4.70	7651
armen	4.70	7639
wusstest	4.70	7637
fanden	4.70	7635
unternehmen	4.70	7630
träume	4.70	7609
schläft	4.70	7602
kostet	4.70	7589
spiele	4.70	7587
unseres	4.70	7568
entlang	4.70	7566
johnny	4.70	7562
versprechen	4.70	7561
tiere	4.70	7546
freiheit	4.70	7525
verdienen	4.70	7519
aha	4.69	7512
unterhalten	4.69	7512
eingeladen	4.69	7500
schaden	4.69	7496
genannt	4.69	7481
beenden	4.69	7477
ray	4.69	7470
geändert	4.69	7461
thomas	4.69	7456
lächerlich	4.69	7452
geschlagen	4.69	7452
park	4.69	7448
schätzen	4.69	7440
männern	4.69	7438
t	4.69	7434
beginnt	4.69	7430
ehren	4.69	7429
größte	4.69	7426
energie	4.69	7412
fleisch	4.69	7407
besonderes	4.69	7400
besteht	4.69	7397
reichen	4.69	7396
robert	4.69	7383
zeitung	4.69	7361
worum	4.69	7357
nachgedacht	4.69	7351
betrunken	4.69	7350
sowas	4.68	7343
patienten	4.68	7342
gespräch	4.68	7342
leiden	4.68	7334
taxi	4.68	7317
tötet	4.68	7312
see	4.68	7311
unterschied	4.68	7311
wind	4.68	7286
singt	4.68	7283
schreien	4.68	7274
daniel	4.68	7272
sahen	4.68	7272
wand	4.68	7256
bus	4.68	7253
lhre	4.68	7252
angriff	4.68	7251
verhalten	4.68	7247
loch	4.68	7238
interesse	4.68	7235
treten	4.68	7234
quatsch	4.68	7233
trifft	4.68	7227
polizist	4.68	7224
blumen	4.68	7218
neuigkeiten	4.68	7217
bringst	4.68	7217
flasche	4.68	7206
rief	4.68	7203
schuss	4.68	7198
fassen	4.68	7193
meer	4.68	7188
konntest	4.68	7182
schafft	4.68	7180
maschine	4.68	7180
spreche	4.68	7178
bein	4.67	7174
eddie	4.67	7172
bekommst	4.67	7169
verbringen	4.67	7162
bücher	4.67	7147
blöd	4.67	7125
frühstück	4.67	7121
tommy	4.67	7118
meter	4.67	7111
bilder	4.67	7096
aufpassen	4.67	7091
claire	4.67	7090
dessen	4.67	7082
muß	4.67	7080
freuen	4.67	7063
engel	4.67	7061
offenbar	4.67	7061
gelegenheit	4.67	7056
fang	4.67	7047
lüge	4.67	7045
ohren	4.67	7042
au	4.67	7042
angetan	4.67	7039
beeil	4.67	7037
brechen	4.67	7037
brüder	4.67	7035
zeitpunkt	4.67	7024
keinem	4.67	7023
ecke	4.67	7019
brücke	4.66	7012
druck	4.66	7000
mitgebracht	4.66	6997
seufzt	4.66	6997
date	4.66	6993
haufen	4.66	6986
oma	4.66	6985
auftrag	4.66	6980
leer	4.66	6968
entkommen	4.66	6965
bobby	4.66	6960
weißen	4.66	6960
lösung	4.66	6951
wart	4.66	6933
pause	4.66	6929
irre	4.66	6929
gestellt	4.66	6927
keller	4.66	6922
gebrochen	4.66	6915
weinen	4.66	6915
nutzen	4.66	6904
wünschen	4.66	6903
fragt	4.66	6899
maul	4.66	6899
verantwortung	4.66	6897
schloss	4.66	6891
hut	4.66	6882
lächeln	4.66	6881
ryan	4.66	6876
red	4.66	6864
grad	4.65	6853
zweiten	4.65	6849
hinaus	4.65	6848
mitkommen	4.65	6842
vorhin	4.65	6840
fahrt	4.65	6833
gemeint	4.65	6830
ernsthaft	4.65	6828
gebaut	4.65	6826
bombe	4.65	6816
hasst	4.65	6804
versteh	4.65	6793
kosten	4.65	6786
zeige	4.65	6779
traf	4.65	6778
eigenes	4.65	6771
haar	4.65	6763
fragte	4.65	6757
jason	4.65	6753
operation	4.65	6736
befehle	4.65	6735
schmerzen	4.65	6728
erklärt	4.65	6727
steve	4.65	6726
dach	4.65	6713
folge	4.65	6711
gelaufen	4.65	6702
schwarze	4.65	6699
dankbar	4.64	6689
gehirn	4.64	6685
töte	4.64	6681
mädels	4.64	6680
mut	4.64	6674
heilige	4.64	6656
laura	4.64	6654
tier	4.64	6653
system	4.64	6648
mannes	4.64	6640
wahnsinn	4.64	6639
nee	4.64	6634
rose	4.64	6632
club	4.64	6628
geschlossen	4.64	6616
hintern	4.64	6614
is	4.64	6607
thema	4.64	6606
fiel	4.64	6603
gehalten	4.64	6595
dorthin	4.64	6582
urlaub	4.64	6564
steig	4.64	6562
vorwärts	4.64	6562
überprüfen	4.64	6561
besseres	4.64	6556
beweis	4.64	6554
baum	4.63	6544
gebt	4.63	6543
funktionieren	4.63	6541
anscheinend	4.63	6532
lehrer	4.63	6528
hoffen	4.63	6526
bessere	4.63	6503
isst	4.63	6498
nachmittag	4.63	6492
nem	4.63	6491
risiko	4.63	6482
chuck	4.63	6479
knast	4.63	6476
entschuldigt	4.63	6467
gilt	4.63	6460
held	4.63	6458
daraus	4.63	6456
erstes	4.63	6444
fräulein	4.63	6438
rachel	4.63	6434
prima	4.63	6417
brauchte	4.63	6401
gewalt	4.63	6401
dean	4.63	6400
liebes	4.63	6399
schaffst	4.62	6397
nachdenken	4.62	6396
tor	4.62	6382
erfahrung	4.62	6381
pläne	4.62	6381
jagen	4.62	6380
katze	4.62	6377
runde	4.62	6377
deutsche	4.62	6370
schwanz	4.62	6369
taten	4.62	6365
lord	4.62	6360
dringend	4.62	6359
commander	4.62	6353
großvater	4.62	6351
sommer	4.62	6351
gezeigt	4.62	6347
hinterlassen	4.62	6347
gewissen	4.62	6346
getrunken	4.62	6343
wahre	4.62	6332
luke	4.62	6328
kunden	4.62	6326
kate	4.62	6318
zeugen	4.62	6316
geplant	4.62	6314
amanda	4.62	6306
erreicht	4.62	6303
stören	4.62	6302
stein	4.62	6301
atmen	4.62	6291
hose	4.62	6273
weiße	4.62	6272
sprichst	4.62	6271
größer	4.62	6270
schickt	4.62	6270
city	4.62	6265
prinz	4.62	6260
behandelt	4.62	6252
tote	4.61	6250
überlegen	4.61	6249
karten	4.61	6233
it	4.61	6233
d	4.61	6228
restaurant	4.61	6223
welchem	4.61	6222
roger	4.61	6221
natur	4.61	6219
carter	4.61	6213
emily	4.61	6207
mami	4.61	6206
verschwindet	4.61	6205
lautet	4.61	6200
streit	4.61	6196
küssen	4.61	6196
sprich	4.61	6192
längst	4.61	6189
fängt	4.61	6182
drüber	4.61	6179
gingen	4.61	6177
erlaubt	4.61	6177
einzigen	4.61	6156
bad	4.61	6155
schmeckt	4.61	6154
kugel	4.61	6146
normalerweise	4.61	6143
schwarzen	4.61	6141
rauf	4.61	6137
flug	4.61	6126
beruhigen	4.61	6122
walter	4.61	6118
halbe	4.60	6108
dan	4.60	6106
geschieht	4.60	6101
einiges	4.60	6100
entdeckt	4.60	6097
morgens	4.60	6094
schlechter	4.60	6092
vollkommen	4.60	6082
gelogen	4.60	6081
verfolgt	4.60	6078
college	4.60	6070
weiteren	4.60	6070
chris	4.60	6067
louis	4.60	6065
eh	4.60	6062
schwert	4.60	6060
hunde	4.60	6059
steigen	4.60	6057
verdammter	4.60	6057
dürfte	4.60	6051
riecht	4.60	6050
labor	4.60	6049
bat	4.60	6047
tim	4.60	6041
arthur	4.60	6041
mindestens	4.60	6041
fisch	4.60	6038
eurem	4.60	6037
füße	4.60	6035
stehst	4.60	6021
erschießen	4.60	6009
kuchen	4.60	6004
versuchte	4.60	6004
zustand	4.60	6003
wunsch	4.60	5993
gäste	4.60	5990
erwähnt	4.60	5988
farbe	4.60	5988
van	4.60	5986
einigen	4.60	5985
zufall	4.60	5983
garten	4.60	5983
junger	4.60	5983
autos	4.60	5981
abgesehen	4.60	5981
fair	4.60	5977
vertraut	4.59	5962
koffer	4.59	5956
hieß	4.59	5955
kurs	4.59	5950
wirkt	4.59	5950
idioten	4.59	5948
netter	4.59	5946
seitdem	4.59	5946
angegriffen	4.59	5945
geschichten	4.59	5943
wahnsinnig	4.59	5940
ähnlich	4.59	5939
lily	4.59	5937
aufgeben	4.59	5927
england	4.59	5919
entführt	4.59	5917
ms.	4.59	5915
mistkerl	4.59	5913
solchen	4.59	5903
ner	4.59	5901
geschossen	4.59	5901
lager	4.59	5900
besprechen	4.59	5897
reihe	4.59	5895
polizisten	4.59	5893
vogel	4.59	5892
legt	4.59	5875
strand	4.59	5873
amerikaner	4.59	5869
schwarz	4.59	5861
fern	4.59	5852
fick	4.59	5851
scherz	4.59	5844
san	4.59	5844
erzählte	4.59	5842
wichser	4.59	5836
jake	4.59	5835
langweilig	4.58	5820
womit	4.58	5817
geschäfte	4.58	5808
my	4.58	5807
kapiert	4.58	5806
nachher	4.58	5797
verlangt	4.58	5797
schlägt	4.58	5796
überzeugt	4.58	5788
irgendjemand	4.58	5785
rot	4.58	5784
soldat	4.58	5782
vorbereitet	4.58	5777
geschah	4.58	5771
reisen	4.58	5767
termin	4.58	5765
gang	4.58	5761
stehlen	4.58	5760
rechte	4.58	5760
rache	4.58	5751
bemerkt	4.58	5750
frankreich	4.58	5746
stört	4.58	5745
radio	4.58	5740
beruhige	4.58	5737
pferde	4.58	5731
vertrag	4.58	5730
arbeitest	4.58	5728
dienst	4.58	5727
zählt	4.58	5727
fragst	4.58	5723
wesen	4.58	5722
bürgermeister	4.58	5720
emma	4.58	5716
fluss	4.58	5711
woran	4.58	5711
geblieben	4.58	5711
durcheinander	4.58	5705
me	4.58	5702
ted	4.57	5700
nette	4.57	5690
test	4.57	5689
mister	4.57	5688
dadurch	4.57	5673
direktor	4.57	5671
wichtiger	4.57	5665
kevin	4.57	5662
scott	4.57	5658
karriere	4.57	5655
akte	4.57	5633
erinnerung	4.57	5621
großmutter	4.57	5603
erzähle	4.57	5600
lösen	4.57	5597
bravo	4.57	5590
griff	4.57	5585
verfolgen	4.57	5581
zweifel	4.57	5581
such	4.57	5579
sprache	4.57	5579
nerven	4.57	5577
officer	4.57	5576
andy	4.57	5575
langer	4.57	5575
ziehe	4.56	5563
entlassen	4.56	5562
zweimal	4.56	5559
abholen	4.56	5556
washington	4.56	5547
kollegen	4.56	5546
doc	4.56	5543
fass	4.56	5538
szene	4.56	5525
robin	4.56	5524
scheinen	4.56	5502
bösen	4.56	5500
schaffe	4.56	5490
pflicht	4.56	5489
wache	4.56	5485
neulich	4.56	5484
beeilen	4.56	5483
knie	4.56	5483
alice	4.56	5480
lauter	4.56	5471
spannende	4.56	5470
unschuldig	4.56	5469
folgt	4.56	5464
schutz	4.56	5464
weshalb	4.56	5463
geheiratet	4.56	5458
woanders	4.56	5450
wurdest	4.56	5449
kuss	4.56	5447
verhindern	4.55	5445
erklärung	4.55	5444
video	4.55	5444
rom	4.55	5441
klug	4.55	5435
kräfte	4.55	5432
verlangen	4.55	5428
außerhalb	4.55	5424
opa	4.55	5423
selbstverständlich	4.55	5421
aufstehen	4.55	5420
hassen	4.55	5417
pete	4.55	5416
gebrauchen	4.55	5414
geglaubt	4.55	5409
milch	4.55	5406
trink	4.55	5405
gefeuert	4.55	5404
erinnerungen	4.55	5399
müssten	4.55	5398
suchst	4.55	5395
fährst	4.55	5379
kochen	4.55	5378
schwach	4.55	5368
schreibt	4.55	5364
schulden	4.55	5344
hinein	4.55	5343
simon	4.55	5332
grenze	4.55	5327
braut	4.54	5319
gebraucht	4.54	5319
peinlich	4.54	5311
klappt	4.54	5302
geheimnisse	4.54	5301
joey	4.54	5299
aufmerksamkeit	4.54	5297
form	4.54	5293
umsonst	4.54	5283
kennenzulernen	4.54	5277
überlebt	4.54	5274
nirgendwo	4.54	5268
meilen	4.54	5260
einfacher	4.54	5260
blöde	4.54	5259
mond	4.54	5253
ergibt	4.54	5251
daten	4.54	5246
merken	4.54	5240
schande	4.54	5235
fuck	4.54	5233
fühlte	4.54	5231
jenny	4.54	5231
sieg	4.54	5231
satt	4.54	5229
blödsinn	4.54	5227
adam	4.54	5226
lisa	4.54	5226
pfund	4.54	5223
handeln	4.54	5222
lois	4.54	5221
enden	4.54	5221
warm	4.54	5215
raten	4.54	5212
übersetzung	4.54	5207
kunst	4.54	5207
kapitän	4.54	5200
desto	4.54	5200
einsatz	4.53	5197
schweigen	4.53	5195
krankheit	4.53	5193
toller	4.53	5189
schatten	4.53	5188
wachen	4.53	5187
tatsache	4.53	5181
eric	4.53	5179
stock	4.53	5178
chief	4.53	5176
hingehen	4.53	5172
verboten	4.53	5167
gäbe	4.53	5165
anzug	4.53	5163
leichen	4.53	5162
high	4.53	5155
beendet	4.53	5153
freitag	4.53	5148
million	4.53	5143
verflucht	4.53	5136
dunkel	4.53	5134
geb	4.53	5126
enttäuscht	4.53	5125
klopfen	4.53	5125
spuren	4.53	5124
dreck	4.53	5120
seiten	4.53	5118
mühe	4.53	5114
gezogen	4.53	5113
brian	4.53	5109
kontrollieren	4.53	5107
knochen	4.53	5104
schick	4.53	5102
getrennt	4.53	5101
programm	4.53	5099
grab	4.53	5097
ebenso	4.53	5095
trage	4.53	5095
nachbarn	4.53	5091
bieten	4.53	5090
bestes	4.53	5085
elizabeth	4.53	5084
fuhr	4.53	5082
verlässt	4.52	5077
freundlich	4.52	5073
dennoch	4.52	5072
rauchen	4.52	5072
dick	4.52	5066
stuhl	4.52	5062
dreh	4.52	5061
bester	4.52	5061
schicke	4.52	5059
vergeben	4.52	5058
ausgehen	4.52	5058
behandeln	4.52	5058
trotz	4.52	5054
gast	4.52	5053
ändert	4.52	5052
passierte	4.52	5052
toilette	4.52	5043
annehmen	4.52	5041
herzlichen	4.52	5039
hexe	4.52	5039
erwachsen	4.52	5037
jerry	4.52	5016
pistole	4.52	5014
saß	4.52	5013
dreht	4.52	5012
aussage	4.52	5010
liebte	4.52	5006
street	4.52	5006
genießen	4.52	5006
eifersüchtig	4.52	5002
derjenige	4.52	5001
teuer	4.52	4999
leo	4.52	4999
zähne	4.52	4991
beobachtet	4.52	4988
gentlemen	4.52	4986
wählen	4.52	4986
helft	4.52	4985
fliegt	4.52	4983
theater	4.52	4982
regen	4.52	4981
feinde	4.52	4981
william	4.52	4979
erlauben	4.52	4975
zulassen	4.52	4971
schnappen	4.51	4962
komplett	4.51	4962
panik	4.51	4961
flughafen	4.51	4960
bewusst	4.51	4958
deutschen	4.51	4958
voraus	4.51	4953
sterbe	4.51	4948
solltet	4.51	4941
begleiten	4.51	4940
einander	4.51	4935
fred	4.51	4935
erlebt	4.51	4934
weiterhin	4.51	4925
stärker	4.51	4922
fahrer	4.51	4921
konzentrieren	4.51	4919
streiten	4.51	4918
angeht	4.51	4917
selben	4.51	4914
star	4.51	4912
überzeugen	4.51	4906
alkohol	4.51	4903
übersetzt	4.51	4903
verrückte	4.51	4902
lch	4.51	4902
king	4.51	4902
begann	4.51	4898
angenommen	4.51	4897
weitermachen	4.51	4895
echter	4.51	4888
jackson	4.51	4876
post	4.51	4873
mitgenommen	4.51	4872
botschaft	4.51	4872
ideen	4.51	4870
fehlen	4.51	4868
aufgeregt	4.51	4868
selbstmord	4.51	4866
dumme	4.51	4866
zurückkommen	4.51	4859
irgendein	4.51	4858
magie	4.51	4855
phil	4.51	4855
schlage	4.51	4854
handelt	4.51	4853
treffe	4.50	4846
untersuchen	4.50	4846
flucht	4.50	4844
verliert	4.50	4841
irgendeine	4.50	4839
gegenteil	4.50	4837
betrifft	4.50	4837
scharf	4.50	4834
gehofft	4.50	4831
kennengelernt	4.50	4831
schlimmste	4.50	4824
projekt	4.50	4819
trottel	4.50	4819
immerhin	4.50	4813
mehrere	4.50	4811
erwarte	4.50	4809
mochte	4.50	4808
schwimmen	4.50	4805
zählen	4.50	4804
innerhalb	4.50	4801
matt	4.50	4801
blind	4.50	4799
schwestern	4.50	4797
code	4.50	4794
alan	4.50	4794
schlau	4.50	4792
absicht	4.50	4789
barry	4.50	4787
spielst	4.50	4782
zuletzt	4.50	4780
oliver	4.50	4779
art.	4.50	4779
englisch	4.50	4778
ohr	4.50	4773
verletzen	4.50	4772
song	4.50	4766
schüler	4.50	4763
schien	4.50	4762
gewinnt	4.50	4761
älter	4.50	4757
merkwürdig	4.50	4756
judy	4.50	4756
vermisse	4.50	4756
größe	4.50	4754
tritt	4.50	4751
trauen	4.50	4748
präsidenten	4.50	4746
trick	4.50	4745
harvey	4.50	4744
doug	4.49	4742
roten	4.49	4739
überlegt	4.49	4736
größten	4.49	4734
sonntag	4.49	4733
zwölf	4.49	4730
vorstellung	4.49	4728
schrieb	4.49	4723
reinkommen	4.49	4723
killer	4.49	4722
unterstützung	4.49	4721
antun	4.49	4721
rechnung	4.49	4719
dieselbe	4.49	4718
verändern	4.49	4711
möglicherweise	4.49	4709
definitiv	4.49	4707
locker	4.49	4705
ed	4.49	4703
vincent	4.49	4702
ums	4.49	4700
abends	4.49	4696
frisch	4.49	4694
kohle	4.49	4689
fing	4.49	4689
hure	4.49	4686
cousin	4.49	4685
familien	4.49	4685
einsam	4.49	4683
lebendig	4.49	4681
heiligen	4.49	4677
knapp	4.49	4675
ebenfalls	4.49	4672
überprüft	4.49	4671
artikel	4.49	4670
gesetzt	4.49	4669
jederzeit	4.49	4662
kompliziert	4.49	4661
spüren	4.49	4652
signal	4.49	4652
amy	4.49	4651
stich	4.49	4650
kino	4.49	4643
probieren	4.49	4642
tode	4.49	4640
wundervoll	4.49	4639
tanz	4.49	4638
geöffnet	4.49	4638
kerle	4.49	4635
begraben	4.48	4631
prozent	4.48	4629
stoppen	4.48	4626
hoheit	4.48	4622
riesen	4.48	4619
rote	4.48	4610
zugang	4.48	4610
liest	4.48	4602
vorn	4.48	4601
wichtige	4.48	4600
aufmachen	4.48	4596
kelly	4.48	4596
sexy	4.48	4595
erlaubnis	4.48	4592
grace	4.48	4591
big	4.48	4587
story	4.48	4583
madam	4.48	4581
leichter	4.48	4568
halben	4.48	4567
filme	4.48	4567
priester	4.48	4563
herauszufinden	4.48	4562
packen	4.48	4561
dritte	4.48	4559
inzwischen	4.48	4557
larry	4.48	4551
presse	4.48	4548
sitze	4.48	4548
machten	4.48	4547
geklaut	4.48	4546
helden	4.48	4543
susan	4.48	4541
geduld	4.48	4537
bühne	4.48	4537
reparieren	4.48	4535
hä	4.48	4531
usa	4.47	4525
gerechtigkeit	4.47	4524
fälle	4.47	4519
selten	4.47	4519
anrufe	4.47	4518
unterschreiben	4.47	4517
julia	4.47	4516
drücken	4.47	4513
mrs	4.47	4511
lügner	4.47	4508
endet	4.47	4503
dave	4.47	4502
medizin	4.47	4502
schreibe	4.47	4502
verhaften	4.47	4500
prozess	4.47	4499
samstag	4.47	4494
amen	4.47	4491
motor	4.47	4486
marie	4.47	4485
abhauen	4.47	4482
chaos	4.47	4482
schönheit	4.47	4482
beinahe	4.47	4471
lebst	4.47	4468
tolles	4.47	4466
anhalten	4.47	4466
fremden	4.47	4463
hof	4.47	4463
akzeptieren	4.47	4462
norden	4.47	4457
ärzte	4.47	4455
anziehen	4.47	4454
dingen	4.47	4454
umgehen	4.47	4453
bauch	4.47	4452
gesamte	4.47	4449
hübsche	4.47	4449
ertragen	4.47	4448
kiste	4.47	4445
brennt	4.47	4443
teile	4.47	4443
deckung	4.47	4439
landen	4.47	4433
berg	4.47	4430
straßen	4.47	4429
aufgenommen	4.47	4427
gerufen	4.47	4427
untersuchung	4.46	4422
alarm	4.46	4422
blieb	4.46	4419
vertraue	4.46	4410
extra	4.46	4409
entspann	4.46	4409
beobachten	4.46	4408
eindruck	4.46	4406
tschüs	4.46	4402
babys	4.46	4399
wehtun	4.46	4396
zog	4.46	4392
iss	4.46	4392
herrgott	4.46	4388
echten	4.46	4385
springen	4.46	4381
nackt	4.46	4377
existiert	4.46	4375
befreien	4.46	4375
gerät	4.46	4375
montag	4.46	4364
gezwungen	4.46	4364
perfekte	4.46	4364
erzählst	4.46	4363
bastard	4.46	4362
interessieren	4.46	4357
schlechten	4.46	4355
hank	4.46	4355
steigt	4.46	4354
st.	4.46	4353
on	4.46	4352
carl	4.46	4341
gekriegt	4.46	4340
fliehen	4.46	4340
trug	4.46	4335
freundschaft	4.46	4334
rate	4.46	4331
papiere	4.46	4326
abgeschlossen	4.45	4322
schnauze	4.45	4320
beruf	4.45	4318
gebiet	4.45	4315
jeff	4.45	4312
jedoch	4.45	4312
beten	4.45	4308
verbunden	4.45	4307
sprachen	4.45	4305
verräter	4.45	4304
wichtigste	4.45	4303
prost	4.45	4302
brust	4.45	4296
aufgehört	4.45	4293
kleider	4.45	4292
jacke	4.45	4290
bestellt	4.45	4287
herkommen	4.45	4283
wild	4.45	4282
nenne	4.45	4282
angesehen	4.45	4281
zuhören	4.45	4278
trennen	4.45	4272
schlafzimmer	4.45	4271
vorschlag	4.45	4268
meins	4.45	4266
gift	4.45	4264
ton	4.45	4264
vermissen	4.45	4258
angekommen	4.45	4258
beantworten	4.45	4255
deutlich	4.45	4253
träumen	4.45	4252
verwirrt	4.45	4251
akten	4.45	4250
riskieren	4.45	4246
b	4.45	4236
victor	4.45	4234
find	4.45	4232
erkannt	4.45	4227
beerdigung	4.45	4227
müll	4.44	4223
weisst	4.44	4222
möge	4.44	4222
stellte	4.44	4221
mitte	4.44	4219
erleben	4.44	4217
geburt	4.44	4213
decke	4.44	4213
ch00ffff	4.44	4211
wege	4.44	4207
schritte	4.44	4205
gibts	4.44	4201
gemeldet	4.44	4199
hilfst	4.44	4197
mittagessen	4.44	4195
weint	4.44	4193
vernichten	4.44	4192
rock	4.44	4190
chicago	4.44	4189
ellen	4.44	4189
crew	4.44	4184
roy	4.44	4181
türen	4.44	4179
gewehr	4.44	4179
elena	4.44	4177
arbeitete	4.44	4174
spiegel	4.44	4172
hauen	4.44	4171
geraten	4.44	4168
dritten	4.44	4167
ross	4.44	4166
julie	4.44	4163
wetter	4.44	4160
schwul	4.44	4159
regel	4.44	4158
befindet	4.44	4156
einheit	4.44	4151
german	4.44	4151
armer	4.44	4149
gucken	4.44	4149
anstatt	4.44	4149
champagner	4.44	4146
gründe	4.44	4146
strafe	4.44	4145
smith	4.44	4144
öfter	4.44	4140
anne	4.44	4140
zelle	4.44	4139
langen	4.44	4136
altes	4.44	4133
ruiniert	4.44	4133
jonathan	4.44	4132
kleidung	4.44	4131
gras	4.43	4130
kenn	4.43	4130
agenten	4.43	4126
herausgefunden	4.43	4126
annie	4.43	4126
rechten	4.43	4125
brot	4.43	4124
berlin	4.43	4123
erfreut	4.43	4122
lügt	4.43	4122
nehm	4.43	4120
harte	4.43	4119
staaten	4.43	4114
station	4.43	4113
gaben	4.43	4110
hinterher	4.43	4110
verpassen	4.43	4105
geholt	4.43	4105
jesse	4.43	4103
hemd	4.43	4099
trinke	4.43	4096
klären	4.43	4096
praktisch	4.43	4095
theorie	4.43	4094
zunge	4.43	4093
notfall	4.43	4092
besseren	4.43	4092
winter	4.43	4091
c	4.43	4090
versuchst	4.43	4089
dahinter	4.43	4083
schwere	4.43	4082
feuern	4.43	4082
lucy	4.43	4076
schießt	4.43	4076
anführer	4.43	4075
schief	4.43	4075
blau	4.43	4067
bestens	4.43	4065
wartest	4.43	4065
gehts	4.43	4057
morgan	4.43	4057
unrecht	4.43	4053
leck	4.43	4052
wonach	4.43	4052
entwickelt	4.43	4052
bedeutung	4.43	4047
strom	4.42	4034
krebs	4.42	4033
gemein	4.42	4029
wessen	4.42	4029
minister	4.42	4024
lhnen	4.42	4021
quelle	4.42	4019
zahl	4.42	4019
schiffe	4.42	4018
schüsse	4.42	4017
bricht	4.42	4013
talent	4.42	4012
spitze	4.42	4009
fernseher	4.42	4008
treiben	4.42	4006
ausgezeichnet	4.42	4006
tatort	4.42	4002
möglichkeiten	4.42	4001
trinkt	4.42	3999
esse	4.42	3986
cop	4.42	3985
details	4.42	3984
täter	4.42	3984
wahren	4.42	3979
dieb	4.42	3979
offiziell	4.42	3977
dienen	4.42	3976
westen	4.42	3975
entscheidungen	4.42	3975
dauernd	4.42	3971
geschmack	4.42	3971
gegenseitig	4.42	3971
gewählt	4.42	3961
charlotte	4.42	3960
pech	4.42	3957
verteidigen	4.42	3956
schauspieler	4.42	3955
personen	4.42	3954
überlassen	4.42	3952
publikum	4.42	3951
trägst	4.42	3947
wechseln	4.42	3945
begegnet	4.41	3944
betrogen	4.41	3943
besucht	4.41	3941
vertrau	4.41	3938
europa	4.41	3937
carrie	4.41	3936
patrick	4.41	3936
deutschland	4.41	3935
süßer	4.41	3933
loswerden	4.41	3929
melde	4.41	3928
maggie	4.41	3926
bestätigt	4.41	3925
gas	4.41	3921
sturm	4.41	3919
setze	4.41	3918
briefe	4.41	3917
null	4.41	3912
penny	4.41	3912
schlafe	4.41	3910
wirken	4.41	3908
geführt	4.41	3906
starten	4.41	3904
götter	4.41	3904
festhalten	4.41	3899
geheim	4.41	3899
übergeben	4.41	3897
cia	4.41	3896
abteilung	4.41	3896
papier	4.41	3894
wetten	4.41	3894
gefolgt	4.41	3889
verschiedene	4.41	3887
gleichzeitig	4.41	3886
genie	4.41	3884
hungrig	4.41	3881
inspektor	4.41	3879
zwingen	4.41	3879
atmet	4.41	3878
kuh	4.41	3877
unterstützen	4.41	3877
geworfen	4.41	3876
verlor	4.41	3875
süden	4.41	3873
pater	4.41	3872
menschheit	4.41	3870
versteck	4.41	3867
tötete	4.41	3866
fähigkeiten	4.41	3864
beruhigt	4.41	3863
rechtzeitig	4.41	3863
streng	4.41	3860
sendung	4.41	3857
gelebt	4.40	3854
treppe	4.40	3853
kim	4.40	3851
richtiger	4.40	3850
aufnehmen	4.40	3849
wolf	4.40	3848
pa	4.40	3847
öffnet	4.40	3847
dämon	4.40	3846
wut	4.40	3846
schlange	4.40	3841
medikamente	4.40	3837
geschenkt	4.40	3836
nenn	4.40	3833
gelegt	4.40	3829
anfassen	4.40	3829
pizza	4.40	3829
schlechtes	4.40	3828
hütte	4.40	3825
mantel	4.40	3823
behauptet	4.40	3822
kilometer	4.40	3822
beeilung	4.40	3818
angeblich	4.40	3816
reiten	4.40	3811
helen	4.40	3808
mittag	4.40	3808
gewarnt	4.40	3805
wohne	4.40	3803
las	4.40	3801
dunkelheit	4.40	3799
spazieren	4.40	3797
angel	4.40	3794
hiermit	4.40	3792
schließt	4.40	3790
phoebe	4.40	3788
vieles	4.40	3785
erfüllt	4.40	3784
tausend	4.40	3783
sack	4.40	3782
eindeutig	4.40	3778
unterhaltung	4.40	3777
gründen	4.40	3776
km	4.40	3775
zugeben	4.40	3771
mittel	4.40	3770
explosion	4.40	3770
gefangenen	4.39	3766
taylor	4.39	3765
frische	4.39	3763
verdächtigen	4.39	3763
neugierig	4.39	3761
leitung	4.39	3758
kennenlernen	4.39	3754
fliege	4.39	3752
lebte	4.39	3752
menschliche	4.39	3750
anderem	4.39	3749
auseinander	4.39	3748
fressen	4.39	3738
beides	4.39	3737
ficken	4.39	3736
stoff	4.39	3736
spüre	4.39	3731
eilig	4.39	3729
stammt	4.39	3728
vorgestellt	4.39	3727
linda	4.39	3726
welch	4.39	3725
wichtiges	4.39	3722
no	4.39	3720
gehörte	4.39	3718
mhm	4.39	3717
glaubte	4.39	3713
oberst	4.39	3712
schrank	4.39	3711
fremde	4.39	3708
gnade	4.39	3705
chloe	4.39	3702
yo	4.39	3700
entspannen	4.39	3697
virus	4.39	3693
schläfst	4.39	3690
einladung	4.39	3687
krieger	4.38	3674
vernünftig	4.38	3673
fein	4.38	3672
greifen	4.38	3670
whoa	4.38	3670
kyle	4.38	3669
schickte	4.38	3669
per	4.38	3668
mitglied	4.38	3667
einziger	4.38	3663
umzubringen	4.38	3663
zurückkehren	4.38	3663
feld	4.38	3661
mexiko	4.38	3660
erschaffen	4.38	3658
information	4.38	3657
hergekommen	4.38	3657
beweg	4.38	3657
stärke	4.38	3654
vermögen	4.38	3652
verbracht	4.38	3652
gewisse	4.38	3650
waschen	4.38	3648
howard	4.38	3642
staat	4.38	3642
geister	4.38	3641
behaupten	4.38	3640
schrei	4.38	3636
würdet	4.38	3635
vögel	4.38	3634
warnen	4.38	3633
albert	4.38	3632
chancen	4.38	3630
treibt	4.38	3629
nannte	4.38	3628
vermute	4.38	3627
mitternacht	4.38	3627
jones	4.38	3624
freundinnen	4.38	3622
lecker	4.38	3616
klinik	4.38	3615
dicht	4.38	3605
befinden	4.37	3597
ließen	4.37	3596
bürger	4.37	3593
verursacht	4.37	3593
hammer	4.37	3590
klang	4.37	3589
internet	4.37	3586
aufregend	4.37	3583
grenzen	4.37	3581
politik	4.37	3580
superman	4.37	3577
zurecht	4.37	3574
besitz	4.37	3573
cops	4.37	3570
eingesperrt	4.37	3567
irren	4.37	3566
kommando	4.37	3566
schlug	4.37	3566
krankenwagen	4.37	3562
love	4.37	3562
öffne	4.37	3561
karen	4.37	3561
richten	4.37	3561
mademoiselle	4.37	3560
erfunden	4.37	3559
schnee	4.37	3557
fühl	4.37	3549
behalte	4.37	3548
beschützt	4.37	3547
punkte	4.37	3546
entfernen	4.37	3545
abgehauen	4.37	3545
geträumt	4.37	3543
stefan	4.37	3543
dämonen	4.37	3540
tränen	4.37	3540
erfolgreich	4.37	3537
volle	4.37	3535
wilson	4.37	3534
caroline	4.37	3534
höher	4.37	3531
happy	4.37	3529
brille	4.37	3523
musstest	4.37	3522
heimat	4.37	3517
terry	4.37	3517
liebsten	4.37	3517
bye	4.37	3517
leiter	4.36	3514
sean	4.36	3513
kauf	4.36	3512
spinnst	4.36	3511
werk	4.36	3511
cent	4.36	3507
schlacht	4.36	3507
beziehungen	4.36	3507
abgemacht	4.36	3506
schreie	4.36	3506
hmm	4.36	3505
bestätigen	4.36	3503
erschreckt	4.36	3503
offizier	4.36	3502
that	4.36	3501
sara	4.36	3498
affäre	4.36	3496
empfangen	4.36	3495
zweck	4.36	3494
kämpfe	4.36	3493
ergeben	4.36	3491
china	4.36	3489
fange	4.36	3487
häuser	4.36	3487
verliere	4.36	3487
gedanke	4.36	3487
tausende	4.36	3487
heutzutage	4.36	3486
gefühlt	4.36	3484
schnitt	4.36	3482
carlos	4.36	3480
harold	4.36	3479
lebend	4.36	3479
real	4.36	3478
holz	4.36	3477
kaiser	4.36	3476
spielte	4.36	3475
begonnen	4.36	3471
ziehst	4.36	3471
gelandet	4.36	3469
scheidung	4.36	3468
bart	4.36	3467
beschlossen	4.36	3467
klo	4.36	3465
riechen	4.36	3465
vergisst	4.36	3463
begeistert	4.36	3462
ei	4.36	3459
durchs	4.36	3458
geil	4.36	3454
nieder	4.36	3453
erkläre	4.36	3450
schreckliche	4.36	3448
beeindruckt	4.36	3443
vince	4.36	3441
aufgegeben	4.36	3441
aufgrund	4.36	3440
momentan	4.36	3439
solch	4.36	3439
meistens	4.36	3437
stress	4.36	3436
sterne	4.35	3433
heilen	4.35	3433
soviel	4.35	3425
kannten	4.35	3424
stattdessen	4.35	3421
aye	4.35	3421
dinger	4.35	3420
stimmung	4.35	3416
bulle	4.35	3413
aufgefallen	4.35	3413
kämpft	4.35	3412
geräusch	4.35	3410
künstler	4.35	3406
wachsen	4.35	3405
verurteilt	4.35	3404
himmels	4.35	3403
tyler	4.35	3403
urteil	4.35	3402
schweine	4.35	3400
nettes	4.35	3399
house	4.35	3396
verlust	4.35	3396
verließ	4.35	3396
wirf	4.35	3395
wenige	4.35	3392
willie	4.35	3392
schulter	4.35	3392
kalifornien	4.35	3392
lernt	4.35	3391
beigebracht	4.35	3390
normale	4.35	3389
anbieten	4.35	3388
verwenden	4.35	3387
gratuliere	4.35	3386
fluch	4.35	3386
rick	4.35	3385
übers	4.35	3384
grün	4.35	3383
unterricht	4.35	3383
dachtest	4.35	3381
verarschen	4.35	3380
gewöhnt	4.35	3378
anklage	4.35	3375
tollen	4.35	3372
lippen	4.35	3371
fett	4.35	3369
lege	4.35	3365
feigling	4.35	3363
achten	4.35	3363
gary	4.35	3363
erfährt	4.35	3362
gewohnt	4.35	3361
jessica	4.35	3359
äußerst	4.34	3357
einladen	4.34	3356
käse	4.34	3356
aufwachen	4.34	3355
verfügung	4.34	3354
uniform	4.34	3351
zusehen	4.34	3350
board.tv4user.de	4.34	3349
gesundheit	4.34	3349
abenteuer	4.34	3348
hosen	4.34	3345
kurze	4.34	3343
scheck	4.34	3343
täglich	4.34	3340
fresse	4.34	3339
übernehme	4.34	3336
wiederholen	4.34	3335
bestellen	4.34	3334
freiwillig	4.34	3334
cole	4.34	3333
universum	4.34	3332
zeuge	4.34	3332
west	4.34	3329
marshall	4.34	3329
fähig	4.34	3328
revier	4.34	3323
reifen	4.34	3322
mum	4.34	3322
führe	4.34	3320
durchgemacht	4.34	3319
tests	4.34	3317
führte	4.34	3316
schenken	4.34	3316
schädel	4.34	3315
realität	4.34	3315
april	4.34	3315
albern	4.34	3315
brav	4.34	3314
schwerer	4.34	3313
jagd	4.34	3312
versagt	4.34	3312
truck	4.34	3310
steckst	4.34	3309
geschenke	4.34	3307
sicherlich	4.34	3307
öffentlichkeit	4.34	3306
merkt	4.34	3305
verbrecher	4.34	3304
maske	4.34	3304
verstärkung	4.34	3303
liefern	4.34	3300
jo	4.34	3296
starke	4.34	3294
grunde	4.34	3294
gordon	4.34	3294
würd	4.34	3293
verschwand	4.34	3293
schulde	4.34	3292
russen	4.34	3290
führer	4.34	3288
gemerkt	4.34	3288
ciao	4.34	3287
loslassen	4.34	3283
berichten	4.34	3283
verabschieden	4.34	3283
antrag	4.34	3283
schieß	4.34	3282
abby	4.33	3278
benehmen	4.33	3276
verdacht	4.33	3273
hübsches	4.33	3272
schreibtisch	4.33	3272
e	4.33	3271
vampir	4.33	3270
rory	4.33	3269
probe	4.33	3268
schaff	4.33	3267
verzeih	4.33	3265
patient	4.33	3263
geküsst	4.33	3260
ertönt	4.33	3257
nahmen	4.33	3254
zahlt	4.33	3253
vorbereiten	4.33	3253
verbrannt	4.33	3252
verdammtes	4.33	3250
frankie	4.33	3245
informiert	4.33	3242
einziges	4.33	3242
zucker	4.33	3241
stinkt	4.33	3238
schnappt	4.33	3238
schreib	4.33	3237
standen	4.33	3236
klamotten	4.33	3235
heil	4.33	3233
besitzer	4.33	3230
marcus	4.33	3230
tess	4.33	3229
drum	4.33	3228
tasse	4.33	3227
hinweis	4.33	3227
verteidigung	4.33	3225
lügst	4.33	3224
lies	4.33	3223
magen	4.33	3223
enterprise	4.33	3219
michelle	4.33	3217
beeilt	4.33	3215
tunnel	4.33	3212
einst	4.33	3210
behandlung	4.33	3208
serie	4.32	3204
applaus	4.32	3204
markt	4.32	3204
korrekt	4.32	3203
besessen	4.32	3201
bewahren	4.32	3201
nr.	4.32	3200
pack	4.32	3199
gekämpft	4.32	3197
black	4.32	3195
angreifen	4.32	3193
tiefer	4.32	3192
huh	4.32	3190
truppen	4.32	3190
kommandant	4.32	3186
osten	4.32	3186
elf	4.32	3186
beeindruckend	4.32	3184
besitzt	4.32	3183
ho	4.32	3183
heut	4.32	3182
clever	4.32	3182
verrückten	4.32	3180
freien	4.32	3180
hass	4.32	3179
antworte	4.32	3177
posten	4.32	3176
schneiden	4.32	3176
sammeln	4.32	3169
gesteckt	4.32	3166
wissenschaft	4.32	3165
ursache	4.32	3162
gewiss	4.32	3160
bereich	4.32	3158
catherine	4.32	3158
meinetwegen	4.32	3156
l.a.	4.32	3156
senator	4.32	3154
ausziehen	4.32	3153
verzweifelt	4.32	3149
jess	4.32	3148
anteil	4.32	3146
stets	4.32	3145
ritter	4.32	3145
viertel	4.32	3143
roman	4.32	3142
pünktlich	4.32	3137
erfüllen	4.32	3135
kauft	4.32	3135
molly	4.32	3134
basis	4.31	3131
eva	4.31	3130
schock	4.31	3128
empfang	4.31	3128
wiederhole	4.31	3127
wünscht	4.31	3125
besondere	4.31	3125
titel	4.31	3124
stil	4.31	3124
fingerabdrücke	4.31	3121
einfluss	4.31	3121
anweisungen	4.31	3121
zahle	4.31	3120
shield	4.31	3119
opfern	4.31	3113
blaue	4.31	3112
sparen	4.31	3111
weiteres	4.31	3111
gehörst	4.31	3109
farm	4.31	3108
erstaunlich	4.31	3108
schwachsinn	4.31	3106
miete	4.31	3106
verwandelt	4.31	3104
daneben	4.31	3101
klaus	4.31	3099
bereiten	4.31	3099
wüste	4.31	3097
prüfen	4.31	3096
gabe	4.31	3095
hundert	4.31	3094
erscheinen	4.31	3092
laß	4.31	3091
besiegen	4.31	3085
verpiss	4.31	3085
umständen	4.31	3084
angelegenheit	4.31	3083
landes	4.31	3082
dienstag	4.31	3081
folgendes	4.31	3081
fürchten	4.31	3080
mordes	4.31	3080
nennst	4.31	3079
angestellt	4.31	3079
training	4.31	3076
aufgetaucht	4.31	3075
rausfinden	4.31	3073
ächzt	4.31	3070
rauskommen	4.31	3070
planet	4.31	3069
suppe	4.31	3068
erwischen	4.31	3067
sitz	4.31	3066
johnson	4.31	3065
vorteil	4.31	3065
for	4.31	3064
rosa	4.31	3062
tour	4.30	3060
amerikanische	4.30	3060
schönste	4.30	3059
rufst	4.30	3059
berührt	4.30	3058
französisch	4.30	3058
gouverneur	4.30	3056
angeles	4.30	3053
kaufe	4.30	3050
stern	4.30	3049
gedächtnis	4.30	3049
wirklichkeit	4.30	3045
bestraft	4.30	3044
kreis	4.30	3044
reine	4.30	3044
edward	4.30	3043
schlimmes	4.30	3042
bestehen	4.30	3041
jeannie	4.30	3039
erscheint	4.30	3039
staatsanwalt	4.30	3038
ewigkeit	4.30	3036
störung	4.30	3035
hässlich	4.30	3034
lauft	4.30	3033
angezogen	4.30	3032
señor	4.30	3030
half	4.30	3029
sollt	4.30	3027
martha	4.30	3027
tiger	4.30	3026
zigarette	4.30	3025
mutig	4.30	3022
ausruhen	4.30	3021
andrew	4.30	3020
linken	4.30	3019
hauptmann	4.30	3019
umstände	4.30	3019
not	4.30	3019
unglück	4.30	3018
eng	4.30	3018
white	4.30	3016
lucas	4.30	3015
üben	4.30	3014
wissenschaftler	4.30	3013
gelöst	4.30	3013
reaktion	4.30	3013
morde	4.30	3013
dusche	4.30	3011
mitarbeiter	4.30	3011
your	4.30	3010
bedroht	4.30	3009
gehöre	4.30	3008
befreit	4.30	3007
stöhnen	4.30	3007
reagiert	4.30	3006
identität	4.30	3006
rund	4.30	3004
texas	4.30	3002
fieber	4.30	3001
hirn	4.30	3000
leiten	4.30	3000
donnerstag	4.30	2998
leonard	4.30	2998
unheimlich	4.30	2998
mulder	4.30	2997
jahrhundert	4.30	2994
irgend	4.30	2994
diener	4.29	2991
bruce	4.29	2990
extrem	4.29	2988
ausweis	4.29	2987
sicht	4.29	2987
sport	4.29	2987
juden	4.29	2986
studiert	4.29	2985
angelogen	4.29	2985
schaue	4.29	2985
little	4.29	2985
sally	4.29	2984
text	4.29	2983
earl	4.29	2981
nebenan	4.29	2981
todd	4.29	2979
lektion	4.29	2978
mäuse	4.29	2978
staub	4.29	2973
sophie	4.29	2973
kugeln	4.29	2970
dutzend	4.29	2969
ratte	4.29	2969
mitleid	4.29	2968
testen	4.29	2968
auftritt	4.29	2967
gegner	4.29	2965
joseph	4.29	2964
verdienst	4.29	2962
langsamer	4.29	2962
wunde	4.29	2961
linie	4.29	2961
bedrohung	4.29	2960
bauer	4.29	2959
kurzem	4.29	2959
fische	4.29	2959
einkaufen	4.29	2959
kreuz	4.29	2958
afrika	4.29	2957
begangen	4.29	2957
el	4.29	2955
nachsehen	4.29	2954
junior	4.29	2954
bäume	4.29	2950
leidenschaft	4.29	2948
geliebte	4.29	2946
bereuen	4.29	2946
spieler	4.29	2945
berge	4.29	2945
verwendet	4.29	2943
steuern	4.29	2942
gekümmert	4.29	2942
voran	4.29	2941
wieviel	4.29	2941
barney	4.29	2940
graf	4.29	2939
verabredung	4.29	2938
verlasse	4.29	2938
überfallen	4.29	2936
donna	4.29	2935
umdrehen	4.29	2935
damon	4.29	2934
kilo	4.29	2933
diego	4.29	2932
negativ	4.29	2932
schild	4.29	2930
tanzt	4.29	2929
verbrennen	4.29	2927
gefreut	4.29	2925
penner	4.28	2922
blauen	4.28	2921
jay	4.28	2920
stücke	4.28	2917
angela	4.28	2917
kühlschrank	4.28	2916
identifizieren	4.28	2916
lehrerin	4.28	2916
francisco	4.28	2915
kameras	4.28	2914
zentrale	4.28	2910
jäger	4.28	2910
josh	4.28	2910
wayne	4.28	2909
wenden	4.28	2908
we	4.28	2908
holst	4.28	2906
suchte	4.28	2904
start	4.28	2902
füßen	4.28	2901
unglücklich	4.28	2900
frohe	4.28	2899
sand	4.28	2898
pfarrer	4.28	2897
plus	4.28	2897
nancy	4.28	2896
brachten	4.28	2891
zauber	4.28	2890
berühren	4.28	2889
rückkehr	4.28	2889
hafen	4.28	2889
indianer	4.28	2881
miller	4.28	2880
verschwenden	4.28	2880
untersucht	4.28	2878
königs	4.28	2878
jean	4.28	2878
lese	4.28	2875
stahl	4.28	2873
hättet	4.28	2873
affen	4.28	2870
worten	4.28	2867
kindheit	4.28	2866
gewollt	4.28	2866
op	4.28	2866
vermeiden	4.28	2864
fabrik	4.28	2864
aussagen	4.28	2862
wunderbare	4.28	2862
grandpa	4.28	2861
miststück	4.28	2861
verrückter	4.28	2860
lane	4.28	2860
jungfrau	4.28	2859
einfache	4.28	2858
nate	4.28	2858
laufe	4.27	2856
reingelegt	4.27	2855
seltsame	4.27	2854
heiratet	4.27	2854
angenehm	4.27	2854
daheim	4.27	2854
planen	4.27	2852
klauen	4.27	2851
geruch	4.27	2851
marty	4.27	2851
klingen	4.27	2849
tina	4.27	2849
nächster	4.27	2849
hörten	4.27	2849
jackie	4.27	2848
trafen	4.27	2848
ungern	4.27	2847
abgelehnt	4.27	2846
erstens	4.27	2843
abmachung	4.27	2843
appetit	4.27	2843
miami	4.27	2841
zeigte	4.27	2840
fan	4.27	2839
hohen	4.27	2837
alf	4.27	2837
ladys	4.27	2834
sms	4.27	2833
verkauf	4.27	2832
jamie	4.27	2831
verbergen	4.27	2831
sorgt	4.27	2831
karl	4.27	2829
sohnes	4.27	2828
berühmt	4.27	2828
aussteigen	4.27	2827
bonnie	4.27	2822
ginge	4.27	2822
reingehen	4.27	2821
durfte	4.27	2821
korrektur	4.27	2815
wirft	4.27	2814
titten	4.27	2813
betreten	4.27	2811
todes	4.27	2807
one	4.27	2806
doctor	4.27	2805
blöden	4.27	2804
miles	4.27	2803
rausholen	4.27	2803
hohe	4.27	2802
aufnahme	4.27	2801
by	4.27	2801
holmes	4.27	2800
hübscher	4.27	2799
vegas	4.27	2797
manager	4.27	2795
stellung	4.27	2793
höhle	4.26	2792
schokolade	4.26	2791
angeboten	4.26	2790
befreundet	4.26	2787
weib	4.26	2785
ausgerechnet	4.26	2784
walker	4.26	2784
beibringen	4.26	2783
nelson	4.26	2783
ex	4.26	2783
belohnung	4.26	2782
seelen	4.26	2781
steine	4.26	2781
garage	4.26	2778
scheißkerl	4.26	2777
gestört	4.26	2777
cooper	4.26	2773
ruhen	4.26	2772
pillen	4.26	2771
gepäck	4.26	2770
carol	4.26	2767
norman	4.26	2765
zoe	4.26	2765
amerikanischen	4.26	2765
telefonieren	4.26	2765
heirate	4.26	2762
erkenne	4.26	2761
funk	4.26	2760
grüß	4.26	2759
hurensohn	4.26	2759
mögliche	4.26	2759
spring	4.26	2758
uni	4.26	2758
scheinbar	4.26	2753
fakten	4.26	2752
informieren	4.26	2752
jugend	4.26	2751
feier	4.26	2751
wenigen	4.26	2750
söhne	4.26	2747
benzin	4.26	2747
nix	4.26	2747
vampire	4.26	2745
erkennt	4.26	2741
sicherer	4.26	2741
zigaretten	4.26	2740
dummes	4.26	2740
mauer	4.26	2740
erneut	4.26	2740
flügel	4.26	2740
schluck	4.26	2740
hierbleiben	4.26	2738
abschluss	4.26	2738
christus	4.26	2738
bezahle	4.26	2737
böses	4.26	2737
dummkopf	4.26	2737
gerüchte	4.26	2736
eingestellt	4.26	2734
m.	4.26	2730
weitergehen	4.26	2729
technik	4.25	2728
ali	4.25	2727
bezweifle	4.25	2726
piper	4.25	2725
over	4.25	2723
gekostet	4.25	2721
anzeige	4.25	2720
wohnst	4.25	2718
hans	4.25	2718
ergebnis	4.25	2717
bedingungen	4.25	2717
brad	4.25	2717
aufzuhalten	4.25	2717
versprich	4.25	2715
verdiene	4.25	2714
geschnappt	4.25	2713
francis	4.25	2712
eile	4.25	2709
innen	4.25	2709
italien	4.25	2708
einig	4.25	2707
verhandeln	4.25	2704
weswegen	4.25	2704
nützlich	4.25	2703
inneren	4.25	2701
gentleman	4.25	2700
felix	4.25	2700
vergesse	4.25	2699
dunkle	4.25	2699
warnung	4.25	2698
gemeinde	4.25	2696
diamanten	4.25	2695
wächst	4.25	2694
gewöhnlich	4.25	2691
seil	4.25	2691
bär	4.25	2690
euro	4.25	2690
großartige	4.25	2689
beth	4.25	2686
ware	4.25	2685
traurige	4.25	2684
persönliche	4.25	2683
figur	4.25	2681
time	4.25	2680
roboter	4.25	2680
anschauen	4.25	2677
kürzlich	4.25	2677
material	4.25	2677
paula	4.25	2676
käme	4.25	2675
stellst	4.25	2674
bereitet	4.25	2674
einfallen	4.25	2674
käfig	4.25	2674
fantasie	4.25	2673
brach	4.25	2673
satz	4.25	2672
kommissar	4.25	2671
exzellenz	4.25	2668
schuldest	4.25	2667
nass	4.24	2665
rächen	4.24	2664
womöglich	4.24	2662
begrüßen	4.24	2662
lou	4.24	2661
davis	4.24	2660
überraschen	4.24	2659
menschlichen	4.24	2659
repariert	4.24	2659
führung	4.24	2657
gestanden	4.24	2656
jacob	4.24	2655
schütze	4.24	2655
störe	4.24	2653
nina	4.24	2653
filmen	4.24	2653
jobs	4.24	2652
maschinen	4.24	2651
unterlagen	4.24	2651
palast	4.24	2650
graben	4.24	2648
kette	4.24	2648
auftauchen	4.24	2647
interessante	4.24	2647
wovor	4.24	2646
springt	4.24	2646
terroristen	4.24	2645
stan	4.24	2644
bekämpfen	4.24	2644
lärm	4.24	2643
flehe	4.24	2643
aufgewachsen	4.24	2642
arbeiter	4.24	2640
größere	4.24	2639
humor	4.24	2639
betrachten	4.24	2637
be	4.24	2633
organisation	4.24	2632
widerstand	4.24	2631
bergen	4.24	2629
studio	4.24	2628
hausaufgaben	4.24	2628
vögeln	4.24	2627
bescheuert	4.24	2625
weggehen	4.24	2625
teller	4.24	2623
original	4.24	2623
revolution	4.24	2623
hitler	4.24	2622
mädel	4.24	2621
verbinden	4.24	2620
nathan	4.24	2619
ermittlungen	4.24	2618
steck	4.24	2618
wäsche	4.24	2617
rätsel	4.24	2616
besonderen	4.24	2615
hunderte	4.24	2613
versetzt	4.24	2612
bibel	4.24	2611
heiliger	4.24	2608
reiß	4.24	2608
kopie	4.24	2607
besitzen	4.24	2607
zeitungen	4.23	2605
zurückgekommen	4.23	2605
süßes	4.23	2604
barbara	4.23	2604
ungewöhnlich	4.23	2604
höhe	4.23	2603
geschaffen	4.23	2602
beschreiben	4.23	2602
ausgesucht	4.23	2601
notwendig	4.23	2600
dunklen	4.23	2599
ignorieren	4.23	2598
toter	4.23	2598
deck	4.23	2598
narr	4.23	2596
scheißegal	4.23	2596
höchstens	4.23	2596
übersehen	4.23	2595
geirrt	4.23	2595
darunter	4.23	2594
außen	4.23	2594
einzig	4.23	2592
stirbst	4.23	2591
lhren	4.23	2591
spielchen	4.23	2590
girl	4.23	2588
fahrrad	4.23	2588
nutte	4.23	2587
wilde	4.23	2586
jordan	4.23	2585
bequem	4.23	2584
rauch	4.23	2584
verschiedenen	4.23	2584
kamst	4.23	2583
l	4.23	2582
betty	4.23	2582
pool	4.23	2580
hubschrauber	4.23	2579
wüssten	4.23	2578
erstmal	4.23	2576
kollege	4.23	2575
vernichtet	4.23	2575
gesichter	4.23	2575
derselbe	4.23	2575
hattet	4.23	2575
konto	4.23	2574
freie	4.23	2569
casey	4.23	2569
haken	4.23	2566
munition	4.23	2566
sünde	4.23	2566
militär	4.23	2565
gefasst	4.23	2564
anzeichen	4.23	2563
geklappt	4.23	2562
hintergrund	4.23	2560
erwähnen	4.23	2558
tipp	4.23	2557
reißen	4.23	2556
keins	4.23	2554
genial	4.23	2554
berichte	4.23	2553
kram	4.23	2553
schnapp	4.23	2553
solle	4.23	2552
randy	4.23	2552
umziehen	4.23	2551
zunächst	4.23	2551
keinerlei	4.23	2551
typisch	4.23	2549
bietet	4.23	2548
leb	4.22	2546
technologie	4.22	2544
john-boy	4.22	2544
ruinieren	4.22	2544
jünger	4.22	2544
poirot	4.22	2543
umso	4.22	2543
starben	4.22	2543
rette	4.22	2541
triffst	4.22	2541
unhöflich	4.22	2541
safe	4.22	2540
anzurufen	4.22	2539
universität	4.22	2539
mai	4.22	2536
heben	4.22	2536
koch	4.22	2534
derselben	4.22	2534
katastrophe	4.22	2534
male	4.22	2534
olivia	4.22	2532
prüfung	4.22	2531
brown	4.22	2529
gesetze	4.22	2527
meeting	4.22	2526
versicherung	4.22	2526
getragen	4.22	2526
ehefrau	4.22	2524
mitmachen	4.22	2524
tauschen	4.22	2524
ergebnisse	4.22	2523
boston	4.22	2519
reg	4.22	2518
einstellen	4.22	2517
reagieren	4.22	2517
gefehlt	4.22	2517
verwandeln	4.22	2517
gedauert	4.22	2516
senden	4.22	2515
blair	4.22	2514
reporter	4.22	2513
abgeben	4.22	2513
mm	4.22	2512
parker	4.22	2512
anhören	4.22	2511
bibliothek	4.22	2510
japan	4.22	2509
hinsetzen	4.22	2508
hannah	4.22	2508
serena	4.22	2508
motiv	4.22	2506
paige	4.22	2504
schalten	4.22	2503
derek	4.22	2503
gewöhnen	4.22	2503
lernte	4.22	2499
vereinigten	4.22	2496
gewicht	4.22	2495
zweiter	4.22	2494
badezimmer	4.22	2492
schieben	4.22	2492
dreimal	4.22	2491
weich	4.22	2491
echtes	4.22	2490
zweitens	4.22	2490
drachen	4.21	2488
bahnhof	4.21	2487
erschöpft	4.21	2487
genauer	4.21	2487
verlange	4.21	2485
spanisch	4.21	2484
verrat	4.21	2483
hexen	4.21	2482
live	4.21	2482
legende	4.21	2482
taub	4.21	2482
freu	4.21	2481
konzert	4.21	2480
hopp	4.21	2480
wiederzusehen	4.21	2479
doppelt	4.21	2479
last	4.21	2479
vergleich	4.21	2479
böser	4.21	2479
herzlich	4.21	2478
monica	4.21	2477
taschen	4.21	2474
genügt	4.21	2474
besucher	4.21	2473
spanien	4.21	2473
großzügig	4.21	2473
teddy	4.21	2473
hauses	4.21	2472
leihen	4.21	2471
scheiden	4.21	2471
einstellung	4.21	2471
köstlich	4.21	2470
watson	4.21	2469
einheiten	4.21	2469
wichtigen	4.21	2466
go	4.21	2465
warne	4.21	2465
russland	4.21	2465
angeschossen	4.21	2464
sammy	4.21	2463
pierre	4.21	2461
sklaven	4.21	2461
laune	4.21	2459
gesamten	4.21	2459
stille	4.21	2459
asche	4.21	2458
geflogen	4.21	2456
spion	4.21	2455
what	4.21	2455
aaron	4.21	2454
weihnachtsmann	4.21	2454
hervorragend	4.21	2453
can	4.21	2453
verärgert	4.21	2453
puppe	4.21	2451
überfall	4.21	2451
unwichtig	4.21	2450
santa	4.21	2450
linke	4.21	2449
übung	4.21	2449
buffy	4.21	2449
franzosen	4.21	2446
wehgetan	4.21	2446
schwäche	4.21	2446
couch	4.21	2446
cousine	4.21	2445
grant	4.21	2443
atme	4.21	2442
irgendeinem	4.21	2442
unterstützt	4.21	2442
oscar	4.21	2441
ausdruck	4.21	2439
pleite	4.21	2438
beleidigt	4.21	2438
knopf	4.21	2438
stop	4.21	2438
schlimme	4.21	2437
beweist	4.21	2437
katie	4.21	2436
dramatische	4.21	2434
heutigen	4.20	2432
leere	4.20	2432
island	4.20	2432
shane	4.20	2431
daisy	4.20	2431
trinkst	4.20	2430
heimlich	4.20	2430
eingehen	4.20	2428
rad	4.20	2427
greift	4.20	2426
mächtig	4.20	2426
williams	4.20	2425
sinnlos	4.20	2425
versaut	4.20	2425
netz	4.20	2422
atem	4.20	2420
anstellen	4.20	2417
milliarden	4.20	2417
flotte	4.20	2416
umgebung	4.20	2416
mitbringen	4.20	2415
beteiligt	4.20	2415
dunkeln	4.20	2415
entwickeln	4.20	2414
schämen	4.20	2412
erwachsene	4.20	2412
zack	4.20	2412
durchsuchen	4.20	2411
hollywood	4.20	2411
rollen	4.20	2411
vergesst	4.20	2409
tricks	4.20	2407
plätze	4.20	2407
gefangene	4.20	2407
sünden	4.20	2407
sender	4.20	2406
verlass	4.20	2403
räumen	4.20	2402
lerne	4.20	2400
rettet	4.20	2400
hinweise	4.20	2399
ausreden	4.20	2399
alexander	4.20	2399
mommy	4.20	2398
diejenige	4.20	2398
nächte	4.20	2397
herrscht	4.20	2395
bud	4.20	2394
jahres	4.20	2394
dna	4.20	2394
romantisch	4.20	2393
flüstert	4.20	2392
drück	4.20	2392
jeremy	4.20	2392
bedanken	4.20	2391
verabredet	4.20	2390
pilot	4.20	2390
colt	4.20	2389
nigger	4.20	2388
reizend	4.20	2387
grade	4.20	2386
stanley	4.20	2385
leib	4.20	2385
stecke	4.20	2384
scheisse	4.20	2384
ärztin	4.20	2384
vergewaltigt	4.20	2381
mußt	4.20	2381
lieferung	4.20	2380
botschafter	4.20	2379
studieren	4.20	2378
köpfe	4.20	2377
duschen	4.20	2377
kopfschmerzen	4.19	2376
öl	4.19	2376
knarre	4.19	2373
sekretärin	4.19	2373
phase	4.19	2373
handschellen	4.19	2371
lewis	4.19	2371
versehen	4.19	2369
bande	4.19	2368
treu	4.19	2368
positiv	4.19	2367
meiste	4.19	2366
museum	4.19	2366
albtraum	4.19	2366
margaret	4.19	2365
verlobt	4.19	2365
besiegt	4.19	2364
existieren	4.19	2362
könne	4.19	2361
proben	4.19	2360
beschissen	4.19	2360
gewinne	4.19	2359
personal	4.19	2359
christian	4.19	2358
bewaffnet	4.19	2358
fällen	4.19	2357
wecken	4.19	2356
wirkung	4.19	2355
kurt	4.19	2355
connor	4.19	2353
rebecca	4.19	2353
therapie	4.19	2353
travis	4.19	2352
amüsieren	4.19	2351
ordentlich	4.19	2351
weglaufen	4.19	2350
aufgewacht	4.19	2349
nähern	4.19	2348
decken	4.19	2346
sinne	4.19	2345
leutnant	4.19	2344
zauberer	4.19	2343
hogan	4.19	2343
bittet	4.19	2343
ankunft	4.19	2340
klopft	4.19	2339
abstand	4.19	2337
bewusstsein	4.19	2337
nation	4.19	2337
kontrolliert	4.19	2336
treffer	4.19	2336
abnehmen	4.19	2336
ratten	4.19	2333
anwälte	4.19	2332
tempel	4.19	2332
vergiftet	4.19	2332
kunde	4.19	2331
august	4.19	2330
wunden	4.19	2330
unangenehm	4.19	2329
ausrüstung	4.19	2327
segen	4.19	2327
präsentiert	4.19	2326
schließ	4.19	2326
kehle	4.19	2324
krone	4.18	2322
garantiert	4.18	2322
durchsucht	4.18	2319
president	4.18	2319
tracy	4.18	2319
verfluchte	4.18	2318
bestimmten	4.18	2318
clay	4.18	2317
ladies	4.18	2317
b.	4.18	2315
ladung	4.18	2314
beinen	4.18	2313
hell	4.18	2312
kent	4.18	2311
kapitel	4.18	2311
chase	4.18	2310
benutze	4.18	2310
alibi	4.18	2310
ziele	4.18	2309
bestie	4.18	2308
gus	4.18	2308
nirgends	4.18	2308
wohnzimmer	4.18	2308
beute	4.18	2307
bau	4.18	2306
brennen	4.18	2305
lex	4.18	2305
durst	4.18	2304
logan	4.18	2303
schwarzer	4.18	2302
schmutzig	4.18	2302
liebhaber	4.18	2301
ersetzen	4.18	2301
juli	4.18	2297
verfahren	4.18	2296
kirk	4.18	2295
stiefel	4.18	2294
inspector	4.18	2293
allzu	4.18	2292
camp	4.18	2290
dürft	4.18	2289
orten	4.18	2289
hitze	4.18	2288
spielzeug	4.18	2287
tv	4.18	2287
gloria	4.18	2286
wolle	4.18	2283
knurrt	4.18	2283
meldet	4.18	2282
rita	4.18	2282
zone	4.18	2281
trocken	4.18	2280
lincoln	4.18	2280
schreibst	4.18	2280
audrey	4.18	2280
quinn	4.18	2280
probier	4.18	2279
le	4.18	2279
kids	4.18	2278
unterschrieben	4.18	2277
do	4.18	2277
heulen	4.18	2276
entschlossen	4.18	2275
paket	4.18	2274
gefiel	4.18	2273
bekamen	4.18	2272
netten	4.18	2271
geheime	4.18	2270
jennifer	4.18	2270
aktiviert	4.17	2269
ausweg	4.17	2268
hinweg	4.17	2268
schmuck	4.17	2268
ausgang	4.17	2267
wunderschöne	4.17	2266
zurückkommt	4.17	2265
ann	4.17	2265
illegal	4.17	2263
ferien	4.17	2261
persönlichen	4.17	2261
geiseln	4.17	2260
segne	4.17	2258
normaler	4.17	2258
steuer	4.17	2257
aufgepasst	4.17	2257
murphy	4.17	2256
raumschiff	4.17	2256
dummen	4.17	2256
weißer	4.17	2256
ausbildung	4.17	2255
klavier	4.17	2255
hauptsache	4.17	2254
admiral	4.17	2253
entgegen	4.17	2250
fasse	4.17	2249
strecke	4.17	2249
julian	4.17	2248
version	4.17	2247
hilfreich	4.17	2247
schweren	4.17	2246
h	4.17	2246
jahrelang	4.17	2246
leeren	4.17	2245
küste	4.17	2244
baron	4.17	2244
behörden	4.17	2244
grüße	4.17	2243
geklärt	4.17	2242
bruders	4.17	2241
kaufte	4.17	2241
stone	4.17	2240
puls	4.17	2240
blue	4.17	2240
flur	4.17	2239
denselben	4.17	2239
rettung	4.17	2239
widerlich	4.17	2239
parkplatz	4.17	2238
katzen	4.17	2237
laster	4.17	2235
sozusagen	4.17	2235
mittwoch	4.17	2235
unschuldige	4.17	2234
abwarten	4.17	2234
grandma	4.17	2233
florida	4.17	2233
re	4.17	2233
grünen	4.17	2233
könntet	4.17	2233
aufnahmen	4.17	2232
vision	4.17	2232
schauspielerin	4.17	2229
passe	4.17	2229
sing	4.17	2228
glückliche	4.17	2227
highschool	4.17	2226
friedhof	4.17	2226
irrtum	4.17	2225
klienten	4.17	2224
nervt	4.17	2224
leidet	4.17	2224
reverend	4.17	2223
trainieren	4.17	2223
gegenwart	4.17	2223
zurückbringen	4.17	2223
herman	4.17	2223
protokoll	4.17	2223
studenten	4.17	2222
durchaus	4.17	2221
grausam	4.17	2221
höchste	4.17	2221
verwickelt	4.17	2221
schmecken	4.17	2220
klappen	4.17	2220
apropos	4.17	2219
liz	4.17	2219
alfred	4.16	2218
ansonsten	4.16	2218
wade	4.16	2218
missverständnis	4.16	2218
mitglieder	4.16	2217
motorrad	4.16	2216
mickey	4.16	2215
blicken	4.16	2215
glücklicher	4.16	2213
hübschen	4.16	2212
dicke	4.16	2212
gewünscht	4.16	2211
gejagt	4.16	2210
diejenigen	4.16	2209
diskutieren	4.16	2207
pinkeln	4.16	2207
huhn	4.16	2206
erheben	4.16	2205
paradies	4.16	2205
tagebuch	4.16	2205
möglichen	4.16	2204
jenseits	4.16	2204
arschlöcher	4.16	2204
apartment	4.16	2204
mason	4.16	2203
pfeift	4.16	2203
dieselben	4.16	2203
wilden	4.16	2202
vergaß	4.16	2202
enttäuschen	4.16	2201
greg	4.16	2201
konsequenzen	4.16	2200
fleck	4.16	2200
macgyver	4.16	2199
führerschein	4.16	2199
online	4.16	2198
bete	4.16	2197
verdächtige	4.16	2197
enkel	4.16	2197
normalen	4.16	2196
stift	4.16	2194
interview	4.16	2193
süßen	4.16	2193
riesige	4.16	2192
aussicht	4.16	2192
ned	4.16	2191
wiederkommen	4.16	2190
werbung	4.16	2188
warf	4.16	2187
telefoniert	4.16	2186
anblick	4.16	2185
einzelnen	4.16	2182
teppich	4.16	2181
hielten	4.16	2180
handel	4.16	2178
gekannt	4.16	2178
getrieben	4.16	2176
trainer	4.16	2176
scully	4.16	2176
schuh	4.16	2176
bomben	4.16	2176
kämpfer	4.16	2174
victoria	4.16	2174
bedenken	4.16	2174
sitzung	4.16	2174
ken	4.16	2171
sicheren	4.16	2170
verkaufe	4.16	2169
ron	4.16	2168
tapfer	4.15	2167
experiment	4.15	2167
besorge	4.15	2167
tiefe	4.15	2165
narren	4.15	2165
abgeholt	4.15	2165
abhalten	4.15	2164
bestimmte	4.15	2164
laufenden	4.15	2164
auftaucht	4.15	2163
school	4.15	2163
löschen	4.15	2161
tara	4.15	2161
sebastian	4.15	2160
mies	4.15	2160
sarg	4.15	2159
r	4.15	2159
vertragen	4.15	2158
gebissen	4.15	2158
geheimen	4.15	2157
drinks	4.15	2157
schlief	4.15	2155
tradition	4.15	2155
soeben	4.15	2155
komische	4.15	2154
schultz	4.15	2153
aufgehalten	4.15	2153
fähigkeit	4.15	2152
attraktiv	4.15	2151
begriff	4.15	2150
versichere	4.15	2150
schilde	4.15	2150
legte	4.15	2149
mitteilen	4.15	2149
sdh	4.15	2148
gemütlich	4.15	2146
muster	4.15	2145
versprach	4.15	2145
überwachen	4.15	2144
eingeschlafen	4.15	2144
schlimmsten	4.15	2144
verlierst	4.15	2144
einzelne	4.15	2144
vergib	4.15	2140
vorbeikommen	4.15	2140
aua	4.15	2140
brüste	4.15	2140
sandwich	4.15	2140
gewinner	4.15	2139
verständnis	4.15	2139
g	4.15	2139
raymond	4.15	2136
papst	4.15	2135
toast	4.15	2134
matthew	4.15	2134
einsteigen	4.15	2133
löwen	4.15	2132
einsetzen	4.15	2132
gewinn	4.15	2132
schüchtern	4.15	2132
scheinst	4.15	2131
pflanzen	4.15	2131
green	4.15	2130
sheldon	4.15	2130
christopher	4.15	2129
hätt	4.15	2128
coach	4.15	2127
werte	4.15	2127
modell	4.15	2127
übernimmt	4.15	2126
walton	4.15	2126
heftig	4.15	2126
vorfall	4.15	2126
motel	4.15	2125
teams	4.15	2124
irgendeinen	4.15	2124
müsstest	4.15	2123
freier	4.15	2123
zirkus	4.15	2122
ruhm	4.15	2121
zurzeit	4.15	2121
ausmachen	4.15	2121
rezept	4.15	2121
töchter	4.15	2120
laute	4.15	2120
akzeptiert	4.15	2119
geschwindigkeit	4.15	2119
beliebt	4.14	2118
verpflichtet	4.14	2118
betrüger	4.14	2118
lohnt	4.14	2118
märchen	4.14	2116
blöder	4.14	2116
becky	4.14	2116
wille	4.14	2115
hügel	4.14	2114
königreich	4.14	2114
dennis	4.14	2110
kehren	4.14	2110
baut	4.14	2108
chinesen	4.14	2107
gesichert	4.14	2107
michel	4.14	2106
ruth	4.14	2106
block	4.14	2104
belogen	4.14	2103
malen	4.14	2102
kofferraum	4.14	2102
road	4.14	2102
bursche	4.14	2102
erin	4.14	2101
geständnis	4.14	2101
ausgegangen	4.14	2101
begreifen	4.14	2101
dana	4.14	2100
blitz	4.14	2099
löst	4.14	2097
furcht	4.14	2097
jersey	4.14	2096
ernstes	4.14	2096
verteilt	4.14	2095
bezüglich	4.14	2095
faszinierend	4.14	2094
aufmerksam	4.14	2093
aufregung	4.14	2093
wendy	4.14	2093
ethan	4.14	2092
orte	4.14	2092
entführung	4.14	2091
keucht	4.14	2091
erhielt	4.14	2091
treue	4.14	2090
felsen	4.14	2088
malcolm	4.14	2087
kurzen	4.14	2087
zorn	4.14	2086
taucht	4.14	2086
bestimmen	4.14	2086
ausgesetzt	4.14	2086
zurückgeben	4.14	2086
verkehr	4.14	2086
bewiesen	4.14	2085
generation	4.14	2084
liebste	4.14	2084
ausrichten	4.14	2082
ausnahme	4.14	2082
ebene	4.14	2081
herrlich	4.14	2080
stürzen	4.14	2080
herausforderung	4.14	2080
gefälligst	4.14	2079
farben	4.14	2078
geliebten	4.14	2077
ankommen	4.14	2077
tempo	4.14	2077
unterbrechen	4.14	2077
kindes	4.14	2077
babe	4.14	2075
erden	4.14	2075
schrecklichen	4.14	2075
falsches	4.14	2075
täuschen	4.14	2074
tal	4.14	2074
irgendwer	4.14	2073
deins	4.14	2072
witwe	4.13	2070
sichern	4.13	2070
gerede	4.13	2068
betrug	4.13	2067
trauer	4.13	2067
anwesenheit	4.13	2065
bilden	4.13	2065
gewachsen	4.13	2065
ausflug	4.13	2065
jill	4.13	2065
verlaufen	4.13	2064
rand	4.13	2064
kenny	4.13	2063
rechnen	4.13	2063
aufzug	4.13	2063
befragen	4.13	2063
wegnehmen	4.13	2063
abschied	4.13	2062
benötigen	4.13	2062
pst	4.13	2061
amt	4.13	2060
reiche	4.13	2060
otto	4.13	2060
beginn	4.13	2060
daumen	4.13	2060
bestrafen	4.13	2059
clarence	4.13	2058
weine	4.13	2058
fremder	4.13	2057
sachte	4.13	2056
identifiziert	4.13	2051
gestehen	4.13	2050
mac	4.13	2050
owen	4.13	2050
morris	4.13	2050
riesig	4.13	2049
entscheide	4.13	2049
koma	4.13	2049
prinzen	4.13	2048
bewusstlos	4.13	2048
county	4.13	2047
marke	4.13	2047
harter	4.13	2047
hill	4.13	2046
höflich	4.13	2046
jude	4.13	2045
setzte	4.13	2045
besorg	4.13	2045
absichtlich	4.13	2045
vermasselt	4.13	2045
verschlossen	4.13	2044
sowie	4.13	2044
gesang	4.13	2043
gedreht	4.13	2043
ford	4.13	2043
religion	4.13	2043
ey	4.13	2042
unterschrift	4.13	2042
rosen	4.13	2041
persönliches	4.13	2041
queen	4.13	2040
fortschritte	4.13	2040
eingang	4.13	2038
zugehört	4.13	2037
biete	4.13	2036
clara	4.13	2036
vorhaben	4.13	2035
kultur	4.13	2034
patientin	4.13	2034
stephen	4.13	2033
explodiert	4.13	2033
nichte	4.13	2032
verzichten	4.13	2031
steven	4.13	2031
harris	4.13	2031
existenz	4.13	2030
drehbuch	4.13	2029
football	4.13	2029
anzusehen	4.13	2028
ohnmächtig	4.13	2028
zaun	4.13	2027
anthony	4.13	2027
geladen	4.13	2025
guckt	4.12	2023
privat	4.12	2023
peg	4.12	2023
brauchten	4.12	2022
liam	4.12	2022
heb	4.12	2021
virginia	4.12	2021
wächter	4.12	2018
eimer	4.12	2018
blasen	4.12	2018
rakete	4.12	2017
salz	4.12	2017
unfair	4.12	2017
verzeiht	4.12	2016
esel	4.12	2016
krankenschwester	4.12	2016
symbol	4.12	2014
entscheidet	4.12	2013
fahrzeug	4.12	2012
unterwäsche	4.12	2011
betrachtet	4.12	2009
bauern	4.12	2008
engländer	4.12	2007
wartete	4.12	2006
schaust	4.12	2006
genossen	4.12	2005
tropfen	4.12	2005
probiert	4.12	2004
spock	4.12	2003
café	4.12	2003
verhungern	4.12	2001
versuchten	4.12	2001
mütter	4.12	1999
september	4.12	1998
aktion	4.12	1997
bestanden	4.12	1997
haaren	4.12	1997
louise	4.12	1995
schluchzt	4.12	1993
übertrieben	4.12	1993
heilmittel	4.12	1993
apparat	4.12	1993
vorm	4.12	1992
friedlich	4.12	1992
richtiges	4.12	1992
zuschauer	4.12	1991
teenager	4.12	1991
geliefert	4.12	1990
may	4.12	1990
gestritten	4.12	1990
maus	4.12	1989
lediglich	4.12	1989
charakter	4.12	1988
riley	4.12	1988
krass	4.12	1986
weiterer	4.12	1984
group	4.12	1983
ricky	4.12	1983
diana	4.12	1982
geräusche	4.12	1981
lichter	4.12	1981
starken	4.12	1980
dexter	4.12	1978
staffel	4.12	1977
flaschen	4.12	1977
putzen	4.12	1977
einbruch	4.11	1976
geheilt	4.11	1975
beißen	4.11	1974
nicole	4.11	1972
stammen	4.11	1972
wände	4.11	1972
befürchte	4.11	1971
kostüm	4.11	1971
warren	4.11	1971
grüßen	4.11	1971
versagen	4.11	1970
übernommen	4.11	1969
hoffte	4.11	1968
verschieben	4.11	1968
verspätung	4.11	1968
whiskey	4.11	1967
mars	4.11	1967
media	4.11	1965
entdecken	4.11	1965
traue	4.11	1964
thron	4.11	1964
riesigen	4.11	1963
zelt	4.11	1962
akzent	4.11	1962
truppe	4.11	1960
übertragen	4.11	1960
kompliment	4.11	1960
flammen	4.11	1960
erkennst	4.11	1960
erschrecken	4.11	1960
gemälde	4.11	1960
ari	4.11	1959
walt	4.11	1959
chip	4.11	1959
mannschaft	4.11	1958
cindy	4.11	1956
loyalität	4.11	1956
benjamin	4.11	1955
dankeschön	4.11	1954
vertreten	4.11	1953
verhandlung	4.11	1951
lernst	4.11	1951
brüllt	4.11	1951
füllen	4.11	1950
letztendlich	4.11	1950
krise	4.11	1949
verlierer	4.11	1949
spencer	4.11	1949
with	4.11	1949
kekse	4.11	1949
ausschalten	4.11	1949
penis	4.11	1949
profi	4.11	1948
whisky	4.11	1947
erledige	4.11	1947
gelächter	4.11	1947
fängst	4.11	1945
erklär	4.11	1945
einspruch	4.11	1945
angeln	4.11	1945
rausgehen	4.11	1943
monk	4.11	1942
kaution	4.11	1941
eures	4.11	1940
gesessen	4.11	1939
verrate	4.11	1939
kehrt	4.11	1938
boy	4.11	1937
summe	4.11	1937
lade	4.11	1936
billig	4.11	1936
curtis	4.11	1936
bernard	4.11	1934
juni	4.11	1933
gerissen	4.11	1933
festgenommen	4.11	1932
ralph	4.10	1930
befohlen	4.10	1930
überlege	4.10	1930
koordinaten	4.10	1929
flog	4.10	1928
herzinfarkt	4.10	1927
hinlegen	4.10	1925
nahrung	4.10	1925
liege	4.10	1925
geflohen	4.10	1924
knall	4.10	1922
nebenbei	4.10	1921
mylord	4.10	1921
nachbar	4.10	1921
küss	4.10	1921
lhrem	4.10	1920
geleistet	4.10	1920
nutzt	4.10	1920
fröhliche	4.10	1920
nebel	4.10	1920
front	4.10	1920
veränderung	4.10	1919
affe	4.10	1919
kontaktieren	4.10	1918
brand	4.10	1918
fuhren	4.10	1918
zwischenzeit	4.10	1917
eingesetzt	4.10	1916
anton	4.10	1916
philip	4.10	1916
megan	4.10	1916
schlimmeres	4.10	1916
rennt	4.10	1916
anlegen	4.10	1915
nachzudenken	4.10	1915
schwör	4.10	1915
übliche	4.10	1914
kreatur	4.10	1914
verderben	4.10	1914
medizinische	4.10	1912
besetzt	4.10	1912
zugriff	4.10	1912
kanal	4.10	1910
blutdruck	4.10	1909
grüne	4.10	1909
ausgeben	4.10	1908
papi	4.10	1908
clown	4.10	1908
lhrer	4.10	1908
sonny	4.10	1908
schwören	4.10	1908
hühnchen	4.10	1907
arten	4.10	1906
aufgebaut	4.10	1906
sydney	4.10	1906
betrügen	4.10	1906
steele	4.10	1905
trank	4.10	1904
glatt	4.10	1904
trainiert	4.10	1903
indien	4.10	1903
autor	4.10	1903
geweint	4.10	1902
blume	4.10	1902
verletzungen	4.10	1902
special	4.10	1902
zwillinge	4.10	1902
mia	4.10	1901
reißt	4.10	1901
zeigst	4.10	1900
stirb	4.10	1900
justin	4.10	1899
diane	4.10	1899
gefickt	4.10	1898
schlägst	4.10	1898
moskau	4.10	1898
erwartest	4.10	1897
gestoßen	4.10	1896
durchgehen	4.10	1895
praxis	4.10	1894
gründlich	4.10	1894
benny	4.10	1894
eingeschlossen	4.10	1894
tragödie	4.10	1894
vollständig	4.10	1894
psychiater	4.10	1894
rasse	4.10	1893
lance	4.10	1891
vertraust	4.10	1891
kummer	4.10	1891
eigener	4.10	1890
christine	4.10	1888
partei	4.10	1888
zentrum	4.09	1887
testament	4.09	1887
entfernung	4.09	1886
private	4.09	1886
welten	4.09	1885
verlegen	4.09	1884
heroin	4.09	1884
erfuhr	4.09	1884
gelände	4.09	1884
kutsche	4.09	1883
dummer	4.09	1883
homer	4.09	1883
stabil	4.09	1882
ausgeschlossen	4.09	1882
out	4.09	1882
draus	4.09	1881
aufgehoben	4.09	1881
single	4.09	1880
regisseur	4.09	1880
vielmals	4.09	1880
dylan	4.09	1880
bestand	4.09	1879
k	4.09	1878
erbe	4.09	1878
weggelaufen	4.09	1878
jim-bob	4.09	1877
noah	4.09	1877
leichte	4.09	1876
zuständig	4.09	1875
losgehen	4.09	1875
long	4.09	1875
hustet	4.09	1873
brutal	4.09	1873
besprochen	4.09	1872
halbes	4.09	1871
bargeld	4.09	1870
peggy	4.09	1870
action	4.09	1870
zusammenarbeiten	4.09	1869
beunruhigt	4.09	1869
achte	4.09	1868
innere	4.09	1867
kanone	4.09	1866
eklig	4.09	1865
x	4.09	1865
armes	4.09	1865
avenue	4.09	1863
öffentlich	4.09	1863
nützt	4.09	1862
marine	4.09	1862
brillant	4.09	1861
köder	4.09	1861
gespräche	4.09	1860
nähert	4.09	1859
vorgehen	4.09	1859
kleinigkeit	4.09	1858
kissen	4.09	1858
manny	4.09	1857
geisel	4.09	1857
gerecht	4.09	1856
trost	4.09	1855
gehasst	4.09	1855
a.	4.09	1855
gesorgt	4.09	1854
archer	4.09	1854
spinner	4.09	1854
vergebung	4.09	1853
vieh	4.09	1853
schnelle	4.09	1852
normales	4.09	1852
gefesselt	4.09	1852
lautes	4.09	1851
kalte	4.09	1851
leitet	4.09	1850
angehen	4.09	1849
ekelhaft	4.09	1848
salat	4.09	1848
schicht	4.09	1848
intelligent	4.09	1847
meg	4.09	1847
verhältnis	4.09	1847
socken	4.09	1846
brieftasche	4.09	1846
holly	4.09	1846
packt	4.09	1846
eventuell	4.08	1845
nirgendwohin	4.08	1845
methode	4.08	1845
gelangen	4.08	1845
gespannt	4.08	1843
vernunft	4.08	1842
zurückgehen	4.08	1842
regnet	4.08	1842
drama	4.08	1842
entspannt	4.08	1842
wörter	4.08	1841
klingeln	4.08	1840
ruhige	4.08	1839
sprung	4.08	1839
anständig	4.08	1839
gangster	4.08	1839
harten	4.08	1838
aufzeichnungen	4.08	1837
ofen	4.08	1836
cowboy	4.08	1836
endgültig	4.08	1836
aufgaben	4.08	1835
ruh	4.08	1834
deutsch	4.08	1834
neil	4.08	1833
wodka	4.08	1833
know	4.08	1832
air	4.08	1832
respektieren	4.08	1832
riskant	4.08	1831
lohn	4.08	1829
zuviel	4.08	1829
zustimmen	4.08	1828
schnaps	4.08	1828
troy	4.08	1828
stufe	4.08	1827
erleichtert	4.08	1826
scheune	4.08	1826
vanessa	4.08	1826
klink	4.08	1825
spaziergang	4.08	1824
katherine	4.08	1824
zettel	4.08	1822
kotzen	4.08	1822
blödmann	4.08	1821
hurra	4.08	1820
lana	4.08	1820
symptome	4.08	1819
vorfahren	4.08	1818
nutzlos	4.08	1818
shaw	4.08	1818
telefonnummer	4.08	1817
nochmals	4.08	1817
grey	4.08	1816
medien	4.08	1816
faul	4.08	1813
dient	4.08	1811
russell	4.08	1811
ereignisse	4.08	1810
aussuchen	4.08	1810
verprügelt	4.08	1809
zweites	4.08	1808
sherlock	4.08	1807
fabelhaft	4.08	1807
klinge	4.08	1806
leistung	4.08	1805
beileid	4.08	1805
castle	4.08	1804
durchführen	4.08	1804
mitchell	4.08	1804
eröffnen	4.08	1804
unschuld	4.08	1804
seist	4.07	1803
stoßen	4.07	1802
palmer	4.07	1802
like	4.07	1801
genügend	4.07	1800
sofa	4.07	1800
gestatten	4.07	1799
gekocht	4.07	1799
biest	4.07	1799
lydia	4.07	1798
bräuchte	4.07	1797
ausgelöst	4.07	1795
väter	4.07	1795
verarscht	4.07	1793
butter	4.07	1793
nachbarschaft	4.07	1792
villa	4.07	1792
data	4.07	1792
goldene	4.07	1791
schließe	4.07	1790
saft	4.07	1790
begehen	4.07	1790
hauptquartier	4.07	1788
geschworen	4.07	1787
abgenommen	4.07	1787
werkstatt	4.07	1786
überreden	4.07	1786
nannten	4.07	1785
gemüse	4.07	1784
schläger	4.07	1784
frisst	4.07	1783
bewundere	4.07	1783
geschieden	4.07	1783
assistentin	4.07	1782
wettbewerb	4.07	1781
lebten	4.07	1781
sieger	4.07	1781
verfassung	4.07	1780
küsst	4.07	1780
fußball	4.07	1779
geschnitten	4.07	1778
master	4.07	1778
quietschen	4.07	1778
füttern	4.07	1778
gürtel	4.07	1777
unschuldigen	4.07	1775
menschlich	4.07	1775
eigenartig	4.07	1775
oje	4.07	1774
hanna	4.07	1774
kabel	4.07	1774
duke	4.07	1774
franz	4.07	1773
zahn	4.07	1773
landet	4.07	1773
kisten	4.07	1773
liegst	4.07	1772
mona	4.07	1772
krankenstation	4.07	1772
leine	4.07	1772
beschreibung	4.07	1771
ausmacht	4.07	1770
beschädigt	4.07	1769
grundstück	4.07	1768
steckte	4.07	1768
bahn	4.07	1768
turm	4.07	1768
mine	4.07	1768
sauerstoff	4.07	1767
nö	4.07	1766
angesichts	4.07	1766
ll	4.07	1765
versager	4.07	1765
deinetwegen	4.07	1765
vic	4.07	1765
angeklagt	4.07	1765
aufhört	4.07	1765
baden	4.07	1765
knacken	4.07	1764
verbindungen	4.07	1763
panzer	4.07	1763
marcel	4.07	1762
bach	4.07	1762
leiser	4.06	1761
stimmengewirr	4.06	1761
zerstörung	4.06	1761
stirn	4.06	1761
finn	4.06	1760
sanft	4.06	1759
kloster	4.06	1758
charmant	4.06	1758
aufbauen	4.06	1758
thanksgiving	4.06	1758
anlass	4.06	1757
zähle	4.06	1757
verlieben	4.06	1756
atmosphäre	4.06	1756
ronnie	4.06	1756
samantha	4.06	1752
leber	4.06	1751
jener	4.06	1751
begegnen	4.06	1751
dämlich	4.06	1749
krawatte	4.06	1749
juan	4.06	1748
tarnung	4.06	1748
kanada	4.06	1747
alpha	4.06	1747
baker	4.06	1747
tabletten	4.06	1747
faust	4.06	1747
auftreten	4.06	1747
monroe	4.06	1747
blatt	4.06	1746
gelöscht	4.06	1746
dschungel	4.06	1746
alison	4.06	1745
niedlich	4.06	1744
c.	4.06	1744
klage	4.06	1743
wolltet	4.06	1742
jonas	4.06	1742
akt	4.06	1740
schießerei	4.06	1739
anwältin	4.06	1739
überleg	4.06	1739
frisur	4.06	1739
spruch	4.06	1738
jene	4.06	1738
moral	4.06	1737
angelegenheiten	4.06	1737
dokumente	4.06	1737
fröhlich	4.06	1736
spezies	4.06	1735
oktober	4.06	1735
schachtel	4.06	1733
opfers	4.06	1733
noten	4.06	1733
ellie	4.06	1733
irgendwohin	4.06	1733
nora	4.06	1732
brunnen	4.06	1732
toby	4.06	1732
sandy	4.06	1731
lampe	4.06	1731
craig	4.06	1731
jagt	4.06	1730
eigentum	4.06	1730
diebstahl	4.06	1730
spenden	4.06	1729
betrieb	4.06	1729
gemeinsame	4.06	1728
absurd	4.06	1728
gegensatz	4.06	1728
frühling	4.06	1728
dünn	4.06	1727
ausland	4.06	1727
schultern	4.06	1727
entwicklung	4.06	1726
vergehen	4.06	1726
ahnen	4.06	1726
verbessern	4.06	1725
herzog	4.06	1725
diskussion	4.06	1724
gehalt	4.06	1724
lemon	4.06	1723
freak	4.06	1723
glocke	4.06	1722
forschung	4.06	1722
geradeaus	4.06	1722
fette	4.05	1721
iris	4.05	1720
rechnungen	4.05	1720
kasse	4.05	1720
tödlich	4.05	1720
tieren	4.05	1719
ian	4.05	1719
oberfläche	4.05	1719
gitarre	4.05	1719
bedienen	4.05	1719
jan	4.05	1717
zwang	4.05	1717
marsh	4.05	1716
politiker	4.05	1716
bären	4.05	1716
vereint	4.05	1716
irgendeiner	4.05	1715
subcentral.de	4.05	1715
ward	4.05	1714
besuche	4.05	1714
schreckliches	4.05	1714
schoss	4.05	1714
collins	4.05	1713
werkzeug	4.05	1712
kranken	4.05	1711
neffe	4.05	1710
sue	4.05	1710
dauerte	4.05	1710
brooklyn	4.05	1710
lebenden	4.05	1709
bevölkerung	4.05	1709
hergebracht	4.05	1708
just	4.05	1707
durchziehen	4.05	1707
gepackt	4.05	1707
service	4.05	1707
furchtbare	4.05	1706
liebster	4.05	1706
flieger	4.05	1705
vorschriften	4.05	1704
beherrschen	4.05	1703
guy	4.05	1703
detail	4.05	1703
ausgewählt	4.05	1703
herunter	4.05	1703
schriftsteller	4.05	1702
wärt	4.05	1702
kümmer	4.05	1701
andererseits	4.05	1700
bay	4.05	1700
gene	4.05	1699
shuttle	4.05	1699
üblich	4.05	1699
entführen	4.05	1699
ike	4.05	1698
jury	4.05	1697
box	4.05	1697
ausgedacht	4.05	1696
freddy	4.05	1696
partys	4.05	1695
rausgefunden	4.05	1695
plant	4.05	1694
feige	4.05	1694
gesungen	4.05	1693
möbel	4.05	1693
bewährung	4.05	1692
schieße	4.05	1692
umgeben	4.05	1692
berater	4.05	1692
e-mail	4.05	1690
bailey	4.05	1689
zoo	4.05	1689
gedicht	4.05	1688
lorelai	4.05	1688
bellt	4.05	1687
vorschlagen	4.05	1686
genießt	4.05	1686
baseball	4.05	1686
locken	4.05	1686
ooh	4.05	1686
trennung	4.05	1685
lautsprecher	4.05	1684
ticket	4.05	1684
umwerfend	4.04	1680
kanzlei	4.04	1680
wahres	4.04	1680
zufolge	4.04	1680
come	4.04	1680
hebt	4.04	1679
anschlag	4.04	1678
timing	4.04	1678
kid	4.04	1677
tucker	4.04	1676
befehlen	4.04	1676
etage	4.04	1675
dazwischen	4.04	1674
jules	4.04	1674
heisst	4.04	1674
objekt	4.04	1674
bedaure	4.04	1673
wobei	4.04	1673
kokain	4.04	1672
strategie	4.04	1671
freundes	4.04	1670
wolken	4.04	1670
gräfin	4.04	1670
bruno	4.04	1666
getreten	4.04	1666
cal	4.04	1666
pardon	4.04	1666
genosse	4.04	1665
ungut	4.04	1664
verteilen	4.04	1664
fuchs	4.04	1664
day	4.04	1664
organisiert	4.04	1663
bla	4.04	1663
up	4.04	1662
world	4.04	1661
east	4.04	1661
löcher	4.04	1661
aktiv	4.04	1659
hunter	4.04	1659
werfe	4.04	1659
beantwortet	4.04	1659
meist	4.04	1658
reis	4.04	1658
hierhin	4.04	1657
scotch	4.04	1657
überfahren	4.04	1656
logisch	4.04	1656
heather	4.04	1656
französische	4.04	1655
bekannte	4.04	1655
episode	4.04	1655
engagiert	4.04	1654
manipuliert	4.04	1654
zellen	4.04	1654
are	4.04	1653
blake	4.04	1652
dienste	4.04	1652
sodass	4.04	1652
volkes	4.04	1651
golf	4.04	1651
janet	4.04	1651
schmeißen	4.04	1651
grand	4.04	1650
zurückgekehrt	4.04	1650
eröffnet	4.04	1650
summt	4.04	1649
unterrichten	4.04	1649
verschaffen	4.04	1648
verlobte	4.04	1648
erfahrungen	4.04	1648
shit	4.04	1647
persönlichkeit	4.04	1647
gina	4.04	1647
streichen	4.04	1647
offenen	4.04	1646
weisheit	4.04	1645
vergeht	4.04	1645
beruhig	4.04	1645
zielen	4.04	1645
fans	4.03	1644
wüsstest	4.03	1644
ashley	4.03	1643
schuldet	4.03	1643
erhöhen	4.03	1643
schönsten	4.03	1643
momente	4.03	1643
adrian	4.03	1643
kameraden	4.03	1642
eingebrochen	4.03	1642
amüsiert	4.03	1640
erwähnte	4.03	1639
mitch	4.03	1639
premierminister	4.03	1639
geringste	4.03	1639
übernachten	4.03	1638
infiziert	4.03	1638
goa	4.03	1637
dinner	4.03	1637
rieche	4.03	1637
kredit	4.03	1637
allison	4.03	1636
lake	4.03	1636
legal	4.03	1634
merke	4.03	1634
jubel	4.03	1634
klänge	4.03	1634
größeren	4.03	1633
bewacht	4.03	1633
vietnam	4.03	1633
lehren	4.03	1633
chandler	4.03	1632
präsentieren	4.03	1632
nacken	4.03	1631
auflegen	4.03	1631
vergangen	4.03	1631
fangt	4.03	1630
hühner	4.03	1630
hector	4.03	1630
teal	4.03	1630
sprengen	4.03	1629
einsperren	4.03	1629
turner	4.03	1629
zusammenhang	4.03	1629
wahrer	4.03	1627
joan	4.03	1627
marco	4.03	1627
breit	4.03	1626
pfeife	4.03	1626
treibst	4.03	1626
rannte	4.03	1625
beschuldigt	4.03	1625
set	4.03	1624
verlegt	4.03	1624
überraschungen	4.03	1624
orleans	4.03	1624
douglas	4.03	1624
tauchen	4.03	1623
verdanken	4.03	1623
nadel	4.03	1622
psst	4.03	1621
gelacht	4.03	1621
apfel	4.03	1621
behilflich	4.03	1620
dreckskerl	4.03	1620
mitgefühl	4.03	1620
wichtigsten	4.03	1620
krieges	4.03	1620
wehe	4.03	1619
hope	4.03	1618
heirat	4.03	1617
exakt	4.03	1617
widerstehen	4.03	1617
höchst	4.03	1616
zurückgelassen	4.03	1614
gespürt	4.03	1614
methoden	4.03	1614
interessantes	4.03	1614
sau	4.03	1613
notaufnahme	4.03	1613
verwandten	4.03	1613
jeffrey	4.03	1612
trinkgeld	4.03	1612
ermitteln	4.03	1612
riechst	4.03	1612
beach	4.03	1612
sorte	4.03	1611
kartoffeln	4.03	1611
bo	4.03	1610
elefanten	4.03	1610
sichere	4.03	1610
sämtliche	4.03	1610
gekündigt	4.03	1609
vereinbarung	4.03	1608
harmlos	4.03	1608
weiber	4.03	1608
this	4.03	1608
dicken	4.03	1607
rauskommt	4.02	1606
old	4.02	1606
angestellten	4.02	1605
datum	4.02	1605
bezug	4.02	1605
kerzen	4.02	1605
lawrence	4.02	1604
marsch	4.02	1604
benötigt	4.02	1603
ermittlung	4.02	1603
lagen	4.02	1603
unbekannt	4.02	1603
gefressen	4.02	1603
brett	4.02	1603
manieren	4.02	1602
han	4.02	1602
enthält	4.02	1601
anfing	4.02	1601
kümmerst	4.02	1601
berühmte	4.02	1600
schwieriger	4.02	1599
piloten	4.02	1598
scherze	4.02	1598
anfängt	4.02	1597
läufst	4.02	1597
bekannten	4.02	1597
rasen	4.02	1596
empfehlen	4.02	1596
härter	4.02	1596
geweckt	4.02	1595
befördert	4.02	1595
reiter	4.02	1595
empfinden	4.02	1595
j	4.02	1595
bereite	4.02	1595
täte	4.02	1594
benutzte	4.02	1594
halloween	4.02	1594
abgesagt	4.02	1594
down	4.02	1594
quasi	4.02	1593
kocht	4.02	1593
reingekommen	4.02	1593
hupen	4.02	1592
hinunter	4.02	1592
vorüber	4.02	1591
ausdrücken	4.02	1590
reese	4.02	1589
elliot	4.02	1589
perfekten	4.02	1588
folgte	4.02	1588
rebellen	4.02	1588
di	4.02	1588
hauptsächlich	4.02	1587
schuppen	4.02	1587
braver	4.02	1587
neill	4.02	1587
zwanzig	4.02	1587
berichtet	4.02	1586
einrichtung	4.02	1586
november	4.02	1586
sensoren	4.02	1585
korrigiert	4.02	1585
houston	4.02	1584
richie	4.02	1583
verdächtig	4.02	1583
legst	4.02	1583
aufgebracht	4.02	1582
alternative	4.02	1582
experte	4.02	1582
ferne	4.02	1581
prinzip	4.02	1581
holte	4.02	1581
richte	4.02	1579
donald	4.02	1579
weisen	4.02	1579
ozean	4.02	1578
gelungen	4.02	1578
natalie	4.02	1578
esther	4.02	1577
abschaum	4.02	1577
stevie	4.02	1577
überwacht	4.02	1576
schwierige	4.02	1576
ausgedrückt	4.02	1576
hastings	4.02	1576
notruf	4.02	1575
riss	4.02	1575
bremsen	4.02	1575
häufig	4.02	1574
aktivieren	4.02	1574
lloyd	4.02	1574
anstrengend	4.02	1573
antwortet	4.02	1573
ais	4.02	1573
verschwörung	4.02	1573
kellner	4.02	1572
startet	4.02	1572
franklin	4.02	1572
andermal	4.02	1571
humphrey	4.01	1570
evan	4.01	1570
lkw	4.01	1570
erhält	4.01	1569
schmeißt	4.01	1569
fürst	4.01	1569
carson	4.01	1568
perry	4.01	1567
küsse	4.01	1566
gebet	4.01	1566
miranda	4.01	1565
melancholische	4.01	1565
räume	4.01	1565
riskiert	4.01	1565
verhindert	4.01	1564
ausrede	4.01	1564
darling	4.01	1563
tüte	4.01	1563
manhattan	4.01	1563
operiert	4.01	1562
unfassbar	4.01	1562
herrin	4.01	1561
hergestellt	4.01	1561
lila	4.01	1560
gerichtet	4.01	1560
fordern	4.01	1559
fischen	4.01	1559
kriminelle	4.01	1558
jenem	4.01	1558
verschafft	4.01	1558
dezember	4.01	1558
anspruch	4.01	1558
räuspert	4.01	1558
sid	4.01	1557
unsichtbar	4.01	1557
keith	4.01	1557
seth	4.01	1557
ersetzt	4.01	1557
ruby	4.01	1557
handtuch	4.01	1556
yang	4.01	1556
dale	4.01	1556
blödes	4.01	1555
doof	4.01	1555
wertvoll	4.01	1555
kardinal	4.01	1555
jefferson	4.01	1555
kommunikation	4.01	1554
operieren	4.01	1554
problemen	4.01	1554
aliens	4.01	1554
cameron	4.01	1554
erik	4.01	1554
erkannte	4.01	1554
river	4.01	1553
loszuwerden	4.01	1552
unnötig	4.01	1552
begleite	4.01	1552
analyse	4.01	1551
hochzeitstag	4.01	1550
melodie	4.01	1550
wehren	4.01	1550
pablo	4.01	1549
romantische	4.01	1549
zurückrufen	4.01	1549
rente	4.01	1548
zeremonie	4.01	1548
platte	4.01	1548
now	4.01	1547
ersatz	4.01	1547
mütze	4.01	1547
veränderungen	4.01	1547
zeugin	4.01	1546
rührt	4.01	1546
versichert	4.01	1545
teilt	4.01	1545
russisch	4.01	1544
wundervolle	4.01	1544
willy	4.01	1544
wiederhören	4.01	1544
passagiere	4.01	1543
diebe	4.01	1542
guckst	4.01	1542
fließt	4.01	1541
elend	4.01	1540
andauernd	4.01	1540
nicky	4.01	1540
ungeheuer	4.01	1540
fit	4.01	1540
zeitverschwendung	4.01	1539
ansicht	4.01	1539
gefährliche	4.01	1539
bell	4.01	1539
vierte	4.01	1539
verbrachte	4.01	1538
zentimeter	4.01	1538
trete	4.01	1537
politische	4.01	1537
interessen	4.01	1537
anlage	4.01	1537
anderson	4.01	1536
autounfall	4.01	1536
gefangener	4.01	1536
aufstand	4.01	1535
schafe	4.01	1535
absolute	4.01	1535
kontakte	4.00	1534
trip	4.00	1533
notizen	4.00	1533
ausgegeben	4.00	1533
versorgt	4.00	1531
gnaden	4.00	1531
piraten	4.00	1529
eli	4.00	1529
stuart	4.00	1529
sowohl	4.00	1529
muskeln	4.00	1529
unwahrscheinlich	4.00	1528
steak	4.00	1528
japaner	4.00	1526
spritze	4.00	1526
there	4.00	1526
fesseln	4.00	1526
umarmen	4.00	1525
loser	4.00	1525
begleitet	4.00	1524
früheren	4.00	1523
ally	4.00	1523
wacht	4.00	1523
morden	4.00	1523
eingefallen	4.00	1523
fox	4.00	1523
schneide	4.00	1522
weiten	4.00	1522
times	4.00	1521
musiker	4.00	1521
reichweite	4.00	1520
hood	4.00	1520
maya	4.00	1520
handys	4.00	1519
öffentlichen	4.00	1519
beleidigen	4.00	1518
russischen	4.00	1518
gabriel	4.00	1518
glenn	4.00	1518
erschien	4.00	1518
romeo	4.00	1517
wünsch	4.00	1517
schach	4.00	1516
explodieren	4.00	1516
kater	4.00	1515
wundern	4.00	1515
französischen	4.00	1515
thompson	4.00	1515
habs	4.00	1514
beeinflussen	4.00	1514
heult	4.00	1514
hinfahren	4.00	1514
bedingung	4.00	1514
empfinde	4.00	1514
top	4.00	1513
gemocht	4.00	1513
heran	4.00	1513
stella	4.00	1513
ärgern	4.00	1513
klingst	4.00	1512
konkurrenz	4.00	1512
erfordert	4.00	1512
mädchens	4.00	1511
unsicher	4.00	1511
festung	4.00	1511
runden	4.00	1510
detektiv	4.00	1509
pastor	4.00	1509
kratzer	4.00	1509
junges	4.00	1507
melissa	4.00	1507
gruselig	4.00	1507
flugzeuge	4.00	1507
durchgeführt	4.00	1507
intelligenz	4.00	1506
stieg	4.00	1506
zugestimmt	4.00	1506
mutti	4.00	1506
genieße	4.00	1506
schützt	4.00	1506
rückzug	4.00	1506
konzentriert	4.00	1506
schäme	4.00	1505
reserviert	4.00	1504
goldenen	4.00	1504
bude	4.00	1504
metall	4.00	1504
kane	4.00	1502
jacques	4.00	1502
nüchtern	4.00	1502
absichten	4.00	1501
south	4.00	1501
handschuhe	4.00	1500
erschießt	4.00	1500
arrangiert	4.00	1500
verwundet	3.99	1499
debbie	3.99	1498
bates	3.99	1498
anfühlt	3.99	1498
drückt	3.99	1498
absagen	3.99	1498
behalt	3.99	1498
einiger	3.99	1497
russische	3.99	1497
beeindrucken	3.99	1497
düstere	3.99	1496
geschäftlich	3.99	1496
egoistisch	3.99	1496
mario	3.99	1496
rocky	3.99	1496
ranch	3.99	1495
pat	3.99	1495
gerücht	3.99	1494
jen	3.99	1494
temperatur	3.99	1494
weggenommen	3.99	1493
tickets	3.99	1492
li	3.99	1492
ablenken	3.99	1492
verletzung	3.99	1492
anwesend	3.99	1492
umlegen	3.99	1492
einfachen	3.99	1491
gehorchen	3.99	1490
gemalt	3.99	1490
duncan	3.99	1489
räuber	3.99	1489
adler	3.99	1488
süßigkeiten	3.99	1488
lunge	3.99	1487
zurückziehen	3.99	1487
wyatt	3.99	1486
sonnenuntergang	3.99	1486
oper	3.99	1485
agentur	3.99	1484
kühe	3.99	1484
aufräumen	3.99	1484
krach	3.99	1484
sharon	3.99	1484
ablehnen	3.99	1483
graham	3.99	1483
pfeil	3.99	1483
unbekannte	3.99	1483
aussprechen	3.99	1483
route	3.99	1482
emotional	3.99	1482
belästigen	3.99	1482
kälte	3.99	1482
sektor	3.99	1482
blockiert	3.99	1481
öffentliche	3.99	1481
schweden	3.99	1481
gates	3.99	1481
häuptling	3.99	1480
märz	3.99	1480
nummern	3.99	1480
dar	3.99	1479
irrst	3.99	1479
leite	3.99	1479
frosch	3.99	1478
vorübergehend	3.99	1478
büchern	3.99	1478
mick	3.99	1477
miese	3.99	1477
anfangs	3.99	1476
verwandt	3.99	1476
gefährdet	3.99	1475
cola	3.99	1475
falscher	3.99	1475
kara	3.99	1475
verängstigt	3.99	1474
quellen	3.99	1474
republik	3.99	1474
f	3.99	1474
us	3.99	1474
silber	3.99	1474
aß	3.99	1474
umschlag	3.99	1473
freust	3.99	1472
hinsicht	3.99	1472
ereignis	3.99	1472
beschissene	3.99	1472
vergraben	3.99	1471
gebunden	3.99	1471
marion	3.99	1471
ente	3.99	1471
gläser	3.99	1470
kommentar	3.99	1470
doppelte	3.99	1470
boris	3.99	1469
sanfte	3.99	1469
gibbs	3.99	1469
lola	3.99	1469
buck	3.99	1469
zivilisation	3.99	1469
tiefen	3.99	1469
reicher	3.99	1468
verhaftung	3.99	1468
meldung	3.99	1468
bohnen	3.99	1468
pfeifen	3.98	1465
hall	3.98	1465
leon	3.98	1465
raketen	3.98	1465
gutem	3.98	1464
versetzen	3.98	1464
ziege	3.98	1464
löwe	3.98	1463
cat	3.98	1463
central	3.98	1463
tötest	3.98	1463
pierce	3.98	1463
privatsphäre	3.98	1463
j.	3.98	1463
büßen	3.98	1463
kalten	3.98	1462
eid	3.98	1461
burschen	3.98	1461
zweit	3.98	1461
unterscheiden	3.98	1461
gerechnet	3.98	1461
telegramm	3.98	1460
sprecht	3.98	1460
babysitter	3.98	1460
pfad	3.98	1460
getanzt	3.98	1459
mafia	3.98	1459
verteidigt	3.98	1458
abschalten	3.98	1458
wellen	3.98	1458
besoffen	3.98	1458
diensten	3.98	1458
abschließen	3.98	1457
angehalten	3.98	1456
doyle	3.98	1455
assistent	3.98	1454
ketten	3.98	1454
reist	3.98	1454
merkst	3.98	1453
bot	3.98	1453
gwen	3.98	1453
inwiefern	3.98	1452
pille	3.98	1452
bock	3.98	1452
korb	3.98	1452
herrschaften	3.98	1452
en	3.98	1451
bedauern	3.98	1451
angefasst	3.98	1451
heißer	3.98	1451
aufrichtig	3.98	1450
conrad	3.98	1450
versorgen	3.98	1450
sperren	3.98	1450
naiv	3.98	1449
mauern	3.98	1449
hugo	3.98	1448
erweisen	3.98	1448
zurücklassen	3.98	1448
samurai	3.98	1447
hoffnungen	3.98	1447
feststellen	3.98	1447
finch	3.98	1446
mandanten	3.98	1446
quartier	3.98	1446
philippe	3.98	1445
neidisch	3.98	1445
alicia	3.98	1445
chips	3.98	1445
zugelassen	3.98	1444
weibliche	3.98	1443
schlauer	3.98	1443
vorwürfe	3.98	1443
aushalten	3.98	1443
einschlafen	3.98	1443
transport	3.98	1442
laptop	3.98	1442
arrangieren	3.98	1442
städte	3.98	1441
vorzustellen	3.98	1441
unterm	3.98	1440
flash	3.98	1440
u-bahn	3.98	1440
status	3.98	1440
bond	3.98	1440
stephanie	3.98	1440
zweifellos	3.98	1440
rückwärts	3.98	1439
chffff00	3.98	1439
skandal	3.98	1439
angebracht	3.98	1439
pressen	3.98	1439
tschuldigung	3.98	1438
papierkram	3.98	1438
trat	3.98	1438
gemeinschaft	3.98	1438
instinkt	3.98	1438
flitterwochen	3.98	1437
narbe	3.98	1437
kombination	3.98	1437
vorgesetzten	3.98	1437
ausprobieren	3.98	1437
solcher	3.98	1436
sexuelle	3.98	1436
geliebter	3.98	1436
julien	3.98	1436
lauren	3.98	1436
ignoriert	3.98	1436
leslie	3.98	1436
zogen	3.98	1435
zahnarzt	3.98	1435
gelitten	3.98	1435
zutritt	3.98	1434
vergewaltigung	3.98	1434
drehe	3.98	1434
ertrage	3.98	1433
andern	3.97	1432
streich	3.97	1432
kichert	3.97	1432
sternenflotte	3.97	1431
kreaturen	3.97	1431
reif	3.97	1430
übermorgen	3.97	1430
dicker	3.97	1429
got	3.97	1429
nest	3.97	1429
but	3.97	1429
angerichtet	3.97	1429
verklagen	3.97	1429
helm	3.97	1428
bingo	3.97	1428
vergleichen	3.97	1428
schweiz	3.97	1428
bemerken	3.97	1428
herbst	3.97	1427
meredith	3.97	1427
zurückholen	3.97	1427
nazis	3.97	1427
stamm	3.97	1427
auswahl	3.97	1427
braves	3.97	1427
sichergehen	3.97	1426
antreten	3.97	1426
lester	3.97	1426
vorstand	3.97	1426
sdi	3.97	1425
robbie	3.97	1425
organisieren	3.97	1425
tank	3.97	1424
let	3.97	1424
besprechung	3.97	1424
studium	3.97	1423
gossip	3.97	1423
kreditkarte	3.97	1423
schwuchtel	3.97	1423
profil	3.97	1423
donner	3.97	1423
drake	3.97	1422
schrecken	3.97	1422
stall	3.97	1422
saßen	3.97	1422
quitt	3.97	1422
hotels	3.97	1421
respektiere	3.97	1420
kandidaten	3.97	1420
schulen	3.97	1419
crane	3.97	1419
geschäftsmann	3.97	1418
arnold	3.97	1417
läutet	3.97	1417
lachst	3.97	1417
champion	3.97	1417
unverständlich	3.97	1416
ermorden	3.97	1416
betracht	3.97	1415
schadet	3.97	1415
fester	3.97	1415
aah	3.97	1414
rühren	3.97	1414
geregelt	3.97	1413
unterbrochen	3.97	1413
angesicht	3.97	1413
kriminellen	3.97	1413
when	3.97	1413
helena	3.97	1413
einzelheiten	3.97	1412
anlügen	3.97	1412
beschütze	3.97	1412
stattfinden	3.97	1412
dads	3.97	1412
fortschritt	3.97	1412
gelingt	3.97	1411
feierabend	3.97	1411
feste	3.97	1411
burger	3.97	1410
spannend	3.97	1410
deputy	3.97	1409
einnehmen	3.97	1409
schalte	3.97	1409
passwort	3.97	1408
würstchen	3.97	1408
mittlerweile	3.97	1407
aufzugeben	3.97	1407
führst	3.97	1406
harper	3.97	1406
zivilisten	3.97	1406
ewige	3.97	1406
emotionen	3.97	1406
beurteilen	3.97	1405
käufer	3.97	1405
stars	3.97	1404
erwachsenen	3.97	1404
division	3.97	1404
aufzunehmen	3.97	1404
booth	3.97	1404
werft	3.97	1403
ältere	3.97	1403
banken	3.97	1403
kätzchen	3.97	1403
option	3.97	1402
heiratest	3.97	1402
rettete	3.97	1402
aufstellen	3.97	1402
husten	3.97	1402
schublade	3.97	1401
gestürzt	3.97	1401
seattle	3.97	1401
ankommt	3.97	1400
befragt	3.97	1400
buchstaben	3.97	1400
spielten	3.96	1399
gestiegen	3.96	1399
abgefahren	3.96	1399
gewaschen	3.96	1399
anzunehmen	3.96	1399
rob	3.96	1398
anzahl	3.96	1398
zombies	3.96	1397
have	3.96	1397
anhänger	3.96	1397
gewisser	3.96	1396
vorkommen	3.96	1396
festnehmen	3.96	1396
willow	3.96	1396
medizinischen	3.96	1395
kern	3.96	1394
offene	3.96	1393
gefeiert	3.96	1393
anschließen	3.96	1393
rico	3.96	1393
clarke	3.96	1392
erfindung	3.96	1392
besserer	3.96	1392
autopsie	3.96	1392
rucksack	3.96	1391
zwingt	3.96	1391
gnädige	3.96	1391
einsamkeit	3.96	1391
gesprungen	3.96	1391
t-shirt	3.96	1390
geopfert	3.96	1390
lena	3.96	1390
beiseite	3.96	1390
umgekehrt	3.96	1389
geschworenen	3.96	1389
draussen	3.96	1389
ausgesprochen	3.96	1389
beseitigen	3.96	1388
burg	3.96	1387
ausführen	3.96	1387
gesperrt	3.96	1387
carla	3.96	1387
irrer	3.96	1387
drehte	3.96	1387
ersparen	3.96	1387
force	3.96	1386
frech	3.96	1386
einziehen	3.96	1385
kira	3.96	1385
hot	3.96	1385
genehmigung	3.96	1385
tankstelle	3.96	1385
versteckte	3.96	1385
interessanter	3.96	1385
schneider	3.96	1385
gelb	3.96	1385
et	3.96	1383
gefährden	3.96	1383
handtasche	3.96	1383
urteilen	3.96	1383
erhöht	3.96	1382
preise	3.96	1382
bumm	3.96	1382
unbekannten	3.96	1382
gelten	3.96	1381
life	3.96	1381
butler	3.96	1380
möglichst	3.96	1380
münze	3.96	1380
singe	3.96	1379
saison	3.96	1379
andrea	3.96	1379
partnerin	3.96	1379
haltung	3.96	1379
vollidiot	3.96	1379
fasst	3.96	1379
winston	3.96	1379
minus	3.96	1379
pflichten	3.96	1379
spar	3.96	1378
demselben	3.96	1378
ruhestand	3.96	1378
versteckst	3.96	1377
kai	3.96	1377
bewachen	3.96	1375
oz	3.96	1375
vera	3.96	1375
anhörung	3.96	1375
lieder	3.96	1374
miguel	3.96	1374
dreckig	3.96	1374
verbreiten	3.96	1374
wei	3.96	1374
sch	3.96	1374
carmen	3.96	1373
first	3.96	1373
schenke	3.96	1373
wölfe	3.96	1373
erholen	3.96	1373
bedenkt	3.96	1372
blutet	3.96	1372
freddie	3.96	1371
beschweren	3.96	1371
schmeiß	3.96	1371
gauner	3.96	1371
verursachen	3.96	1371
elvis	3.96	1370
produkt	3.96	1370
cathy	3.96	1370
tafel	3.96	1369
kacke	3.96	1369
versammelt	3.96	1369
sandra	3.96	1368
regelmäßig	3.96	1368
geschrei	3.96	1368
ruder	3.95	1367
allah	3.95	1367
vollen	3.95	1367
aktivitäten	3.95	1367
wohnte	3.95	1367
kaninchen	3.95	1367
systeme	3.95	1367
orange	3.95	1367
platten	3.95	1367
rex	3.95	1366
y	3.95	1366
geliehen	3.95	1365
befolgen	3.95	1365
belästigt	3.95	1365
hongkong	3.95	1365
zombie	3.95	1364
vorgeht	3.95	1364
heißes	3.95	1364
überprüfe	3.95	1364
veröffentlicht	3.95	1363
erschieß	3.95	1362
mahlzeit	3.95	1362
offizielle	3.95	1362
yorker	3.95	1362
angie	3.95	1362
aufbrechen	3.95	1361
überlasse	3.95	1361
get	3.95	1361
kenntnis	3.95	1361
beschissenen	3.95	1361
trevor	3.95	1361
verbindet	3.95	1360
sanitäter	3.95	1360
überraschend	3.95	1360
geantwortet	3.95	1359
droht	3.95	1359
italienisch	3.95	1358
verhör	3.95	1358
größeres	3.95	1357
klagen	3.95	1357
dichter	3.95	1357
großartiger	3.95	1357
gratis	3.95	1356
fürchtet	3.95	1356
abzuholen	3.95	1356
gefühlen	3.95	1355
beschäftigen	3.95	1355
unglaubliche	3.95	1355
selbe	3.95	1355
barnes	3.95	1354
spürt	3.95	1354
funkgerät	3.95	1354
abgegeben	3.95	1353
laurel	3.95	1353
angemessen	3.95	1353
ohnehin	3.95	1352
chinesisch	3.95	1352
orden	3.95	1351
angeheuert	3.95	1351
wählt	3.95	1351
lustige	3.95	1350
abhängen	3.95	1350
vierten	3.95	1350
tanner	3.95	1350
schläge	3.95	1349
zögern	3.95	1349
bezeichnen	3.95	1349
seltsames	3.95	1349
beruflich	3.95	1348
un	3.95	1348
bedeckt	3.95	1348
anzufangen	3.95	1348
geraucht	3.95	1347
töteten	3.95	1347
begeben	3.95	1346
verständlich	3.95	1345
pop	3.95	1345
merkte	3.95	1345
infektion	3.95	1345
kitty	3.95	1345
entspricht	3.95	1344
winkel	3.95	1344
experten	3.95	1344
betten	3.95	1344
boxen	3.95	1344
torte	3.95	1343
austausch	3.95	1343
aufregen	3.95	1343
vermuten	3.95	1343
geheimdienst	3.95	1343
schlangen	3.95	1342
erholt	3.95	1342
zach	3.95	1342
überzeugend	3.95	1341
prue	3.95	1341
genick	3.95	1340
wuchs	3.95	1340
autorität	3.95	1340
schinken	3.95	1340
wien	3.95	1340
langes	3.95	1339
sookie	3.95	1339
zoey	3.95	1339
fetten	3.95	1339
hai	3.95	1338
binden	3.95	1338
erpressung	3.95	1338
derzeit	3.95	1338
getäuscht	3.95	1338
buddy	3.95	1338
keines	3.95	1337
sammlung	3.95	1337
anruft	3.95	1337
tauchte	3.95	1337
weist	3.95	1337
ergreifen	3.95	1337
frohes	3.95	1337
hänge	3.95	1337
bewohner	3.95	1337
entschied	3.94	1336
supermarkt	3.94	1336
offiziere	3.94	1336
verwandte	3.94	1336
schwachkopf	3.94	1335
antoine	3.94	1334
irak	3.94	1334
rangehen	3.94	1334
naomi	3.94	1333
kündigen	3.94	1333
geldes	3.94	1333
dealer	3.94	1333
könige	3.94	1333
army	3.94	1332
januar	3.94	1332
agnes	3.94	1332
priorität	3.94	1332
beförderung	3.94	1332
kranke	3.94	1332
eifersucht	3.94	1332
way	3.94	1332
heutige	3.94	1331
sprang	3.94	1331
kürze	3.94	1331
polen	3.94	1330
erbärmlich	3.94	1330
erfasst	3.94	1330
besonderer	3.94	1330
good	3.94	1330
geräte	3.94	1330
tanze	3.94	1330
königliche	3.94	1330
durchmachen	3.94	1329
dallas	3.94	1328
verschwendet	3.94	1328
kennedy	3.94	1328
uld	3.94	1327
alec	3.94	1326
akzeptiere	3.94	1326
ausgeschaltet	3.94	1326
ufer	3.94	1326
risiken	3.94	1326
schrie	3.94	1326
beeinflusst	3.94	1325
hal	3.94	1325
aussiehst	3.94	1325
ausgebildet	3.94	1324
bezirk	3.94	1324
herrje	3.94	1324
beauftragt	3.94	1324
geschützt	3.94	1324
abgeschnitten	3.94	1324
qualität	3.94	1323
henker	3.94	1323
ausgezogen	3.94	1323
versichern	3.94	1323
gewinnst	3.94	1322
navy	3.94	1322
schmidt	3.94	1322
beschloss	3.94	1322
batman	3.94	1321
sun	3.94	1321
kapierst	3.94	1321
scheibe	3.94	1321
veronica	3.94	1321
rosie	3.94	1320
pedro	3.94	1320
konferenz	3.94	1320
länder	3.94	1320
flecken	3.94	1319
fur	3.94	1319
neal	3.94	1319
sonnenaufgang	3.94	1319
reed	3.94	1319
braun	3.94	1317
diagnose	3.94	1317
paranoid	3.94	1317
weltraum	3.94	1317
adams	3.94	1316
vorbild	3.94	1316
halle	3.94	1315
wandern	3.94	1314
fisher	3.94	1314
frost	3.94	1314
gehandelt	3.94	1314
hawaii	3.94	1314
kabine	3.94	1313
chefin	3.94	1313
porter	3.94	1313
römer	3.94	1313
weinst	3.94	1312
bäumen	3.94	1312
simpson	3.94	1311
datenbank	3.94	1310
suchten	3.94	1310
gesegnet	3.94	1310
teilnehmen	3.94	1308
umbringt	3.94	1308
claude	3.94	1308
blonde	3.94	1307
bunker	3.94	1307
mieser	3.94	1307
löffel	3.94	1307
geteilt	3.94	1307
klaren	3.94	1307
bree	3.93	1306
abhängig	3.93	1305
überlebenden	3.93	1305
worf	3.93	1305
geeignet	3.93	1305
hindern	3.93	1305
fahrstuhl	3.93	1305
ausgeht	3.93	1304
mylady	3.93	1304
flagge	3.93	1304
komplette	3.93	1304
hing	3.93	1304
italiener	3.93	1304
disziplin	3.93	1304
erzogen	3.93	1304
harvard	3.93	1303
kongress	3.93	1303
eingezogen	3.93	1303
kurzer	3.93	1303
schirm	3.93	1303
merlin	3.93	1302
charme	3.93	1302
vorlesen	3.93	1301
gefährlicher	3.93	1301
mitfahren	3.93	1299
maurice	3.93	1299
anzeigen	3.93	1299
d.	3.93	1298
schieb	3.93	1297
empfindlich	3.93	1297
parken	3.93	1297
koche	3.93	1296
gestrichen	3.93	1296
berühmten	3.93	1296
manchen	3.93	1296
klopf	3.93	1294
zorro	3.93	1294
reichlich	3.93	1294
lügnerin	3.93	1293
mode	3.93	1293
songs	3.93	1293
breche	3.93	1293
ausgeraubt	3.93	1292
hahn	3.93	1292
wußte	3.93	1292
krachen	3.93	1292
spürte	3.93	1292
versammlung	3.93	1292
folter	3.93	1292
speck	3.93	1292
bedrohliche	3.93	1291
piept	3.93	1291
verbreitet	3.93	1290
nolan	3.93	1290
tore	3.93	1290
t.	3.93	1290
vorräte	3.93	1289
saal	3.93	1289
wirtschaft	3.93	1289
fremd	3.93	1289
mehrmals	3.93	1288
generationen	3.93	1288
coole	3.93	1288
kaufst	3.93	1287
abbrechen	3.93	1286
seife	3.93	1286
herde	3.93	1286
zwerg	3.93	1286
brandon	3.93	1285
z.b.	3.93	1285
neffen	3.93	1284
festgehalten	3.93	1284
ablenkung	3.93	1284
totale	3.93	1284
herrscher	3.93	1284
überstehen	3.93	1284
sprengstoff	3.93	1283
mikey	3.93	1283
erdbeben	3.93	1283
level	3.93	1283
australien	3.93	1283
figuren	3.93	1282
älteren	3.93	1282
lynn	3.93	1282
po	3.93	1281
theo	3.93	1281
spinnt	3.93	1281
gleichgewicht	3.93	1280
schalter	3.93	1280
kumpels	3.93	1280
zuneigung	3.93	1279
rollstuhl	3.93	1279
bienen	3.93	1279
mischen	3.93	1279
hauptstadt	3.93	1279
koks	3.93	1279
piepen	3.93	1278
langem	3.93	1278
umsehen	3.93	1278
gelegen	3.93	1278
em	3.93	1277
banditen	3.93	1277
hasste	3.93	1277
getestet	3.93	1277
camille	3.93	1277
brody	3.93	1277
dosis	3.93	1277
glaubten	3.93	1277
somit	3.92	1276
ernähren	3.92	1276
hacken	3.92	1276
kammer	3.92	1276
lenny	3.92	1275
roll	3.92	1275
bezaubernd	3.92	1275
wiederholt	3.92	1274
zueinander	3.92	1274
tattoo	3.92	1274
melanie	3.92	1274
einschließlich	3.92	1273
randall	3.92	1273
finsternis	3.92	1273
wallace	3.92	1272
betrachte	3.92	1272
schmerzt	3.92	1272
gelehrt	3.92	1271
gewechselt	3.92	1271
menschliches	3.92	1271
redete	3.92	1271
frühen	3.92	1271
voyager	3.92	1271
caleb	3.92	1271
entdeckte	3.92	1271
wirkte	3.92	1271
versprichst	3.92	1271
scheine	3.92	1270
transporter	3.92	1270
n.	3.92	1270
moderne	3.92	1269
elijah	3.92	1269
wilder	3.92	1269
abgelenkt	3.92	1269
abzug	3.92	1269
north	3.92	1268
becher	3.92	1268
sicherstellen	3.92	1267
e.	3.92	1267
anweisung	3.92	1266
klettern	3.92	1266
fingern	3.92	1266
geste	3.92	1266
spürst	3.92	1266
privatleben	3.92	1266
zusammenarbeit	3.92	1265
hinauf	3.92	1265
si	3.92	1265
tokio	3.92	1264
sicherheitsdienst	3.92	1264
kaugummi	3.92	1263
weltkrieg	3.92	1263
huren	3.92	1263
foster	3.92	1263
gemeinsamen	3.92	1262
garantieren	3.92	1262
wells	3.92	1262
ln	3.92	1262
antonio	3.92	1262
kommunizieren	3.92	1261
cm	3.92	1261
marc	3.92	1261
blieben	3.92	1261
technisch	3.92	1260
frühstücken	3.92	1259
ve	3.92	1259
khan	3.92	1259
billiger	3.92	1258
elaine	3.92	1258
standort	3.92	1258
wagt	3.92	1258
leugnen	3.92	1258
beißt	3.92	1258
landung	3.92	1258
ernste	3.92	1257
schockiert	3.92	1257
esst	3.92	1257
begleitung	3.92	1256
allianz	3.92	1256
vermutet	3.92	1255
echo	3.92	1255
herstellen	3.92	1255
lars	3.92	1254
lokal	3.92	1254
sklave	3.92	1254
honig	3.92	1254
videos	3.92	1253
verkehrt	3.92	1253
göttin	3.92	1253
segeln	3.92	1252
bewahrt	3.92	1252
cass	3.92	1251
hinterließ	3.92	1250
ganzer	3.92	1250
cody	3.92	1250
doris	3.92	1250
verurteilen	3.92	1250
höchsten	3.92	1250
februar	3.92	1250
privaten	3.92	1249
burke	3.92	1249
v	3.92	1249
begegnung	3.92	1249
steige	3.92	1249
feuerwehr	3.92	1249
apollo	3.92	1248
beginne	3.92	1248
ähnliches	3.92	1248
stevens	3.91	1247
grauen	3.91	1247
wärter	3.91	1247
gewann	3.91	1247
vertreter	3.91	1247
starker	3.91	1246
liebend	3.91	1246
marge	3.91	1245
schoß	3.91	1245
serviert	3.91	1245
heilig	3.91	1245
bißchen	3.91	1245
security	3.91	1244
genaue	3.91	1244
wally	3.91	1243
gewaltig	3.91	1243
knoten	3.91	1243
begriffen	3.91	1242
klarstellen	3.91	1242
chwhite	3.91	1242
hinrichtung	3.91	1242
überwinden	3.91	1242
ablegen	3.91	1241
einfällt	3.91	1241
wundert	3.91	1241
stimmte	3.91	1241
drohen	3.91	1240
madison	3.91	1240
entgehen	3.91	1240
stundenlang	3.91	1240
hausmeister	3.91	1239
helikopter	3.91	1239
beverly	3.91	1239
puppen	3.91	1239
aussah	3.91	1239
night	3.91	1238
beobachte	3.91	1238
check	3.91	1238
juwelen	3.91	1238
bogen	3.91	1237
duft	3.91	1237
ankam	3.91	1237
respektiert	3.91	1237
non	3.91	1237
schein	3.91	1237
gewehre	3.91	1236
kellnerin	3.91	1236
vertraulich	3.91	1236
insgesamt	3.91	1236
ächzen	3.91	1236
untersuchungen	3.91	1235
fliegst	3.91	1235
platt	3.91	1235
aufrecht	3.91	1234
geprüft	3.91	1234
hammond	3.91	1234
bedient	3.91	1234
mangel	3.91	1234
hoher	3.91	1233
knien	3.91	1232
hobby	3.91	1232
ling	3.91	1232
ivan	3.91	1231
nachtisch	3.91	1231
kollegin	3.91	1231
edwards	3.91	1231
alptraum	3.91	1230
regina	3.91	1230
ausgesehen	3.91	1229
reichtum	3.91	1229
überaus	3.91	1229
eisen	3.91	1229
beamen	3.91	1229
haftbefehl	3.91	1228
verletzte	3.91	1228
buchstäblich	3.91	1228
größter	3.91	1228
sylvia	3.91	1228
flieg	3.91	1228
dreckige	3.91	1227
erfinden	3.91	1227
ernte	3.91	1227
kamin	3.91	1227
scotty	3.91	1227
weste	3.91	1227
sahst	3.91	1226
kennzeichen	3.91	1226
grayson	3.91	1225
kronen	3.91	1225
wage	3.91	1225
z	3.91	1225
siegen	3.91	1225
verlobten	3.91	1225
edgar	3.91	1225
afghanistan	3.91	1225
würdig	3.91	1224
aufwacht	3.91	1224
gratulieren	3.91	1224
schwager	3.91	1224
violet	3.91	1223
infos	3.91	1223
föderation	3.91	1223
dose	3.91	1223
wärme	3.91	1222
erschienen	3.91	1222
magazin	3.91	1222
klemme	3.91	1222
schenkt	3.91	1222
min	3.91	1222
wars	3.91	1222
verstoßen	3.91	1222
nicholas	3.91	1221
georgia	3.91	1221
kräftig	3.91	1220
herzens	3.91	1220
mel	3.91	1220
nachbarin	3.91	1220
igitt	3.91	1220
formel	3.91	1219
bro	3.91	1219
hervor	3.91	1219
wohnwagen	3.91	1219
wegwerfen	3.91	1219
spinne	3.91	1219
tumor	3.90	1218
bezahlung	3.90	1218
päckchen	3.90	1218
grob	3.90	1218
nagel	3.90	1218
donovan	3.90	1218
starren	3.90	1217
vertreiben	3.90	1217
wirkst	3.90	1217
traust	3.90	1217
heiratete	3.90	1216
take	3.90	1216
neuesten	3.90	1216
e-mails	3.90	1215
gitter	3.90	1215
blocks	3.90	1215
erobern	3.90	1214
gin	3.90	1214
spinnen	3.90	1214
gestalt	3.90	1214
liter	3.90	1214
patty	3.90	1213
drew	3.90	1213
illusion	3.90	1213
plaudern	3.90	1212
schneidet	3.90	1212
welle	3.90	1212
samuel	3.90	1212
haft	3.90	1212
seltsamen	3.90	1211
spannung	3.90	1211
knallt	3.90	1211
zurückzukehren	3.90	1210
bestimmung	3.90	1210
tresor	3.90	1210
amber	3.90	1210
verfluchten	3.90	1209
fischer	3.90	1209
verluste	3.90	1208
lehre	3.90	1208
jenna	3.90	1208
revolver	3.90	1208
schrott	3.90	1208
verbringt	3.90	1208
state	3.90	1207
wähle	3.90	1207
films	3.90	1207
vorhang	3.90	1207
mitspielen	3.90	1207
erregt	3.90	1206
arbeiteten	3.90	1206
aufgelöst	3.90	1206
überlass	3.90	1206
trag	3.90	1206
überein	3.90	1205
unterrichtet	3.90	1205
ungewöhnliches	3.90	1204
eve	3.90	1204
lagerhaus	3.90	1204
raub	3.90	1204
visionen	3.90	1204
firmen	3.90	1204
liv	3.90	1203
verhandlungen	3.90	1203
fickt	3.90	1202
verdorben	3.90	1202
produktion	3.90	1201
füreinander	3.90	1201
krankheiten	3.90	1201
reggie	3.90	1200
jeanne	3.90	1200
schräg	3.90	1200
belle	3.90	1200
bluten	3.90	1200
meinten	3.90	1200
beamten	3.90	1200
h.	3.90	1200
bereden	3.90	1199
claudia	3.90	1199
einmischen	3.90	1199
ärsche	3.90	1198
futter	3.90	1197
verknallt	3.90	1197
muschi	3.90	1197
beschuldigen	3.90	1196
aktien	3.90	1196
harrison	3.90	1196
scheißer	3.90	1196
sexuell	3.90	1195
kinderspiel	3.90	1195
torres	3.90	1195
magische	3.90	1194
dummheit	3.90	1194
gezahlt	3.90	1194
bewegungen	3.90	1194
karre	3.90	1193
abziehen	3.90	1193
bedarf	3.90	1192
üblichen	3.90	1192
umgelegt	3.90	1192
inhalt	3.89	1191
dankbarkeit	3.89	1191
peng	3.89	1191
herkommt	3.89	1191
geehrt	3.89	1190
träumte	3.89	1190
make-up	3.89	1190
verhört	3.89	1190
messe	3.89	1190
anwesen	3.89	1190
deutscher	3.89	1189
saubere	3.89	1189
gebete	3.89	1189
pommes	3.89	1188
toni	3.89	1188
lande	3.89	1188
ruht	3.89	1188
anerkennung	3.89	1188
wunderbaren	3.89	1188
galaxie	3.89	1187
vermutung	3.89	1187
inklusive	3.89	1187
überwachung	3.89	1186
unabhängig	3.89	1186
brien	3.89	1185
fernhalten	3.89	1185
statue	3.89	1185
bestätigung	3.89	1185
dawn	3.89	1185
finale	3.89	1185
verzweiflung	3.89	1184
gewährt	3.89	1184
deprimiert	3.89	1184
erteilen	3.89	1183
colin	3.89	1183
rahmen	3.89	1183
durchgedreht	3.89	1183
erteilt	3.89	1183
fotze	3.89	1182
fehlte	3.89	1182
verlorene	3.89	1182
kanonen	3.89	1182
kansas	3.89	1181
klub	3.89	1181
britischen	3.89	1181
aufzubauen	3.89	1181
jubeln	3.89	1181
ausgelöscht	3.89	1180
marianne	3.89	1180
stu	3.89	1180
servieren	3.89	1179
weltweit	3.89	1179
fotografieren	3.89	1179
niederlage	3.89	1179
zehen	3.89	1179
schwächen	3.89	1178
sternen	3.89	1178
sheila	3.89	1178
bemühen	3.89	1178
logik	3.89	1178
stillen	3.89	1178
bellows	3.89	1177
todesursache	3.89	1177
beschaffen	3.89	1176
abgezogen	3.89	1176
klassische	3.89	1176
außergewöhnlich	3.89	1176
gruppen	3.89	1176
schwarzes	3.89	1176
durchhalten	3.89	1175
lm	3.89	1175
weitergeht	3.89	1175
kooperieren	3.89	1175
mächtigen	3.89	1175
greif	3.89	1175
mehreren	3.89	1175
verschwindest	3.89	1175
forderungen	3.89	1175
anfall	3.89	1174
klare	3.89	1174
teresa	3.89	1174
wunderschönen	3.89	1174
bestehe	3.89	1173
verkaufte	3.89	1173
aufeinander	3.89	1173
garcia	3.89	1172
hässliche	3.89	1172
großem	3.89	1172
mitbekommen	3.89	1172
gate	3.89	1171
saul	3.89	1171
ingenieur	3.89	1171
campbell	3.89	1171
andenken	3.89	1171
eintreten	3.89	1170
kämpfte	3.89	1170
zustimmung	3.89	1170
besagt	3.89	1170
roter	3.89	1170
flamme	3.89	1170
aufzuhören	3.89	1169
dokument	3.89	1169
bishop	3.89	1169
schuhen	3.89	1168
timmy	3.89	1166
simone	3.89	1166
federn	3.89	1166
paps	3.89	1166
auswendig	3.89	1165
bundy	3.89	1165
spezielle	3.89	1165
experimente	3.89	1165
szenen	3.88	1164
gezählt	3.88	1164
pfannkuchen	3.88	1164
hase	3.88	1163
highway	3.88	1163
aufenthalt	3.88	1163
bennett	3.88	1163
devon	3.88	1163
polly	3.88	1163
verstecke	3.88	1163
summen	3.88	1163
blutung	3.88	1163
more	3.88	1162
heidi	3.88	1162
hilflos	3.88	1162
staatsanwaltschaft	3.88	1162
ehrlichkeit	3.88	1161
messen	3.88	1161
mächtige	3.88	1161
stur	3.88	1161
ringe	3.88	1161
weiterleben	3.88	1160
aufspüren	3.88	1160
keks	3.88	1160
rückgängig	3.88	1160
fünfte	3.88	1159
netflix	3.88	1159
mieten	3.88	1159
speziell	3.88	1159
neugier	3.88	1158
nägel	3.88	1158
ausgefallen	3.88	1158
glen	3.88	1158
yes	3.88	1156
verstorbenen	3.88	1156
verkleidet	3.88	1156
entdeckung	3.88	1155
rauche	3.88	1155
betteln	3.88	1155
blond	3.88	1154
cam	3.88	1154
gilbert	3.88	1154
burt	3.88	1154
weggegangen	3.88	1153
nutze	3.88	1153
gütiger	3.88	1152
abgebrochen	3.88	1152
herkunft	3.88	1152
annahme	3.88	1152
wirfst	3.88	1152
gestank	3.88	1152
hintertür	3.88	1151
truthahn	3.88	1150
gefüllt	3.88	1150
bereithalten	3.88	1150
vorhat	3.88	1150
eleanor	3.88	1150
touristen	3.88	1150
fordere	3.88	1149
tagsüber	3.88	1149
feucht	3.88	1149
jeans	3.88	1149
befragung	3.88	1149
abgelaufen	3.88	1149
picard	3.88	1148
fu	3.88	1148
wunderbarer	3.88	1148
depp	3.88	1148
hüte	3.88	1148
israel	3.88	1148
ausschau	3.88	1148
kreischt	3.88	1147
bellen	3.88	1147
manipulieren	3.88	1147
studie	3.88	1147
heinrich	3.88	1147
knurren	3.88	1147
busch	3.88	1146
abwesenheit	3.88	1146
reitet	3.88	1145
komplizierter	3.88	1145
traut	3.88	1145
bestellung	3.88	1145
tatsachen	3.88	1145
heiligkeit	3.88	1145
back	3.88	1144
jahrhunderts	3.88	1144
verglichen	3.88	1144
sehnsucht	3.88	1143
überredet	3.88	1143
demokratie	3.88	1143
ranger	3.88	1143
empfehle	3.88	1143
schalt	3.88	1142
gevögelt	3.88	1142
young	3.88	1142
ra	3.88	1142
silver	3.88	1141
kräften	3.88	1140
rauszukommen	3.88	1140
schäden	3.88	1140
aggressiv	3.88	1139
ausleihen	3.88	1139
bella	3.88	1139
schlucken	3.88	1139
wesentlich	3.88	1139
ca.	3.88	1139
satan	3.88	1138
erben	3.87	1137
police	3.87	1137
horn	3.87	1137
lebende	3.87	1137
schmutzige	3.87	1137
eiskalt	3.87	1137
sirene	3.87	1137
birthday	3.87	1136
ritual	3.87	1136
ira	3.87	1135
pflanze	3.87	1135
stürzt	3.87	1135
reynolds	3.87	1135
investiert	3.87	1135
bernie	3.87	1134
marilyn	3.87	1134
formen	3.87	1134
freundchen	3.87	1134
politischen	3.87	1134
freigelassen	3.87	1134
lionel	3.87	1134
rausgeworfen	3.87	1133
verprügeln	3.87	1133
bescheiden	3.87	1133
garderobe	3.87	1133
streifen	3.87	1133
rausgekommen	3.87	1133
jodi	3.87	1133
voneinander	3.87	1132
wirt	3.87	1132
kasten	3.87	1132
zeichnen	3.87	1132
backen	3.87	1132
scheitern	3.87	1131
francs	3.87	1131
jon	3.87	1131
salon	3.87	1131
medikament	3.87	1131
demnächst	3.87	1131
geboten	3.87	1130
spike	3.87	1130
auslösen	3.87	1130
pferden	3.87	1130
lebensmittel	3.87	1130
ruhiger	3.87	1129
durchsuchungsbefehl	3.87	1129
allmählich	3.87	1129
benommen	3.87	1129
adieu	3.87	1129
fragten	3.87	1129
vortrag	3.87	1128
amerikas	3.87	1128
sherry	3.87	1128
och	3.87	1128
oui	3.87	1128
erpressen	3.87	1128
flittchen	3.87	1128
zähnen	3.87	1128
u-boot	3.87	1128
daniels	3.87	1128
endete	3.87	1128
ängstlich	3.87	1128
she	3.87	1127
as	3.87	1127
durchbruch	3.87	1126
dorothy	3.87	1125
wiederhaben	3.87	1125
schrecklicher	3.87	1125
model	3.87	1125
besitze	3.87	1125
sorg	3.87	1124
sophia	3.87	1124
sullivan	3.87	1124
chor	3.87	1123
zuschlagen	3.87	1123
schere	3.87	1123
kampagne	3.87	1123
jax	3.87	1123
verrücktes	3.87	1122
gestartet	3.87	1121
reinigen	3.87	1121
stoppt	3.87	1121
lucky	3.87	1121
quälen	3.87	1120
berufung	3.87	1120
luis	3.87	1120
knöchel	3.87	1120
zeitplan	3.87	1120
zerbrochen	3.87	1120
verfluchter	3.87	1120
weichei	3.87	1120
jegliche	3.87	1119
versuchung	3.87	1119
shelby	3.87	1119
beitrag	3.87	1119
picknick	3.87	1119
argument	3.87	1119
reiner	3.87	1119
flüstern	3.87	1118
dummheiten	3.87	1118
meile	3.87	1118
hamburger	3.87	1118
kontaktiert	3.87	1118
spione	3.87	1117
fähnrich	3.87	1117
erinnerte	3.87	1117
türklingel	3.87	1117
henri	3.87	1117
dynamit	3.87	1116
organe	3.87	1116
fell	3.87	1116
sonnenschein	3.87	1116
archie	3.87	1115
lache	3.87	1115
elisabeth	3.87	1115
aufgelegt	3.87	1115
bräutigam	3.87	1115
chinesische	3.87	1115
monats	3.87	1115
shakespeare	3.87	1114
verrät	3.87	1114
drunter	3.87	1114
schottland	3.87	1114
drohung	3.87	1114
wa	3.87	1113
wende	3.87	1113
gefoltert	3.87	1113
erwachsener	3.87	1113
einzigartig	3.87	1113
briten	3.87	1113
profis	3.87	1112
mon	3.87	1112
übertreiben	3.87	1112
ressourcen	3.87	1112
bischof	3.87	1112
nationale	3.87	1112
ausstehen	3.87	1112
geschwister	3.87	1112
mountain	3.87	1112
zurücktreten	3.86	1111
avery	3.86	1111
roberts	3.86	1111
axt	3.86	1111
hugh	3.86	1111
händler	3.86	1111
ägypten	3.86	1111
überdenken	3.86	1111
ludwig	3.86	1110
fiona	3.86	1110
warme	3.86	1110
joel	3.86	1110
konzentrier	3.86	1110
del	3.86	1110
dampf	3.86	1110
missbraucht	3.86	1110
loyal	3.86	1110
wurzeln	3.86	1109
aufhängen	3.86	1109
wurm	3.86	1109
kathy	3.86	1108
kerze	3.86	1108
bereue	3.86	1108
loslegen	3.86	1108
o.k.	3.86	1108
fingen	3.86	1108
besatzung	3.86	1107
dog	3.86	1107
klüger	3.86	1107
zugestoßen	3.86	1107
befürchten	3.86	1107
folgende	3.86	1106
schmerzhaft	3.86	1106
jody	3.86	1106
beschrieben	3.86	1105
zittern	3.86	1105
standpunkt	3.86	1105
visier	3.86	1105
rang	3.86	1105
phoenix	3.86	1104
wesley	3.86	1104
herausfindet	3.86	1104
schaute	3.86	1104
theoretisch	3.86	1104
if	3.86	1104
chan	3.86	1103
beutel	3.86	1103
drängen	3.86	1102
schlimmen	3.86	1102
klient	3.86	1102
hängst	3.86	1102
veranda	3.86	1102
pam	3.86	1102
jüngste	3.86	1102
strahlung	3.86	1102
betrügt	3.86	1102
unendlich	3.86	1101
gedichte	3.86	1101
sven	3.86	1101
irene	3.86	1101
gereist	3.86	1101
schiss	3.86	1101
benimmst	3.86	1101
schwangerschaft	3.86	1101
subcentral	3.86	1101
kopien	3.86	1101
infrage	3.86	1101
zweifeln	3.86	1100
nonne	3.86	1100
müsse	3.86	1100
juliette	3.86	1100
richtet	3.86	1100
lecken	3.86	1100
feuerwerk	3.86	1099
neueste	3.86	1099
geistes	3.86	1099
verletzten	3.86	1098
abwechslung	3.86	1098
ausgeführt	3.86	1098
kleingeld	3.86	1098
evans	3.86	1098
gelegentlich	3.86	1098
denise	3.86	1098
braten	3.86	1098
angelegt	3.86	1097
artie	3.86	1097
corporal	3.86	1097
entsteht	3.86	1097
rogers	3.86	1097
herzschlag	3.86	1097
glücklicherweise	3.86	1097
heilung	3.86	1096
cäsar	3.86	1096
angeklagten	3.86	1096
profit	3.86	1096
brüllen	3.86	1096
verschieden	3.86	1095
münzen	3.86	1095
hinterlässt	3.86	1095
königlichen	3.86	1094
stadtrat	3.86	1094
pressekonferenz	3.86	1094
nich	3.86	1093
geschaut	3.86	1093
zugegeben	3.86	1093
end	3.86	1093
komisches	3.86	1093
regie	3.86	1093
merk	3.86	1093
boote	3.86	1093
verbrennt	3.86	1093
allergisch	3.86	1092
schweizer	3.86	1091
verdächtiger	3.86	1091
gasse	3.86	1091
tussi	3.86	1091
befürchtet	3.86	1091
reite	3.86	1091
außerirdische	3.86	1091
ehemaliger	3.86	1090
radar	3.86	1090
gestattet	3.86	1090
gefecht	3.86	1090
angeschaut	3.86	1089
gedient	3.86	1089
pension	3.86	1089
strich	3.86	1088
lippenstift	3.86	1088
stab	3.86	1088
außerirdischen	3.86	1088
termine	3.86	1088
maler	3.86	1087
verweigert	3.86	1087
boxer	3.86	1087
vorteile	3.86	1087
ausstellung	3.86	1087
tragisch	3.86	1087
rasch	3.85	1086
oberste	3.85	1086
polizistin	3.85	1086
windeln	3.85	1086
detroit	3.85	1086
arizona	3.85	1086
universums	3.85	1086
aufheben	3.85	1085
narben	3.85	1085
fleißig	3.85	1084
freizeit	3.85	1084
elegant	3.85	1084
dolch	3.85	1084
sloan	3.85	1084
eindringen	3.85	1083
auszeit	3.85	1083
internationalen	3.85	1083
fielen	3.85	1083
weggeworfen	3.85	1083
vergeuden	3.85	1082
blätter	3.85	1082
blass	3.85	1082
konzept	3.85	1082
look	3.85	1082
keineswegs	3.85	1081
faden	3.85	1081
kleinste	3.85	1081
geschrien	3.85	1081
ertrunken	3.85	1081
blase	3.85	1081
treffpunkt	3.85	1081
schrift	3.85	1081
mathe	3.85	1080
royal	3.85	1080
evelyn	3.85	1080
britische	3.85	1080
körperlich	3.85	1080
konzentration	3.85	1080
schaltet	3.85	1079
draht	3.85	1079
at	3.85	1079
älteste	3.85	1079
höhere	3.85	1079
gerannt	3.85	1079
tower	3.85	1078
gedrückt	3.85	1078
reinigung	3.85	1078
fordert	3.85	1078
ideale	3.85	1078
stiehlt	3.85	1078
money	3.85	1078
eiern	3.85	1077
dritter	3.85	1077
züge	3.85	1077
optionen	3.85	1077
ge	3.85	1077
roland	3.85	1077
ersticken	3.85	1077
farmer	3.85	1077
batterie	3.85	1076
obst	3.85	1076
badewanne	3.85	1076
manches	3.85	1075
droge	3.85	1075
übertragung	3.85	1075
enge	3.85	1074
nickerchen	3.85	1074
juhu	3.85	1074
cora	3.85	1074
lungen	3.85	1073
öffnete	3.85	1073
abschneiden	3.85	1073
valentine	3.85	1072
hierbei	3.85	1072
sorgst	3.85	1072
phillip	3.85	1072
schaffte	3.85	1072
omar	3.85	1071
anfänger	3.85	1071
gen	3.85	1071
ungerecht	3.85	1071
reue	3.85	1071
two	3.85	1071
rhythmus	3.85	1071
kündige	3.85	1070
mitgehen	3.85	1070
siegel	3.85	1070
moore	3.85	1070
stechen	3.85	1070
baue	3.85	1069
prostituierte	3.85	1069
heller	3.85	1069
umgehend	3.85	1069
hoffnungslos	3.85	1069
checken	3.85	1069
drücke	3.85	1068
wong	3.85	1067
merkwürdige	3.85	1067
valley	3.85	1067
brandy	3.85	1067
gelbe	3.85	1067
nützen	3.85	1067
venedig	3.85	1066
gideon	3.85	1066
lernten	3.85	1066
benimmt	3.85	1066
georg	3.85	1066
mächtiger	3.85	1066
genutzt	3.85	1065
verzieh	3.85	1065
schüssel	3.85	1065
dreckigen	3.85	1065
wiegt	3.85	1065
kg	3.85	1065
abraham	3.85	1065
seltsamer	3.85	1064
hiervon	3.85	1064
beraten	3.85	1064
schienen	3.85	1064
wirkliche	3.85	1064
träumt	3.85	1063
versprech	3.85	1063
ideal	3.85	1063
norma	3.85	1063
sire	3.85	1063
marschieren	3.85	1063
mitbewohner	3.85	1063
verlobung	3.85	1063
mio.	3.85	1063
funken	3.85	1062
gleichfalls	3.85	1062
geringsten	3.85	1062
empfange	3.85	1062
führten	3.85	1062
ex-frau	3.85	1062
gelben	3.85	1062
lach	3.84	1061
vereinbart	3.84	1061
kimmy	3.84	1061
prügel	3.84	1061
läuten	3.84	1061
anzugreifen	3.84	1061
balkon	3.84	1061
fran	3.84	1060
flüchten	3.84	1060
umkehren	3.84	1060
ansieht	3.84	1060
rechtfertigen	3.84	1060
belügen	3.84	1060
verdächtigt	3.84	1060
begannen	3.84	1060
snow	3.84	1059
oskar	3.84	1059
englischen	3.84	1059
inspiriert	3.84	1059
murray	3.84	1059
shirt	3.84	1058
erlaube	3.84	1058
ertrinken	3.84	1058
sorgfältig	3.84	1058
spuck	3.84	1058
eingetroffen	3.84	1058
chang	3.84	1058
lynette	3.84	1058
feine	3.84	1058
home	3.84	1057
grosse	3.84	1057
schickten	3.84	1057
überreste	3.84	1057
how	3.84	1057
garantiere	3.84	1057
unerträglich	3.84	1057
vorerst	3.84	1056
yale	3.84	1056
verirrt	3.84	1056
überstanden	3.84	1056
harriet	3.84	1056
liga	3.84	1056
wertlos	3.84	1056
marvin	3.84	1055
gottverdammt	3.84	1055
gesammelt	3.84	1054
kanntest	3.84	1054
bezeichnet	3.84	1054
beantworte	3.84	1054
baltimore	3.84	1054
shirley	3.84	1054
connie	3.84	1053
netzwerk	3.84	1053
moses	3.84	1053
entstehen	3.84	1053
ingalls	3.84	1053
lauten	3.84	1053
fasziniert	3.84	1052
tv4user	3.84	1052
ehrliche	3.84	1052
akademie	3.84	1052
grünes	3.84	1052
branche	3.84	1052
rudy	3.84	1052
soße	3.84	1051
situationen	3.84	1051
entführer	3.84	1051
ewigen	3.84	1051
erzeugt	3.84	1050
fünften	3.84	1050
dtv	3.84	1050
registriert	3.84	1050
basketball	3.84	1050
abgesetzt	3.84	1049
irgendwelchen	3.84	1049
vorsitzender	3.84	1049
bedürfnisse	3.84	1049
suite	3.84	1049
mhm-hm	3.84	1048
regieren	3.84	1048
barkeeper	3.84	1048
ausgemacht	3.84	1048
fritz	3.84	1048
dateien	3.84	1048
dixon	3.84	1048
gegründet	3.84	1047
wolke	3.84	1047
wall	3.84	1047
umgang	3.84	1047
schenk	3.84	1046
festen	3.84	1046
erziehung	3.84	1046
agentin	3.84	1045
marines	3.84	1045
hasen	3.84	1044
institut	3.84	1044
mittleren	3.84	1044
hingerichtet	3.84	1044
lenken	3.84	1043
angewiesen	3.84	1043
überlebende	3.84	1043
bass	3.84	1043
pearl	3.84	1043
lahm	3.84	1043
basiert	3.84	1043
rasieren	3.84	1043
angeordnet	3.84	1043
gewalttätig	3.84	1042
untergang	3.84	1042
flach	3.84	1042
autogramm	3.84	1041
schwule	3.84	1041
kompanie	3.84	1041
casino	3.84	1041
solches	3.84	1041
sackgasse	3.84	1041
einbrecher	3.84	1040
stehenbleiben	3.84	1040
erwartungen	3.84	1040
flüssigkeit	3.84	1040
erraten	3.84	1040
verkaufst	3.84	1039
vorsprung	3.84	1039
zahlst	3.84	1039
verkäufer	3.84	1038
zukommen	3.84	1038
abdrücke	3.83	1037
kurve	3.83	1037
kämpfst	3.83	1037
les	3.83	1037
verziehen	3.83	1036
invasion	3.83	1036
pissen	3.83	1036
klarer	3.83	1036
herrschen	3.83	1036
prince	3.83	1036
zylonen	3.83	1036
donnie	3.83	1036
giles	3.83	1036
outfit	3.83	1036
prinzipien	3.83	1035
rühr	3.83	1035
entzückend	3.83	1035
reinen	3.83	1035
drecksack	3.83	1035
frischen	3.83	1035
corabeth	3.83	1035
höhepunkt	3.83	1035
elsa	3.83	1035
geduldig	3.83	1034
rio	3.83	1034
pest	3.83	1034
wenigsten	3.83	1034
beschwert	3.83	1034
natürliche	3.83	1034
erzeugen	3.83	1034
fürchterlich	3.83	1034
veröffentlichen	3.83	1034
tv4user.de	3.83	1034
wunderbares	3.83	1034
isaac	3.83	1033
unglücklicherweise	3.83	1033
ratschläge	3.83	1033
erstickt	3.83	1033
vagina	3.83	1032
scharfe	3.83	1032
nutten	3.83	1032
äpfel	3.83	1032
zoll	3.83	1032
region	3.83	1032
zuliebe	3.83	1031
riefen	3.83	1031
wachmann	3.83	1031
gipfel	3.83	1031
geübt	3.83	1031
d.j.	3.83	1031
jammer	3.83	1031
lädt	3.83	1030
galerie	3.83	1030
enkelin	3.83	1030
mönch	3.83	1030
tinte	3.83	1030
journalist	3.83	1030
glückspilz	3.83	1030
platzen	3.83	1029
ego	3.83	1029
reinste	3.83	1029
news	3.83	1028
aspirin	3.83	1028
right	3.83	1027
andre	3.83	1027
früchte	3.83	1027
bart.	3.83	1027
gewähren	3.83	1027
prophezeiung	3.83	1027
winzig	3.83	1027
light	3.83	1027
tonnen	3.83	1026
lizenz	3.83	1026
maßnahmen	3.83	1026
ermittelt	3.83	1025
stufen	3.83	1025
w	3.83	1024
joy	3.83	1024
lüg	3.83	1024
who	3.83	1024
student	3.83	1024
absetzen	3.83	1024
schwindel	3.83	1024
national	3.83	1024
fanny	3.83	1024
vorgeschlagen	3.83	1024
arbeitslos	3.83	1023
borg	3.83	1023
getränke	3.83	1023
ick	3.83	1023
joyce	3.83	1023
änderte	3.83	1022
philadelphia	3.83	1022
pfoten	3.83	1022
ausländer	3.83	1022
häng	3.83	1021
clyde	3.83	1021
kalender	3.83	1021
isabelle	3.83	1021
hannibal	3.83	1020
brüdern	3.83	1020
überstunden	3.83	1020
angehört	3.83	1019
langweilen	3.83	1019
deutet	3.83	1019
griffin	3.83	1018
friseur	3.83	1018
oberen	3.83	1018
fertigmachen	3.83	1018
they	3.83	1018
teure	3.83	1018
silas	3.83	1018
gedroht	3.83	1018
ana	3.83	1018
ermordung	3.83	1017
maura	3.83	1017
komischen	3.83	1017
bestimmtes	3.83	1017
diskret	3.83	1017
kriechen	3.83	1017
weißes	3.83	1016
luthor	3.83	1016
hinüber	3.83	1016
zauberei	3.83	1016
wünschst	3.83	1016
nadia	3.83	1016
biss	3.83	1015
komischer	3.83	1015
hotelzimmer	3.83	1014
delta	3.83	1014
chinesischen	3.83	1014
beängstigend	3.83	1014
hills	3.83	1014
quentin	3.83	1014
frequenz	3.83	1014
vorhast	3.83	1014
tödliche	3.82	1013
summer	3.82	1013
verband	3.82	1013
gebucht	3.82	1013
investieren	3.82	1013
website	3.82	1013
diät	3.82	1013
benimm	3.82	1012
vergangenen	3.82	1012
rodney	3.82	1012
verbringe	3.82	1012
zukünftige	3.82	1012
kong	3.82	1011
ehemalige	3.82	1011
ch00ff00	3.82	1010
aufklären	3.82	1010
kämen	3.82	1010
unauffällig	3.82	1009
gefälscht	3.82	1009
geier	3.82	1009
anschuldigungen	3.82	1009
sal	3.82	1009
restlichen	3.82	1009
tomaten	3.82	1009
gonna	3.82	1009
philosophie	3.82	1009
liebten	3.82	1009
programmiert	3.82	1008
shawn	3.82	1008
festgestellt	3.82	1008
fällig	3.82	1008
kneipe	3.82	1008
bezahlst	3.82	1008
beende	3.82	1008
fehlst	3.82	1007
vornehmen	3.82	1007
sumpf	3.82	1007
apotheke	3.82	1006
internationale	3.82	1006
liefert	3.82	1006
wehen	3.82	1006
bastarde	3.82	1006
erstochen	3.82	1006
schiffes	3.82	1005
manuel	3.82	1005
nördlich	3.82	1005
american	3.82	1005
körpers	3.82	1004
schal	3.82	1004
anklagen	3.82	1004
schlagt	3.82	1004
entscheidest	3.82	1004
sammelt	3.82	1004
gegenzug	3.82	1004
vorzubereiten	3.82	1004
enttäuschung	3.82	1003
unterkunft	3.82	1003
freilassen	3.82	1003
grau	3.82	1003
hunt	3.82	1003
verlobter	3.82	1003
niere	3.82	1003
kratzen	3.82	1002
altar	3.82	1002
erstaunt	3.82	1002
d.c.	3.82	1002
ausbruch	3.82	1002
tuch	3.82	1001
fahne	3.82	1001
beleidigung	3.82	1001
bedeutete	3.82	1001
verhält	3.82	1001
unheimliche	3.82	1001
unsterblich	3.82	1000
hohes	3.82	1000
evakuieren	3.82	1000
produziert	3.82	1000
nachfolger	3.82	1000
blicke	3.82	1000
vorschläge	3.82	1000
chauffeur	3.82	1000
englische	3.82	999
ironie	3.82	999
ausreichend	3.82	999
hit	3.82	999
anderthalb	3.82	999
erlösung	3.82	999
käfer	3.82	999
küsschen	3.82	999
eugene	3.82	998
auslöschen	3.82	998
ihretwegen	3.82	998
limonade	3.82	998
hedley	3.82	998
billige	3.82	997
tequila	3.82	997
schlachtfeld	3.82	997
knight	3.82	997
gemäß	3.82	997
angreifer	3.82	997
hingegangen	3.82	996
dns	3.82	996
zero	3.82	996
liefen	3.82	996
schale	3.82	996
restaurants	3.82	996
ausfindig	3.82	996
mills	3.82	996
angriffe	3.82	995
rotes	3.82	995
percy	3.82	995
modernen	3.82	995
motto	3.82	995
eintritt	3.82	994
bh	3.82	994
betroffen	3.82	994
misstrauisch	3.82	994
verwirrend	3.82	994
kapelle	3.82	993
starkes	3.82	993
brick	3.82	993
gebetet	3.82	992
einrichten	3.82	992
ausnutzen	3.82	992
kinn	3.82	992
frisches	3.82	992
quatschen	3.82	992
automatisch	3.82	991
chad	3.82	991
körperverletzung	3.82	991
spritzen	3.82	991
einwohner	3.82	991
renn	3.82	991
pink	3.82	991
chen	3.82	991
gezeichnet	3.82	991
anständige	3.82	991
steif	3.81	990
rekord	3.81	990
durchgeknallt	3.81	990
foltern	3.81	990
erspart	3.81	989
kuba	3.81	989
bräuchten	3.81	989
überdosis	3.81	989
armband	3.81	989
bert	3.81	989
adoptiert	3.81	989
komplizen	3.81	988
ehemaligen	3.81	988
department	3.81	988
einschalten	3.81	988
handschrift	3.81	987
ältesten	3.81	987
assistenten	3.81	987
großartigen	3.81	987
männlich	3.81	987
übernimmst	3.81	987
übrigen	3.81	986
klaviermusik	3.81	986
ash	3.81	986
viktor	3.81	986
judith	3.81	986
gemietet	3.81	986
mischung	3.81	986
luxus	3.81	986
schwung	3.81	985
vicky	3.81	985
hochgehen	3.81	985
wegtreten	3.81	985
stargate	3.81	985
carlo	3.81	985
beherrscht	3.81	985
grippe	3.81	984
informanten	3.81	984
mm-hmm	3.81	984
hülle	3.81	984
side	3.81	983
floh	3.81	983
kit	3.81	983
fitz	3.81	983
nudeln	3.81	983
schaf	3.81	983
uhrzeit	3.81	983
zigarre	3.81	983
tänzerin	3.81	982
einkaufszentrum	3.81	982
vollmond	3.81	982
mexikaner	3.81	982
piepst	3.81	982
gestoppt	3.81	981
gray	3.81	981
eingerichtet	3.81	981
umarmung	3.81	981
rohr	3.81	980
batterien	3.81	980
ella	3.81	980
spende	3.81	980
julius	3.81	980
mumm	3.81	980
gans	3.81	979
leuchten	3.81	979
alien	3.81	979
dom	3.81	978
geriet	3.81	978
unterzeichnet	3.81	978
operationen	3.81	978
schütteln	3.81	978
vermissten	3.81	978
angespannt	3.81	978
folgenden	3.81	978
fantastische	3.81	978
fies	3.81	978
warp	3.81	977
heilt	3.81	977
auswirkungen	3.81	977
geschlecht	3.81	977
buchhalter	3.81	977
drache	3.81	977
computerlogbuch	3.81	977
deuten	3.81	976
bildung	3.81	976
aufbewahrt	3.81	976
persönlicher	3.81	976
erpresst	3.81	976
sang	3.81	976
hinbringen	3.81	976
amerikanischer	3.81	976
üble	3.81	975
einfaches	3.81	975
angesetzt	3.81	975
mmm	3.81	975
hudson	3.81	975
josef	3.81	974
reagan	3.81	973
volltreffer	3.81	973
jonah	3.81	973
totaler	3.81	973
robinson	3.81	973
zustößt	3.81	973
herrschaft	3.81	973
verhören	3.81	973
unverzüglich	3.81	973
christina	3.81	972
bemüht	3.81	972
aufgefunden	3.81	972
unfähig	3.81	972
stellten	3.81	972
mi	3.81	972
ursprünglich	3.81	972
distanz	3.81	972
rufus	3.81	971
verheimlichen	3.81	971
verstorben	3.81	971
göttern	3.81	971
hunden	3.81	971
letztens	3.81	970
jasper	3.81	970
napoleon	3.81	970
joshua	3.81	970
billigen	3.81	969
verschont	3.81	969
rendezvous	3.81	969
empfehlung	3.81	969
handgelenk	3.80	968
boten	3.80	968
unterzeichnen	3.80	968
belasten	3.80	968
speziellen	3.80	968
literatur	3.80	968
landete	3.80	967
gelangt	3.80	967
cooler	3.80	967
quer	3.80	967
satelliten	3.80	967
triff	3.80	967
analysieren	3.80	967
zuhälter	3.80	966
zutiefst	3.80	966
geleitet	3.80	966
schlachten	3.80	965
angestellte	3.80	965
gestalten	3.80	965
köpfen	3.80	965
stipendium	3.80	964
illegale	3.80	964
vergiften	3.80	964
here	3.80	964
feiert	3.80	964
bewundern	3.80	964
herbert	3.80	964
furchtbaren	3.80	964
hüfte	3.80	964
involviert	3.80	964
wurf	3.80	963
maschinenraum	3.80	963
inspiration	3.80	963
ohio	3.80	963
samen	3.80	963
hinterhalt	3.80	962
gewahrsam	3.80	962
schweres	3.80	962
einatmen	3.80	962
zurückhalten	3.80	962
schlampen	3.80	962
parfüm	3.80	961
präsidentin	3.80	961
abe	3.80	961
entlassung	3.80	961
todesstrafe	3.80	960
ausgebrochen	3.80	960
wegfahren	3.80	960
sultan	3.80	960
hauch	3.80	960
abstellen	3.80	959
pornos	3.80	959
erklärte	3.80	959
produzieren	3.80	959
müller	3.80	958
gehängt	3.80	958
weinte	3.80	958
routine	3.80	958
merci	3.80	957
nellie	3.80	957
xander	3.80	957
schneid	3.80	957
kluge	3.80	957
heart	3.80	957
ländern	3.80	957
bevorzuge	3.80	957
ctu	3.80	957
umkreis	3.80	957
beschwerden	3.80	957
teufels	3.80	956
brooke	3.80	956
genehmigt	3.80	956
bildern	3.80	956
scheißen	3.80	956
schenkte	3.80	956
erschlagen	3.80	955
irland	3.80	955
yard	3.80	955
journalisten	3.80	955
fände	3.80	955
zurückkomme	3.80	955
ärmel	3.80	955
fließen	3.80	955
arabisch	3.80	954
verfolge	3.80	954
juckt	3.80	954
männliche	3.80	954
klingonen	3.80	954
zerrissen	3.80	953
tausch	3.80	953
schlaganfall	3.80	953
johannes	3.80	953
popcorn	3.80	953
gärtner	3.80	953
bläst	3.80	953
jet	3.80	953
chester	3.80	952
garantie	3.80	952
ändere	3.80	952
jessie	3.80	952
anstand	3.80	952
power	3.80	952
junkie	3.80	951
vati	3.80	951
topf	3.80	951
packe	3.80	951
knöpfe	3.80	951
aussehe	3.80	950
verabschiedet	3.80	950
bedürfnis	3.80	950
nähen	3.80	950
sprecher	3.80	950
chemie	3.80	950
hinweisen	3.80	949
stumm	3.80	948
zusammenhalten	3.80	948
geradezu	3.80	948
mitzunehmen	3.80	948
weite	3.80	948
lori	3.80	948
rippen	3.80	948
kühl	3.80	948
dahinten	3.80	947
techniker	3.80	947
abel	3.80	947
betet	3.80	947
beachten	3.80	947
baute	3.80	947
bonjour	3.80	947
schecks	3.80	947
ausgabe	3.80	947
boyd	3.80	947
vermasseln	3.79	946
nötige	3.79	946
südlich	3.79	946
gramm	3.79	946
laken	3.79	946
bildet	3.79	946
bewahre	3.79	946
leises	3.79	946
g.	3.79	946
lastwagen	3.79	945
kritik	3.79	945
stürzte	3.79	945
behält	3.79	945
sofern	3.79	945
vermisste	3.79	945
entsetzlich	3.79	945
francine	3.79	945
ermittler	3.79	945
nikki	3.79	945
aufgestanden	3.79	945
fälschung	3.79	944
visiontext	3.79	944
abschnitt	3.79	944
hausarrest	3.79	944
sensibel	3.79	944
album	3.79	944
lebewesen	3.79	944
lösegeld	3.79	944
verwechselt	3.79	944
prügeln	3.79	944
regnen	3.79	943
weichen	3.79	943
point	3.79	943
pussy	3.79	943
anvertrauen	3.79	942
ollie	3.79	942
kuppel	3.79	942
verließen	3.79	942
jakob	3.79	942
besuchte	3.79	942
gewerkschaft	3.79	942
herhören	3.79	942
vorbeigekommen	3.79	941
stärken	3.79	941
hinzu	3.79	941
wrack	3.79	941
knarren	3.79	940
treibstoff	3.79	940
signale	3.79	940
nachkommen	3.79	940
hoppla	3.79	940
verborgen	3.79	940
belegt	3.79	939
babylon	3.79	939
waisenhaus	3.79	939
brasilien	3.79	939
bitteschön	3.79	939
wurmloch	3.79	939
alters	3.79	939
deb	3.79	938
fee	3.79	938
milton	3.79	938
quarantäne	3.79	938
kommunisten	3.79	938
stiftung	3.79	937
milo	3.79	937
gestapo	3.79	937
verreisen	3.79	936
halleluja	3.79	936
süchtig	3.79	936
jammern	3.79	936
hofft	3.79	936
wertvolle	3.79	936
maulwurf	3.79	936
konflikt	3.79	936
turnier	3.79	936
gebacken	3.79	936
rauszufinden	3.79	936
taube	3.79	935
mais	3.79	935
nüsse	3.79	935
trieb	3.79	935
eigenschaften	3.79	934
feder	3.79	934
sänger	3.79	934
elias	3.79	934
dessert	3.79	934
rathaus	3.79	934
drohungen	3.79	934
bewirken	3.79	933
mörderin	3.79	933
u	3.79	933
edith	3.79	933
wanne	3.79	933
durchkommen	3.79	933
reid	3.79	933
mandy	3.79	932
vertraute	3.79	932
schätzt	3.79	932
freuden	3.79	932
dauer	3.79	932
regt	3.79	932
verbessert	3.79	932
unerwartet	3.79	932
drogendealer	3.79	932
gefährlichen	3.79	931
fach	3.79	931
verdanke	3.79	931
wohnungen	3.79	931
commissioner	3.79	930
cross	3.79	930
kragen	3.79	930
schwachen	3.79	930
mercedes	3.79	930
klirren	3.79	930
valentinstag	3.79	929
anstelle	3.79	929
plane	3.79	929
reizende	3.79	929
höheren	3.79	928
markiert	3.79	928
ehrenwort	3.79	928
cheers	3.79	927
schlamm	3.79	927
wälder	3.79	927
diner	3.79	927
handlung	3.79	927
costa	3.79	926
versauen	3.79	926
klassiker	3.79	926
stange	3.79	926
empfohlen	3.79	926
cynthia	3.79	926
gaby	3.79	926
rauswerfen	3.79	926
mechaniker	3.79	926
beichten	3.79	926
abkürzung	3.79	926
professionell	3.79	925
begräbnis	3.79	925
verführen	3.79	925
meinerseits	3.79	925
valerie	3.79	925
françois	3.79	925
magischen	3.79	925
ellis	3.79	925
dienstmädchen	3.79	925
chirurg	3.79	925
wal	3.79	925
paare	3.79	925
center	3.79	925
sähe	3.78	924
aufgemacht	3.78	924
leide	3.78	924
amüsant	3.78	924
obersten	3.78	924
fletcher	3.78	924
gerührt	3.78	924
schwänze	3.78	924
chff00ff	3.78	924
note	3.78	924
datei	3.78	923
zugleich	3.78	923
nackte	3.78	923
doppelten	3.78	923
bewundert	3.78	923
dimension	3.78	922
quere	3.78	922
wecker	3.78	922
entstanden	3.78	922
kreischen	3.78	922
vivian	3.78	921
läden	3.78	921
ios	3.78	921
lobby	3.78	921
umgezogen	3.78	920
angeklagte	3.78	920
perlen	3.78	920
schwulen	3.78	920
dutzende	3.78	919
simmons	3.78	919
aufgezogen	3.78	919
campus	3.78	919
herd	3.78	919
hospital	3.78	919
leichtes	3.78	918
rich	3.78	918
gegrüßt	3.78	918
aufsicht	3.78	918
hündchen	3.78	918
gegenstand	3.78	918
tageslicht	3.78	916
emotionale	3.78	916
clean	3.78	916
cassie	3.78	916
sünder	3.78	916
beträgt	3.78	916
wunderschönes	3.78	916
schickst	3.78	916
weiblichen	3.78	916
rauszuholen	3.78	916
kapier	3.78	915
rausgeholt	3.78	915
entworfen	3.78	915
eingenommen	3.78	915
daphne	3.78	915
mochten	3.78	915
köchin	3.78	915
willi	3.78	915
beichte	3.78	915
seven	3.78	915
marina	3.78	914
ausliefern	3.78	914
perfektes	3.78	914
glücklichen	3.78	914
wodurch	3.78	914
entsprechend	3.78	914
umher	3.78	914
erica	3.78	914
wurst	3.78	914
notiz	3.78	913
vorsprechen	3.78	913
bekannter	3.78	913
antrieb	3.78	913
zwerge	3.78	913
trösten	3.78	913
armut	3.78	913
verbannt	3.78	912
parade	3.78	912
konzentriere	3.78	912
angefahren	3.78	912
2-mal	3.78	912
kindisch	3.78	911
krüppel	3.78	911
kreisen	3.78	911
bestrafung	3.78	911
araber	3.78	910
klebt	3.78	910
perücke	3.78	910
gemma	3.78	910
hummer	3.78	910
se	3.78	910
june	3.78	910
wimmert	3.78	910
drittel	3.78	909
budget	3.78	909
lieferwagen	3.78	909
shannon	3.78	909
zurückgebracht	3.78	909
verschwiegen	3.78	908
drang	3.78	908
redeten	3.78	908
chi	3.78	908
herzukommen	3.78	908
anhängen	3.78	908
einsame	3.78	908
wu	3.78	908
wraith	3.78	908
erwartete	3.78	908
tierarzt	3.78	908
cousins	3.78	907
zudem	3.78	907
sturz	3.78	907
rusty	3.78	907
untergehen	3.78	906
gelang	3.78	906
wasch	3.78	906
schmutzigen	3.78	906
abkommen	3.78	906
tänzer	3.78	906
dürften	3.78	905
erstatten	3.78	905
verarbeiten	3.78	905
verfügbar	3.78	905
autobahn	3.78	905
mandant	3.78	905
clubs	3.78	905
lukas	3.78	905
widmen	3.78	905
sprichwort	3.78	904
hierfür	3.78	904
vergeltung	3.78	904
hardy	3.78	904
gekleidet	3.78	904
fotografiert	3.78	904
knallen	3.78	904
wichtigeres	3.78	904
immerzu	3.78	904
schuldgefühle	3.77	903
schnurrbart	3.77	903
genügen	3.77	903
rumlaufen	3.77	903
brötchen	3.77	903
flut	3.77	903
haushalt	3.77	903
angelo	3.77	903
cleveland	3.77	903
ministerium	3.77	903
aufgestellt	3.77	903
est	3.77	903
anker	3.77	902
wang	3.77	902
qual	3.77	902
rauschen	3.77	902
debatte	3.77	902
informant	3.77	902
masse	3.77	902
insekten	3.77	902
lud	3.77	902
glotzt	3.77	901
rückseite	3.77	901
spezialität	3.77	901
schimmer	3.77	901
mordfall	3.77	901
verbieten	3.77	901
terrorist	3.77	901
sirenen	3.77	901
theorien	3.77	901
kichern	3.77	901
positive	3.77	901
gestresst	3.77	900
korea	3.77	900
zeitschrift	3.77	900
wildnis	3.77	900
s.h.i.e.l.d.	3.77	900
menschlicher	3.77	900
schlamassel	3.77	899
behindert	3.77	899
überbringen	3.77	899
reingezogen	3.77	899
mitzuteilen	3.77	899
zurückkam	3.77	898
abstimmung	3.77	898
dritt	3.77	898
senat	3.77	898
mittags	3.77	898
marshal	3.77	898
bridge	3.77	898
price	3.77	898
raucht	3.77	898
veranstalten	3.77	897
jahreszeit	3.77	897
zusätzliche	3.77	897
want	3.77	897
drucken	3.77	897
segel	3.77	897
crowley	3.77	896
bezahlte	3.77	896
überflüssig	3.77	896
taschentuch	3.77	896
square	3.77	895
rockmusik	3.77	895
beschleunigen	3.77	895
wählte	3.77	895
lustiger	3.77	895
marian	3.77	895
glocken	3.77	894
tennis	3.77	894
seither	3.77	894
christen	3.77	893
überqueren	3.77	893
kreuzung	3.77	893
häusern	3.77	893
weiche	3.77	893
trudy	3.77	892
punkten	3.77	892
henderson	3.77	892
verpasse	3.77	892
potter	3.77	892
reinlegen	3.77	892
jeep	3.77	892
gefilmt	3.77	891
hamilton	3.77	891
bucht	3.77	891
bildschirm	3.77	891
saufen	3.77	891
gehackt	3.77	891
eminenz	3.77	891
mailbox	3.77	891
münchen	3.77	891
erschoss	3.77	891
jenkins	3.77	891
attentat	3.77	890
garrett	3.77	890
verschwendung	3.77	890
bemerkte	3.77	890
miesen	3.77	890
zischen	3.77	890
helf	3.77	890
geschirr	3.77	889
ähnlichkeit	3.77	889
feiglinge	3.77	889
spass	3.77	889
lächelt	3.77	889
klaut	3.77	889
setzten	3.77	888
bon	3.77	888
entwischt	3.77	888
rauchst	3.77	888
masken	3.77	888
schwimmt	3.77	888
ausgezeichnete	3.77	887
vorname	3.77	887
schwitzen	3.77	887
ginger	3.77	887
bourbon	3.77	887
haust	3.77	886
befand	3.77	886
lacey	3.77	886
elefant	3.77	886
annähernd	3.77	885
gewebe	3.77	885
unterschätzt	3.77	885
sternzeit	3.77	885
wachte	3.77	885
barbie	3.77	885
eichhörnchen	3.77	885
zerbrechen	3.77	884
poker	3.77	884
wechsel	3.77	884
lesbe	3.77	884
cordelia	3.77	884
konten	3.76	883
schleichen	3.76	883
strasse	3.76	883
höschen	3.76	883
jüngsten	3.76	883
niedrig	3.76	883
sonja	3.76	883
klimaanlage	3.76	883
vulkan	3.76	882
thea	3.76	882
anbetracht	3.76	882
lesbisch	3.76	882
cristina	3.76	882
platziert	3.76	882
abgrund	3.76	882
zeichnungen	3.76	882
sinken	3.76	882
hamburg	3.76	881
trauern	3.76	881
abreise	3.76	881
dates	3.76	881
bette	3.76	881
klemmt	3.76	881
ansehe	3.76	881
lin	3.76	881
passend	3.76	880
sidney	3.76	880
mittagspause	3.76	880
wettkampf	3.76	879
verschluckt	3.76	879
limo	3.76	879
erhebt	3.76	879
beneide	3.76	878
beschwerde	3.76	878
erregen	3.76	878
überwältigt	3.76	878
turtle	3.76	878
nypd	3.76	878
benannt	3.76	878
begrüßt	3.76	878
trommeln	3.76	878
burns	3.76	878
hayes	3.76	878
fortsetzen	3.76	877
geplatzt	3.76	877
pan	3.76	877
mildred	3.76	877
erschieße	3.76	877
locke	3.76	877
nachnamen	3.76	877
anpassen	3.76	877
altmodisch	3.76	877
teurer	3.76	877
feuerzeug	3.76	876
trau	3.76	876
serienmörder	3.76	876
georges	3.76	876
dr	3.76	876
durchgegangen	3.76	876
beseitigt	3.76	876
alkoholiker	3.76	876
laßt	3.76	876
ganzem	3.76	875
elemente	3.76	875
feinden	3.76	875
rückweg	3.76	875
amelia	3.76	875
abigail	3.76	874
heimweg	3.76	874
menschlichkeit	3.76	874
signora	3.76	873
geheimnisvolle	3.76	873
mcgee	3.76	873
befolgt	3.76	873
abreisen	3.76	873
premiere	3.76	873
schwingen	3.76	873
initiative	3.76	873
from	3.76	873
felicity	3.76	873
sexuellen	3.76	873
geschäftsführer	3.76	872
telefone	3.76	872
peterson	3.76	872
strafzettel	3.76	872
gelobt	3.76	872
uniformen	3.76	872
beschissener	3.76	872
pulver	3.76	872
welpen	3.76	871
angesprochen	3.76	871
kung	3.76	871
angenehme	3.76	871
kostüme	3.76	871
nachmittags	3.76	871
lebewohl	3.76	871
reporterin	3.76	871
crystal	3.76	870
nikita	3.76	870
vorwand	3.76	870
genervt	3.76	870
kreditkarten	3.76	870
durstig	3.76	870
eintreffen	3.76	870
nationalen	3.76	870
mitteln	3.76	870
trauma	3.76	870
beobachtung	3.76	870
aufhält	3.76	870
dergleichen	3.76	869
erwacht	3.76	869
schlaft	3.76	869
lebenslauf	3.76	869
anrufbeantworter	3.76	869
feiner	3.76	869
verschoben	3.76	869
zumachen	3.76	869
relativ	3.76	869
wes	3.76	868
rücksicht	3.76	868
lamm	3.76	868
pier	3.76	868
widersprechen	3.76	867
erwische	3.76	867
dachboden	3.76	867
bradley	3.76	867
keinesfalls	3.76	867
duck	3.76	867
bislang	3.76	867
retter	3.76	867
transportieren	3.76	866
anrief	3.76	866
aufpasst	3.76	866
braune	3.76	866
spontan	3.76	866
prächtig	3.76	865
galactica	3.76	865
verreist	3.76	865
jahrhunderten	3.76	865
pullover	3.76	864
ansprechen	3.76	864
frischer	3.76	864
queens	3.76	864
moon	3.76	864
spitzel	3.76	864
schnellste	3.76	863
bemühungen	3.76	863
dreckiger	3.76	863
büros	3.76	863
unfälle	3.76	863
beamte	3.76	863
angeschlossen	3.76	863
unterschiedliche	3.76	863
kluger	3.76	863
stürmen	3.76	863
jedi	3.76	863
begreife	3.75	862
fersen	3.75	862
vorbereitungen	3.75	862
fortfahren	3.75	862
produzent	3.75	862
zwischenfall	3.75	861
zurückgezogen	3.75	861
autsch	3.75	861
ivy	3.75	861
riesiger	3.75	861
vorhänge	3.75	861
pflege	3.75	861
rauslassen	3.75	861
kermit	3.75	861
golden	3.75	861
nachforschungen	3.75	861
erfahre	3.75	861
kanzler	3.75	860
jin	3.75	860
stößt	3.75	860
austin	3.75	860
sahne	3.75	860
binde	3.75	860
zwiebeln	3.75	859
schlitten	3.75	859
jahrhunderte	3.75	859
talente	3.75	859
läßt	3.75	859
rennst	3.75	859
kay	3.75	858
erbarmen	3.75	858
verkünden	3.75	858
vorgestern	3.75	858
betreiben	3.75	858
starsky	3.75	857
mindeste	3.75	857
mimi	3.75	857
andrews	3.75	857
singst	3.75	857
einsätze	3.75	857
nötigen	3.75	857
egon	3.75	857
bemerkenswert	3.75	857
warmes	3.75	856
dinosaurier	3.75	856
wahrscheinlichkeit	3.75	855
worin	3.75	855
rabbi	3.75	855
nachfrage	3.75	854
unwohl	3.75	854
pony	3.75	854
materie	3.75	854
verpisst	3.75	854
leuchtet	3.75	854
wehtut	3.75	854
unterwelt	3.75	853
irrt	3.75	853
prüfungen	3.75	853
vertrieben	3.75	853
haustür	3.75	853
neuigkeit	3.75	853
gereicht	3.75	853
weigert	3.75	853
semester	3.75	853
unternommen	3.75	852
gespart	3.75	852
geerbt	3.75	852
starbuck	3.75	852
glanz	3.75	852
fähre	3.75	852
betäubt	3.75	852
arrogant	3.75	852
ausgeliefert	3.75	852
gästen	3.75	852
holland	3.75	851
zuzusehen	3.75	851
fotograf	3.75	851
eigentümer	3.75	851
hinkriegen	3.75	851
speed	3.75	851
realistisch	3.75	851
vaughn	3.75	851
kindergarten	3.75	850
riesiges	3.75	850
pub	3.75	850
bedrückt	3.75	850
streitet	3.75	849
deckt	3.75	849
kassette	3.75	849
mack	3.75	849
arrow	3.75	849
vergebe	3.75	848
said	3.75	848
fish	3.75	848
kandidat	3.75	848
klempner	3.75	848
blaues	3.75	848
ängste	3.75	848
litt	3.75	848
verliebte	3.75	848
befahl	3.75	848
spaghetti	3.75	848
franzose	3.75	848
dunkler	3.75	848
zukünftigen	3.75	848
anzubieten	3.75	848
gesendet	3.75	847
tobias	3.75	847
schlauch	3.75	847
einstein	3.75	847
gelähmt	3.75	847
grillen	3.75	847
landschaft	3.75	847
funktion	3.75	847
anonym	3.75	846
albträume	3.75	846
träum	3.75	846
facebook	3.75	846
mh	3.75	846
veranstaltung	3.75	846
mount	3.75	846
verpflichtungen	3.75	846
sinclair	3.75	846
rue	3.75	846
schülerin	3.75	845
innerlich	3.75	845
künstlerin	3.75	845
madrid	3.75	845
schöpfer	3.75	845
regiert	3.75	845
aufschreiben	3.75	845
erleichterung	3.75	845
ava	3.75	844
auktion	3.75	844
regal	3.75	844
fakt	3.74	843
christi	3.74	843
niveau	3.74	843
fahndung	3.74	843
friede	3.74	843
erlitten	3.74	843
mathematik	3.74	843
nasa	3.74	842
bittest	3.74	842
psycho	3.74	842
matratze	3.74	842
tretet	3.74	842
mordwaffe	3.74	842
finanzielle	3.74	842
bänder	3.74	842
detectives	3.74	842
wieviele	3.74	841
undercover	3.74	841
herzustellen	3.74	841
arbeitgeber	3.74	841
werkzeuge	3.74	841
frankenstein	3.74	841
beruhigungsmittel	3.74	841
ingrid	3.74	840
coulson	3.74	840
trugen	3.74	840
kurzfristig	3.74	840
spannungsvolle	3.74	840
clayton	3.74	840
kämpften	3.74	839
erlangen	3.74	839
weltall	3.74	839
nanu	3.74	839
vertuschen	3.74	839
weckt	3.74	839
gewagt	3.74	839
nieren	3.74	839
zinsen	3.74	839
hutch	3.74	839
einpacken	3.74	838
monty	3.74	838
ballon	3.74	838
verflixt	3.74	838
herkam	3.74	838
rudel	3.74	838
gregory	3.74	837
horizont	3.74	837
sofia	3.74	837
durften	3.74	837
zusätzlich	3.74	836
dekan	3.74	836
verträge	3.74	836
umzug	3.74	836
brady	3.74	836
sängerin	3.74	836
wäldern	3.74	836
darstellen	3.74	835
limousine	3.74	835
fracht	3.74	835
zurückzukommen	3.74	835
morty	3.74	835
gedenken	3.74	835
aufgeschrieben	3.74	835
handlungen	3.74	835
struktur	3.74	835
kerker	3.74	835
aufzupassen	3.74	835
hüten	3.74	834
christ	3.74	834
unverschämt	3.74	834
durchschaut	3.74	833
mögt	3.74	833
nachname	3.74	833
händchen	3.74	833
calvin	3.74	833
birne	3.74	833
vorgesehen	3.74	833
gnädig	3.74	833
nachgesehen	3.74	833
predigt	3.74	833
versehentlich	3.74	833
schwerter	3.74	833
erwiesen	3.74	832
software	3.74	832
einschlagen	3.74	832
schiebt	3.74	831
geahnt	3.74	831
tätig	3.74	831
abgestürzt	3.74	831
eingriff	3.74	831
politisch	3.74	830
gewöhnliche	3.74	830
stärkste	3.74	830
zuflucht	3.74	830
generator	3.74	830
union	3.74	830
raven	3.74	830
ungeduldig	3.74	829
unklar	3.74	829
suspendiert	3.74	829
arbeitsplatz	3.74	829
treppen	3.74	829
matty	3.74	829
vereinen	3.74	829
bruch	3.74	829
metern	3.74	828
fällst	3.74	828
unruhig	3.74	828
schlechteste	3.74	828
platzt	3.74	828
plastik	3.74	828
abgerissen	3.74	828
halber	3.74	828
anvertraut	3.74	827
leder	3.74	827
ausser	3.74	827
verfehlt	3.74	827
verehrte	3.74	827
schmutz	3.74	827
aufzuspüren	3.74	827
stühle	3.74	827
rausbringen	3.74	827
komitee	3.74	827
mamas	3.74	827
klarkommen	3.74	826
propheten	3.74	826
durchsage	3.74	826
flora	3.74	825
stiefvater	3.74	825
grimm	3.74	825
lolle	3.74	825
faith	3.74	825
auftreiben	3.74	825
ernie	3.74	825
nationen	3.74	825
ausgaben	3.74	825
secret	3.73	824
käpt	3.73	824
rauskriegen	3.73	824
entstand	3.73	824
alarmstufe	3.73	824
übersetzen	3.73	824
griechenland	3.73	823
rüstung	3.73	823
attentäter	3.73	823
tauben	3.73	823
gewohnheit	3.73	823
mieses	3.73	823
kindermädchen	3.73	823
brenda	3.73	822
nervst	3.73	822
japanische	3.73	822
bitch	3.73	822
nsa	3.73	822
werner	3.73	822
beinhaltet	3.73	822
donuts	3.73	822
abgefeuert	3.73	822
luther	3.73	822
davonkommen	3.73	821
godzilla	3.73	821
hinzufügen	3.73	821
dreier	3.73	821
werwolf	3.73	821
denver	3.73	821
hebe	3.73	821
ehrgeiz	3.73	820
aufenthaltsort	3.73	820
hinreißend	3.73	820
gruß	3.73	820
borgia	3.73	820
howie	3.73	820
mckay	3.73	820
dj	3.73	820
nu	3.73	820
zeichnung	3.73	820
geige	3.73	820
fortsetzung	3.73	819
kotzt	3.73	819
glückstag	3.73	819
japanisch	3.73	819
archiv	3.73	819
einholen	3.73	819
bush	3.73	819
raushalten	3.73	819
verheimlicht	3.73	819
hacker	3.73	819
hingabe	3.73	818
uhren	3.73	818
cyril	3.73	818
erobert	3.73	818
bandit	3.73	818
linien	3.73	818
umzugehen	3.73	817
roberto	3.73	817
vornamen	3.73	817
tessa	3.73	817
nerv	3.73	817
berührung	3.73	817
ergreift	3.73	817
sattel	3.73	817
gelangweilt	3.73	817
intakt	3.73	817
isabella	3.73	817
poesie	3.73	817
pflegen	3.73	817
belastet	3.73	816
reinlassen	3.73	816
yen	3.73	816
geprügelt	3.73	816
perspektive	3.73	816
schreist	3.73	816
sperma	3.73	816
hingelegt	3.73	816
wildes	3.73	816
begreifst	3.73	815
marcie	3.73	815
ii	3.73	815
metropolis	3.73	815
schildkröte	3.73	815
umzingelt	3.73	815
buddha	3.73	815
bonus	3.73	815
wagst	3.73	815
spucken	3.73	815
einlassen	3.73	815
günstig	3.73	814
yu	3.73	814
lebenslänglich	3.73	814
sloane	3.73	814
präzise	3.73	814
bilde	3.73	814
sorgerecht	3.73	814
blinde	3.73	814
gebot	3.73	814
p	3.73	813
zurückzahlen	3.73	813
ameisen	3.73	813
verleihen	3.73	813
bearbeitet	3.73	813
riker	3.73	813
deckel	3.73	813
theresa	3.73	813
pentagon	3.73	813
frechheit	3.73	813
sinkt	3.73	813
gastfreundschaft	3.73	812
enthalten	3.73	812
schwamm	3.73	812
glückliches	3.73	812
sperrt	3.73	812
cliff	3.73	812
healey	3.73	812
container	3.73	812
aufsetzen	3.73	812
erhielten	3.73	811
ermöglicht	3.73	811
erstellen	3.73	811
cesare	3.73	811
rausgeschmissen	3.73	811
vorgefallen	3.73	811
herbringen	3.73	811
freiwillige	3.73	811
korrigieren	3.73	811
leichnam	3.73	811
negative	3.73	810
never	3.73	810
schwebt	3.73	810
vorsichtiger	3.73	810
pilze	3.73	810
kürzer	3.73	810
bezahl	3.73	810
behältst	3.73	810
erfüllung	3.73	809
verbündeten	3.73	809
achtet	3.73	809
meiden	3.73	809
ansichten	3.73	809
isoliert	3.73	808
ausschlag	3.73	808
fünfzehn	3.73	808
aufruhr	3.73	808
felder	3.73	808
make	3.73	807
gesunde	3.73	807
toiletten	3.73	807
schwierigen	3.73	807
crawford	3.73	807
quittung	3.73	807
portal	3.73	807
gesetzes	3.73	807
großeltern	3.73	806
mo	3.73	806
investition	3.73	806
raj	3.73	806
schweiß	3.73	806
selbstvertrauen	3.73	806
geschluckt	3.73	806
sendet	3.73	806
aufgehängt	3.72	805
susie	3.72	805
taschenlampe	3.72	805
saint	3.72	805
justiz	3.72	804
jägerin	3.72	804
heer	3.72	804
neapel	3.72	804
illegalen	3.72	804
schuft	3.72	804
k.o.	3.72	804
rückt	3.72	804
drohte	3.72	804
scheiss	3.72	803
zurückkehrt	3.72	803
verlangst	3.72	803
zünden	3.72	803
ärgert	3.72	802
großteil	3.72	802
instrument	3.72	802
codes	3.72	802
herzogin	3.72	802
bumsen	3.72	802
aktivität	3.72	802
entwickelte	3.72	802
ronald	3.72	802
gegenmittel	3.72	801
reiches	3.72	801
sheridan	3.72	801
taktik	3.72	801
studien	3.72	801
dramatisch	3.72	800
potenzial	3.72	800
anpassung	3.72	800
jugendliche	3.72	800
ass	3.72	800
zerstörte	3.72	800
clowns	3.72	800
professionelle	3.72	800
verlorenen	3.72	800
gelingen	3.72	800
militärische	3.72	800
atlanta	3.72	800
richards	3.72	799
ausgenutzt	3.72	799
maestro	3.72	799
brooks	3.72	799
freies	3.72	799
cheryl	3.72	799
gier	3.72	799
insbesondere	3.72	799
überzeugung	3.72	799
angemeldet	3.72	799
winzige	3.72	799
vorstellungen	3.72	799
massaker	3.72	799
gail	3.72	799
ausdenken	3.72	799
auspacken	3.72	799
heizung	3.72	798
haley	3.72	798
magnus	3.72	798
mußte	3.72	798
erzähler	3.72	798
kolonie	3.72	798
gps	3.72	798
girls	3.72	798
gerichtssaal	3.72	798
donnerwetter	3.72	798
studentin	3.72	797
greta	3.72	797
tickt	3.72	797
räumt	3.72	797
boom	3.72	797
miriam	3.72	797
gesichtet	3.72	797
kleben	3.72	797
zuzuhören	3.72	797
ritt	3.72	797
bauten	3.72	796
abgeschaltet	3.72	796
atlantic	3.72	796
marquis	3.72	796
teich	3.72	796
raubüberfall	3.72	796
duell	3.72	796
keuchen	3.72	796
chirurgen	3.72	796
señorita	3.72	796
wange	3.72	796
auszuschalten	3.72	796
wiedergutmachen	3.72	796
k.	3.72	795
vorbereitung	3.72	795
geile	3.72	795
kranker	3.72	795
festplatte	3.72	795
stoß	3.72	795
stieß	3.72	795
eingreifen	3.72	795
portland	3.72	795
enorm	3.72	795
aufsuchen	3.72	795
verzichte	3.72	795
sichtbar	3.72	795
pässe	3.72	795
vorschrift	3.72	795
gehör	3.72	794
jedermann	3.72	794
genieß	3.72	794
irgendjemanden	3.72	794
ups	3.72	794
substanz	3.72	794
amsterdam	3.72	794
arbeitszimmer	3.72	794
notwehr	3.72	794
patrouille	3.72	794
gewitter	3.72	794
dax	3.72	793
zeigten	3.72	793
klappern	3.72	793
schmetterling	3.72	793
sarge	3.72	793
preston	3.72	793
förmlich	3.72	793
celia	3.72	793
tammy	3.72	793
enger	3.72	792
piep	3.72	792
ausgetauscht	3.72	792
baustelle	3.72	792
bewirkt	3.72	792
brennan	3.72	792
pratt	3.72	792
gerochen	3.72	791
meintest	3.72	791
wusstet	3.72	791
broadway	3.72	791
drehst	3.72	791
martini	3.72	791
starrt	3.72	791
austauschen	3.72	791
janice	3.72	790
schnellen	3.72	790
beerdigt	3.72	790
sozialen	3.72	790
angerührt	3.72	790
say	3.72	790
verläuft	3.72	790
abschlussball	3.72	790
medaille	3.72	790
vielmehr	3.72	789
anschluss	3.72	789
anzünden	3.72	789
wunderschöner	3.72	788
naht	3.72	788
handtücher	3.72	788
basierend	3.72	788
perfekter	3.72	788
ungewöhnliche	3.72	788
international	3.72	788
mistkerle	3.72	788
vizepräsident	3.72	788
brichst	3.72	788
abgelegt	3.72	788
halluzinationen	3.72	788
festnahme	3.71	787
steph	3.71	787
pirat	3.71	787
umwelt	3.71	787
axel	3.71	787
butch	3.71	787
teilweise	3.71	787
verfickte	3.71	787
dat	3.71	787
bearbeiten	3.71	787
fetter	3.71	787
natürlichen	3.71	786
ausgestellt	3.71	786
wendet	3.71	786
gewöhnlicher	3.71	786
lavon	3.71	786
springe	3.71	786
gingst	3.71	786
änderungen	3.71	785
orbit	3.71	785
kapsel	3.71	785
unbewaffnet	3.71	785
internat	3.71	785
zeile	3.71	785
mühle	3.71	784
zeitalter	3.71	784
gabst	3.71	784
neger	3.71	784
prediger	3.71	784
schwache	3.71	784
minen	3.71	784
paulie	3.71	784
geheimes	3.71	784
sessel	3.71	784
wegbringen	3.71	784
shepherd	3.71	784
weiterhelfen	3.71	784
verpflichtung	3.71	784
baten	3.71	783
geparkt	3.71	783
gerichtsmediziner	3.71	783
anita	3.71	783
zurückkommst	3.71	783
bluse	3.71	783
reines	3.71	782
gegenleistung	3.71	782
jaffa	3.71	782
gemeinsames	3.71	782
japanischen	3.71	782
kehre	3.71	782
helfer	3.71	782
aufstieg	3.71	782
entkommt	3.71	782
partie	3.71	782
lächle	3.71	782
verdeckt	3.71	781
abfall	3.71	781
hauptrolle	3.71	781
lilly	3.71	781
tarzan	3.71	781
klingel	3.71	781
jens	3.71	780
flirten	3.71	780
spanier	3.71	780
taxifahrer	3.71	780
länge	3.71	780
träumst	3.71	780
tausenden	3.71	780
blockieren	3.71	780
darcy	3.71	780
ausschließen	3.71	779
kiki	3.71	779
wechselt	3.71	779
erforschen	3.71	779
scanner	3.71	779
eisenbahn	3.71	779
rumsitzen	3.71	779
munter	3.71	779
zugesehen	3.71	779
karma	3.71	779
tristan	3.71	778
stückchen	3.71	778
provinz	3.71	778
mitgemacht	3.71	778
yvonne	3.71	778
pärchen	3.71	778
kritisch	3.71	778
peters	3.71	778
suzanne	3.71	778
gesunden	3.71	778
finanziert	3.71	778
elektrizität	3.71	778
busen	3.71	777
erlebnis	3.71	777
mccoy	3.71	777
vaterland	3.71	777
bitter	3.71	777
schleier	3.71	777
notarzt	3.71	777
stattfindet	3.71	777
hervorragende	3.71	777
krimineller	3.71	777
durchatmen	3.71	777
stopfen	3.71	776
übergabe	3.71	776
monatelang	3.71	776
beeile	3.71	776
harley	3.71	776
unterschreibe	3.71	776
effekt	3.71	775
einlegen	3.71	775
verwirrung	3.71	775
überschritten	3.71	775
where	3.71	775
instrumente	3.71	775
mailand	3.71	775
belassen	3.71	775
latein	3.71	775
caine	3.71	774
großartiges	3.71	774
billie	3.71	774
grundlage	3.71	774
reihenfolge	3.71	774
körperliche	3.71	774
würmer	3.71	774
arena	3.71	773
mexico	3.71	773
hong	3.71	773
ballett	3.71	773
luder	3.71	773
gerald	3.71	773
werke	3.71	773
bullshit	3.71	773
mae	3.71	772
verfolgung	3.71	772
lizzie	3.71	772
männlichen	3.71	772
exemplar	3.71	772
bedauerlich	3.71	772
blinden	3.71	772
jage	3.71	772
cd	3.71	772
honey	3.71	772
finanzieren	3.71	771
anstalt	3.71	771
vorbeischauen	3.71	771
v.	3.71	771
pakt	3.71	771
damm	3.71	771
laser	3.71	771
gustav	3.71	771
einsamen	3.71	771
derart	3.71	771
unteren	3.71	771
versammeln	3.71	771
behörde	3.71	771
info	3.71	771
beckett	3.71	771
gedeckt	3.71	771
köter	3.71	770
positionen	3.71	770
vertrete	3.71	770
kirby	3.71	770
vergewaltigen	3.71	770
chemikalien	3.71	770
verwechseln	3.70	769
helle	3.70	769
vergrößern	3.70	769
anhaben	3.70	769
tuvok	3.70	769
angepisst	3.70	769
ida	3.70	769
mississippi	3.70	769
unterschlupf	3.70	769
hemden	3.70	768
besen	3.70	768
herkomme	3.70	768
ließe	3.70	768
jazz	3.70	768
eilt	3.70	768
candy	3.70	768
vorwerfen	3.70	768
plans	3.70	768
il	3.70	767
abzuhalten	3.70	767
odo	3.70	767
tugend	3.70	767
fürsten	3.70	767
neuanfang	3.70	767
drängt	3.70	766
verweigern	3.70	766
töne	3.70	766
patricia	3.70	766
maureen	3.70	766
staates	3.70	766
anordnung	3.70	766
orchester	3.70	766
senf	3.70	766
qualen	3.70	765
verwaltung	3.70	765
übertreibst	3.70	765
anonymen	3.70	765
galt	3.70	765
ver	3.70	765
scherzen	3.70	764
ausgeflippt	3.70	764
modern	3.70	764
schwiegersohn	3.70	764
getränk	3.70	764
hörer	3.70	764
finanzen	3.70	764
bang	3.70	764
colorado	3.70	764
vernünftige	3.70	764
verteidiger	3.70	764
rupert	3.70	763
verbirgt	3.70	763
ähnliche	3.70	763
bevorzugen	3.70	763
bea	3.70	763
hindurch	3.70	763
eigentliche	3.70	763
belästigung	3.70	763
seltene	3.70	763
mysteriöse	3.70	763
vorsitzende	3.70	763
anzüge	3.70	763
haue	3.70	762
häh	3.70	762
feuert	3.70	762
vorausgesetzt	3.70	762
profitieren	3.70	762
sabine	3.70	762
kaltes	3.70	762
eingedrungen	3.70	762
huch	3.70	762
creek	3.70	762
vorläufig	3.70	762
canyon	3.70	762
adern	3.70	761
mordkommission	3.70	761
schnattert	3.70	761
baxter	3.70	761
piepsen	3.70	761
benutz	3.70	761
chelsea	3.70	761
dämliche	3.70	760
erkältung	3.70	760
belohnt	3.70	760
grinsen	3.70	760
bund	3.70	760
gestochen	3.70	760
katharina	3.70	760
moms	3.70	759
provozieren	3.70	759
geschmeichelt	3.70	759
anrichten	3.70	759
letztlich	3.70	759
gehirnerschütterung	3.70	759
lehnen	3.70	759
geknackt	3.70	759
partnerschaft	3.70	759
eingeschaltet	3.70	759
whitney	3.70	759
skye	3.70	759
gestohlenen	3.70	759
aufhörst	3.70	758
tagelang	3.70	758
oswald	3.70	758
scofield	3.70	758
unterscheidet	3.70	758
begleiter	3.70	758
margot	3.70	758
ober	3.70	758
tödlichen	3.70	758
apokalypse	3.70	757
k.i.t.t.	3.70	757
much	3.70	757
knabe	3.70	757
montgomery	3.70	757
eingebildet	3.70	757
berühmter	3.70	757
reihen	3.70	757
schwindler	3.70	757
verarschst	3.70	757
maß	3.70	757
rechtsanwalt	3.70	757
geritten	3.70	757
romantik	3.70	757
net	3.70	757
räder	3.70	757
nanny	3.70	757
betsy	3.70	756
erklärungen	3.70	756
haushälterin	3.70	756
gütig	3.70	756
privatdetektiv	3.70	756
rumhängen	3.70	756
ansteckend	3.70	756
marcy	3.70	756
anstoßen	3.70	756
michaels	3.70	755
gefüttert	3.70	755
nackten	3.70	755
nervig	3.70	755
neuem	3.70	755
sheppard	3.70	755
geistig	3.70	755
niedergeschlagen	3.70	754
nicolas	3.70	754
herumlaufen	3.70	754
einmalige	3.70	754
verstößt	3.70	754
ähnelt	3.70	754
morphium	3.70	754
tool	3.70	754
bote	3.70	753
monitor	3.70	753
kooperation	3.70	753
schwerkraft	3.70	753
abgewiesen	3.70	753
auserwählt	3.70	753
bedacht	3.70	753
frucht	3.70	753
phaser	3.70	753
söldner	3.70	752
taugt	3.70	752
dalton	3.70	752
objekte	3.70	752
pulli	3.70	752
ärzten	3.70	752
kiefer	3.70	752
aufwecken	3.70	752
angemacht	3.70	752
klugscheißer	3.70	752
zaubern	3.69	751
gabel	3.69	751
engagieren	3.69	751
funktionierte	3.69	751
gross	3.69	751
schwächer	3.69	751
empfindest	3.69	751
führ	3.69	750
ernsthafte	3.69	750
vermitteln	3.69	750
einzusetzen	3.69	750
andreas	3.69	750
hughes	3.69	750
jenen	3.69	750
nonnen	3.69	750
vorgehensweise	3.69	749
wat	3.69	749
spender	3.69	749
val	3.69	749
company	3.69	749
blauer	3.69	749
rasiert	3.69	748
vergebt	3.69	748
mayday	3.69	748
venus	3.69	748
verhafte	3.69	748
steigst	3.69	748
identisch	3.69	748
bange	3.69	748
bekämpft	3.69	748
jep	3.69	748
gastgeber	3.69	748
innenstadt	3.69	747
mitbewohnerin	3.69	747
papas	3.69	747
schwindelig	3.69	747
dc	3.69	747
ratschlag	3.69	747
scham	3.69	747
intensiv	3.69	747
amigo	3.69	747
louie	3.69	747
defekt	3.69	747
beziehen	3.69	747
or	3.69	747
talentiert	3.69	746
bridget	3.69	746
gretchen	3.69	746
angezeigt	3.69	746
schaufel	3.69	746
erschüttert	3.69	746
reingefallen	3.69	746
vetter	3.69	746
braunen	3.69	746
boys	3.69	745
bestechen	3.69	745
rücksitz	3.69	745
sicherzustellen	3.69	745
verärgern	3.69	745
magier	3.69	745
management	3.69	745
eröffnung	3.69	745
grill	3.69	745
schiffen	3.69	745
passte	3.69	745
deacon	3.69	745
chefs	3.69	744
verbinde	3.69	744
würfel	3.69	744
physik	3.69	744
dosen	3.69	744
grove	3.69	744
champ	3.69	744
möchtet	3.69	744
porno	3.69	744
absoluter	3.69	744
stadion	3.69	744
abgeschossen	3.69	744
streben	3.69	744
durchstehen	3.69	744
beging	3.69	743
streik	3.69	743
weiterfahren	3.69	743
ramon	3.69	743
tipps	3.69	743
sweet	3.69	743
hinsehen	3.69	742
isabel	3.69	742
starte	3.69	742
plätzchen	3.69	742
magazine	3.69	742
wanda	3.69	742
beruht	3.69	742
ragnar	3.69	742
korruption	3.69	742
wimmelt	3.69	742
hook	3.69	742
lux	3.69	742
abgestellt	3.69	742
liefere	3.69	742
anschließend	3.69	742
grube	3.69	742
mei	3.69	741
flieht	3.69	741
schriftlich	3.69	741
kamerad	3.69	741
irrelevant	3.69	741
ironisch	3.69	741
herab	3.69	741
friedrich	3.69	741
stier	3.69	741
entschluss	3.69	741
gescheitert	3.69	741
begrüße	3.69	740
kitt	3.69	740
desaster	3.69	740
wachsam	3.69	740
startklar	3.69	740
gutmachen	3.69	740
log	3.69	740
luca	3.69	740
hypothek	3.69	739
anhand	3.69	739
schlagzeilen	3.69	739
auslöser	3.69	739
gaius	3.69	739
kündigung	3.69	739
atlantis	3.69	739
entzug	3.69	739
server	3.69	739
adele	3.69	739
leibwächter	3.69	739
abzulenken	3.69	738
angeben	3.69	738
abknallen	3.69	738
schuldigen	3.69	738
thor	3.69	738
erschrocken	3.69	738
lehrte	3.69	738
häschen	3.69	738
daily	3.69	738
handschuh	3.69	738
seide	3.69	738
bewaffnete	3.69	738
caesar	3.69	738
sklavin	3.69	737
leinwand	3.69	737
erzählten	3.69	737
geguckt	3.69	737
georgie	3.69	737
stimmts	3.69	737
brendan	3.69	737
leichten	3.69	737
phillips	3.69	737
pistolen	3.69	737
verbringst	3.69	736
scannen	3.69	736
richmond	3.69	736
klatschen	3.69	736
städten	3.69	736
ohrringe	3.69	736
präsentation	3.69	736
gotham	3.69	736
häuschen	3.69	736
vermittlung	3.69	735
zahnbürste	3.69	735
feinen	3.69	735
blei	3.69	735
gönnen	3.69	735
schlugen	3.69	735
sprüche	3.69	735
erreichbar	3.69	735
scheißdreck	3.69	735
kerlen	3.69	735
zuverlässig	3.69	735
sasha	3.68	734
aufprall	3.68	734
stewart	3.68	734
hochzeiten	3.68	734
aneinander	3.68	734
vorwurf	3.68	734
gehörten	3.68	734
ausflippen	3.68	734
kehrte	3.68	733
sonntags	3.68	733
cyrus	3.68	733
garde	3.68	733
sonde	3.68	733
blutungen	3.68	733
roosevelt	3.68	733
flüchtlinge	3.68	733
unterhose	3.68	733
scotland	3.68	733
instrumentalmusik	3.68	733
becca	3.68	732
heldin	3.68	732
geschmeckt	3.68	732
rod	3.68	732
unterstütze	3.68	732
schluchzen	3.68	732
säcke	3.68	732
psychopath	3.68	732
madonna	3.68	732
bezeugen	3.68	732
massage	3.68	732
geschmissen	3.68	732
pudding	3.68	732
einzuladen	3.68	732
meldete	3.68	732
ecken	3.68	731
bedrohen	3.68	731
lulu	3.68	731
lichtjahre	3.68	731
line	3.68	731
schweig	3.68	731
zwecklos	3.68	731
teilnehmer	3.68	731
charley	3.68	731
langeweile	3.68	731
offiziellen	3.68	731
rudi	3.68	730
verzeihe	3.68	730
hässlichen	3.68	730
gewidmet	3.68	730
tabak	3.68	730
ernannt	3.68	730
übler	3.68	730
sandwiches	3.68	730
adoptieren	3.68	730
geistern	3.68	729
sheriffs	3.68	729
vorgesetzter	3.68	729
kodex	3.68	729
südamerika	3.68	729
kostete	3.68	729
verführt	3.68	729
schonen	3.68	729
pauline	3.68	729
machtlos	3.68	729
einsehen	3.68	728
mythos	3.68	728
verantworten	3.68	728
ausschließlich	3.68	728
ahh	3.68	728
pamela	3.68	728
geschäften	3.68	728
zurückbekommen	3.68	727
anrufst	3.68	727
marihuana	3.68	727
mithalten	3.68	727
lebenszeichen	3.68	727
woody	3.68	726
anmachen	3.68	726
sklaverei	3.68	726
haustier	3.68	726
inseln	3.68	726
ohh	3.68	726
stützpunkt	3.68	726
trennt	3.68	725
gesichtsausdruck	3.68	725
andré	3.68	725
gesunken	3.68	725
fernbedienung	3.68	725
verstärkt	3.68	725
fã	3.68	725
markus	3.68	725
element	3.68	725
sterling	3.68	725
olga	3.68	725
verlegenheit	3.68	725
metro	3.68	724
bruderschaft	3.68	724
probiere	3.68	724
wiederum	3.68	724
bereitschaft	3.68	724
chet	3.68	724
börse	3.68	724
aufsatz	3.68	724
untergrund	3.68	724
versiegelt	3.68	724
gegenstände	3.68	724
gebildet	3.68	724
rast	3.68	724
regiment	3.68	724
kostenlos	3.68	723
ausschuss	3.68	723
dvd	3.68	723
gesprengt	3.68	722
ausweise	3.68	722
allan	3.68	722
feindliche	3.68	722
irina	3.68	722
feldwebel	3.68	722
zerbricht	3.68	722
lenkt	3.68	722
durchdrehen	3.68	721
ausgelassen	3.68	721
kramer	3.68	721
tango	3.68	721
respektlos	3.68	721
stripperin	3.68	721
hengst	3.68	721
schwanzlutscher	3.68	721
löse	3.68	721
banane	3.68	721
bloss	3.68	721
gavin	3.68	721
skinner	3.68	721
schurken	3.68	721
wäscht	3.68	721
daraufhin	3.68	720
nico	3.68	720
walsh	3.68	720
geschäftspartner	3.68	720
weggefahren	3.68	720
psychologie	3.68	720
zwing	3.68	720
verständigen	3.68	720
belastung	3.68	720
bender	3.68	720
bindung	3.68	719
sherman	3.68	719
umarmt	3.68	719
entkam	3.68	719
gespenst	3.68	719
konntet	3.68	719
menschenleben	3.68	719
wurdet	3.68	718
öde	3.68	718
ursprung	3.68	718
geputzt	3.68	718
sektion	3.68	718
schleppen	3.68	718
erfassen	3.68	718
terrasse	3.68	718
wilhelm	3.68	718
unbesorgt	3.68	718
warteten	3.68	718
eingereicht	3.68	718
sekretär	3.67	717
turk	3.67	717
beruhigend	3.67	717
angezündet	3.67	717
verbrechens	3.67	717
impuls	3.67	717
voreilig	3.67	717
peitsche	3.67	717
griechen	3.67	717
bennet	3.67	717
installiert	3.67	717
verlier	3.67	717
rebellion	3.67	717
karin	3.67	717
seemann	3.67	717
bones	3.67	717
aufgeräumt	3.67	717
verdiente	3.67	716
elender	3.67	716
sound	3.67	716
absturz	3.67	716
begleichen	3.67	716
orgasmus	3.67	716
toto	3.67	715
vögelchen	3.67	715
reinkommt	3.67	715
renee	3.67	715
benachrichtigen	3.67	715
kavallerie	3.67	715
allerseits	3.67	715
übe	3.67	715
constable	3.67	715
weigern	3.67	714
wirklichen	3.67	714
aufträge	3.67	714
beifall	3.67	714
cents	3.67	714
angehörigen	3.67	714
damien	3.67	713
resultat	3.67	713
global	3.67	713
pennsylvania	3.67	713
warmen	3.67	713
danielle	3.67	713
verbiete	3.67	713
entschuldigst	3.67	713
wahlen	3.67	713
aufziehen	3.67	713
weitem	3.67	713
verdreht	3.67	713
powers	3.67	712
vorschuss	3.67	712
bananen	3.67	712
dex	3.67	712
schuf	3.67	712
beschützer	3.67	712
fuer	3.67	712
wahrlich	3.67	712
hüften	3.67	712
q	3.67	712
betrag	3.67	712
hysterisch	3.67	711
schwor	3.67	711
schlägerei	3.67	711
flogen	3.67	711
bösewicht	3.67	711
aufwachsen	3.67	710
römischen	3.67	710
carolina	3.67	710
auszeichnung	3.67	710
riskiere	3.67	710
florence	3.67	710
ermöglichen	3.67	710
komiker	3.67	710
auffallen	3.67	710
eingegangen	3.67	710
kondom	3.67	710
besserung	3.67	710
vinnie	3.67	710
karton	3.67	710
verspätet	3.67	709
obhut	3.67	709
aufführung	3.67	709
fraß	3.67	709
abfahrt	3.67	709
hydra	3.67	709
briefkasten	3.67	709
häftling	3.67	708
ezra	3.67	708
kat	3.67	708
unterschätzen	3.67	708
sisko	3.67	708
hausfrau	3.67	708
hannes	3.67	708
errichten	3.67	708
stapel	3.67	708
reparatur	3.67	707
pike	3.67	707
reste	3.67	707
übereinstimmung	3.67	707
entwurf	3.67	707
shoppen	3.67	707
anliegen	3.67	707
täuschung	3.67	707
doll	3.67	707
eliminieren	3.67	707
verstärken	3.67	707
insassen	3.67	707
mithilfe	3.67	707
packung	3.67	707
u.s.	3.67	707
adressen	3.67	707
kang	3.67	707
themen	3.67	707
aufteilen	3.67	707
unberechenbar	3.67	707
eingeschlagen	3.67	707
verklagt	3.67	706
drohne	3.67	706
vage	3.67	706
hindernis	3.67	706
izzy	3.67	705
qualifiziert	3.67	705
solo	3.67	705
gierig	3.67	705
schreck	3.67	705
verrotten	3.67	705
integrität	3.67	705
hinterkopf	3.67	705
wundervollen	3.67	705
lo	3.67	705
lob	3.67	705
verwirren	3.67	705
allgemeinen	3.67	704
frustriert	3.67	704
ohnmacht	3.67	704
autoschlüssel	3.67	704
erfährst	3.67	704
image	3.67	704
grady	3.67	704
people	3.67	704
unheilvolle	3.67	704
kapieren	3.67	704
zigarren	3.67	704
josé	3.67	704
joint	3.67	703
nachgehen	3.67	703
gedrängt	3.67	703
soziale	3.67	703
diente	3.67	703
vieler	3.67	703
wissenschaftliche	3.67	703
dastehen	3.67	703
inmitten	3.67	703
millie	3.67	703
brannte	3.67	703
mengen	3.67	703
ausnahmsweise	3.67	703
silvester	3.67	703
berufen	3.67	702
schließfach	3.67	702
bunny	3.67	702
kenneth	3.67	702
tische	3.67	702
wasche	3.67	702
vase	3.67	702
einhalten	3.67	702
halfen	3.67	702
übernahm	3.67	702
millionär	3.67	702
dreißig	3.67	702
bernadette	3.66	701
denjenigen	3.66	701
begeisterung	3.66	701
forscher	3.66	701
begabt	3.66	701
design	3.66	701
matthews	3.66	701
taufe	3.66	701
entscheidend	3.66	701
zurückhaben	3.66	701
katrina	3.66	701
nervensäge	3.66	701
betritt	3.66	700
rodrigo	3.66	700
kuckuck	3.66	700
veränderte	3.66	700
vollbracht	3.66	700
jeweils	3.66	700
passende	3.66	700
unabhängigkeit	3.66	700
türe	3.66	700
einbrechen	3.66	700
folgst	3.66	699
lücke	3.66	699
jüngeren	3.66	699
immobilien	3.66	699
industries	3.66	699
schwangere	3.66	699
unfug	3.66	699
weibchen	3.66	699
ergriffen	3.66	699
jahrestag	3.66	698
oleson	3.66	698
fry	3.66	698
exzellent	3.66	698
strahlen	3.66	698
vorgenommen	3.66	698
aufgezeichnet	3.66	698
business	3.66	697
depression	3.66	697
privates	3.66	697
streiche	3.66	697
alaska	3.66	697
frances	3.66	697
wänden	3.66	697
erwecken	3.66	697
sawyer	3.66	697
männchen	3.66	697
senken	3.66	697
otis	3.66	696
spanische	3.66	696
beamter	3.66	696
kommission	3.66	696
fünfzig	3.66	696
gedemütigt	3.66	696
gucke	3.66	696
mehrheit	3.66	696
teuren	3.66	695
abreißen	3.66	695
komödie	3.66	695
gestehe	3.66	695
außergewöhnliche	3.66	695
hartes	3.66	695
ausprobiert	3.66	695
runterkommen	3.66	695
tragt	3.66	695
spart	3.66	695
bälle	3.66	695
fahrzeuge	3.66	695
freya	3.66	694
zähl	3.66	694
verehrer	3.66	694
strecken	3.66	694
gegeneinander	3.66	694
ausfüllen	3.66	694
olive	3.66	694
crazy	3.66	694
vermächtnis	3.66	694
beteiligung	3.66	694
bengel	3.66	694
p.	3.66	694
gottverdammte	3.66	694
winzigen	3.66	694
nächten	3.66	694
ätzend	3.66	693
kapital	3.66	693
attacke	3.66	693
vorstellungsgespräch	3.66	693
interessiere	3.66	693
medium	3.66	693
anwenden	3.66	693
hamlet	3.66	692
stockwerk	3.66	692
krankenhäuser	3.66	692
direkten	3.66	692
benötige	3.66	692
extreme	3.66	692
einzeln	3.66	692
traurigen	3.66	692
aufwärmen	3.66	692
auszugehen	3.66	692
befreiung	3.66	691
anzahlung	3.66	691
jensen	3.66	691
komplex	3.66	691
alias	3.66	691
grafen	3.66	691
besaß	3.66	691
sammle	3.66	690
feiertage	3.66	690
stinken	3.66	690
franc	3.66	690
neela	3.66	690
freiem	3.66	690
elektrischen	3.66	690
zustoßen	3.66	690
zerschlagen	3.66	690
hupt	3.66	690
italienische	3.66	690
hingekriegt	3.66	690
marseille	3.66	690
columbia	3.66	689
unterschiedlich	3.66	689
godsey	3.66	689
schichten	3.66	689
zielperson	3.66	689
kopenhagen	3.66	689
furchtbares	3.66	689
fürchtete	3.66	688
passagier	3.66	688
imperium	3.66	688
möcht	3.66	688
säufer	3.66	688
verlasst	3.66	688
weiser	3.66	688
zurückzuholen	3.66	688
cho	3.66	688
mieter	3.66	688
schlösser	3.66	688
privileg	3.66	687
kondome	3.66	687
montana	3.66	687
rührend	3.66	687
stumme	3.66	687
winde	3.66	687
wirbel	3.66	687
investoren	3.66	687
kakao	3.66	687
sadie	3.66	686
ausgestiegen	3.66	686
pisse	3.66	686
lucifer	3.66	686
thailand	3.66	686
behälter	3.66	686
beck	3.66	686
scheußlich	3.66	686
kurier	3.66	686
abu	3.65	685
decker	3.65	685
gereizt	3.65	685
fassung	3.65	685
leitungen	3.65	685
kaliber	3.65	685
losgeht	3.65	685
gemeine	3.65	685
wochenlang	3.65	685
zeilen	3.65	685
granate	3.65	685
morgengrauen	3.65	685
kristall	3.65	684
captains	3.65	684
sky	3.65	684
bürgerkrieg	3.65	684
dulden	3.65	684
abzuhauen	3.65	684
sorgte	3.65	684
verhandelt	3.65	684
einwände	3.65	684
lara	3.65	684
unheil	3.65	684
anteile	3.65	683
wiege	3.65	683
yankees	3.65	683
herb	3.65	683
freaks	3.65	683
verbietet	3.65	683
verwendung	3.65	683
rauben	3.65	683
cognac	3.65	683
allgemein	3.65	683
küsste	3.65	682
unschuldiger	3.65	682
evolution	3.65	682
blas	3.65	682
vulkanier	3.65	682
inn	3.65	682
gratulation	3.65	681
marmelade	3.65	681
becken	3.65	681
eden	3.65	681
hingegen	3.65	681
quält	3.65	681
spartacus	3.65	681
unversehrt	3.65	681
gering	3.65	680
janeway	3.65	680
voilà	3.65	680
jüngere	3.65	680
mächte	3.65	680
floyd	3.65	680
sechsten	3.65	680
produzenten	3.65	680
rektor	3.65	680
zitrone	3.65	680
störungen	3.65	680
reichte	3.65	680
kreativ	3.65	680
höhlen	3.65	680
winchester	3.65	679
bianca	3.65	679
willis	3.65	679
quark	3.65	679
zigeuner	3.65	679
schnarchen	3.65	679
dead	3.65	679
ärgerlich	3.65	678
angaben	3.65	678
gibson	3.65	678
chili	3.65	678
diskretion	3.65	678
armstrong	3.65	678
unterhosen	3.65	678
erforderlich	3.65	678
cassidy	3.65	678
auftauchte	3.65	677
pascha	3.65	677
aussetzen	3.65	677
sentimental	3.65	677
empfängt	3.65	677
evakuierung	3.65	677
nebenwirkungen	3.65	677
mccormick	3.65	677
erstellt	3.65	677
vernichtung	3.65	677
idiotisch	3.65	676
cocktail	3.65	676
säubern	3.65	676
behandelst	3.65	676
eingepackt	3.65	676
meisterwerk	3.65	676
empfindet	3.65	676
bestien	3.65	676
unzählige	3.65	675
einbringen	3.65	675
darryl	3.65	675
spitznamen	3.65	675
smoking	3.65	675
verschwende	3.65	675
iron	3.65	675
misstrauen	3.65	675
spätestens	3.65	675
chinese	3.65	675
cash	3.65	675
gilmore	3.65	675
pfui	3.65	674
zeugenstand	3.65	674
gästezimmer	3.65	674
abflug	3.65	674
hungern	3.65	674
verschwanden	3.65	674
serum	3.65	673
julio	3.65	673
place	3.65	673
phantasie	3.65	673
therapeuten	3.65	673
terror	3.65	673
bedienung	3.65	673
beugen	3.65	673
trish	3.65	673
elise	3.65	673
verriegelt	3.65	673
genäht	3.65	672
spurensicherung	3.65	672
falten	3.65	672
saugen	3.65	672
graue	3.65	672
ehrlicher	3.65	672
walden	3.65	672
leichenhalle	3.65	672
wärs	3.65	672
fels	3.65	672
bohren	3.65	671
versteckten	3.65	671
desmond	3.65	671
notiert	3.65	671
milliarde	3.65	671
gebäudes	3.65	671
pfadfinder	3.65	671
gorilla	3.65	671
roch	3.65	671
caitlin	3.65	671
kippen	3.65	671
gleicht	3.65	671
pflaster	3.65	671
l.	3.65	670
benutzten	3.65	670
anzuziehen	3.65	670
verlockend	3.65	670
bryce	3.65	670
ampel	3.65	670
interpol	3.65	670
dodge	3.65	670
technische	3.65	670
zimmerservice	3.65	670
lu	3.64	669
hirsch	3.64	669
hayley	3.64	669
verspricht	3.64	669
lachend	3.64	669
anständiger	3.64	669
füllt	3.64	669
geschätzt	3.64	669
verbündete	3.64	668
zuschauen	3.64	668
abstimmen	3.64	668
schwägerin	3.64	668
cybill	3.64	668
deaktivieren	3.64	668
rück	3.64	668
edmund	3.64	668
drohnen	3.64	668
begehrt	3.64	668
gange	3.64	668
sauerei	3.64	668
portion	3.64	668
beraubt	3.64	668
constance	3.64	668
bull	3.64	667
jubelt	3.64	667
jugendlichen	3.64	667
bemerkung	3.64	667
aids	3.64	667
cate	3.64	667
johann	3.64	667
hingehört	3.64	667
maryann	3.64	667
halskette	3.64	667
istanbul	3.64	667
been	3.64	666
beunruhigen	3.64	666
scheren	3.64	666
schweigt	3.64	666
brei	3.64	666
antwortete	3.64	666
fäden	3.64	666
coolen	3.64	666
schämst	3.64	666
mehl	3.64	665
vollem	3.64	665
aufgebrochen	3.64	665
expedition	3.64	665
änderung	3.64	665
überwachungskameras	3.64	665
derer	3.64	665
blinder	3.64	665
durchzuführen	3.64	665
parlament	3.64	664
direkte	3.64	664
dawson	3.64	664
tanya	3.64	664
umfeld	3.64	664
schrieben	3.64	664
michigan	3.64	664
auffliegen	3.64	664
woman	3.64	664
hergeschickt	3.64	664
vormachen	3.64	664
vorstrafen	3.64	664
hingeht	3.64	664
grauenvoll	3.64	664
schwiegermutter	3.64	663
lehrt	3.64	663
langley	3.64	663
erwürgt	3.64	663
tassen	3.64	663
seuche	3.64	663
zauberspruch	3.64	663
lucien	3.64	663
läufer	3.64	663
drive	3.64	663
effektiv	3.64	662
nord	3.64	662
callie	3.64	662
hu	3.64	662
auskommen	3.64	662
heitere	3.64	662
jupiter	3.64	662
nuss	3.64	662
trauzeuge	3.64	662
steinen	3.64	662
puh	3.64	661
österreich	3.64	661
einkommen	3.64	661
vereinigung	3.64	661
mittelpunkt	3.64	661
page	3.64	661
andeuten	3.64	661
helene	3.64	661
unverständliche	3.64	661
anschein	3.64	661
höflichkeit	3.64	661
aufzeichnung	3.64	661
komplikationen	3.64	661
aufsteigen	3.64	661
gehorcht	3.64	661
hollow	3.64	660
gefällig	3.64	660
schlicht	3.64	660
ausgestattet	3.64	660
reiße	3.64	660
nachdenke	3.64	660
parks	3.64	660
anstrengen	3.64	660
richterin	3.64	660
bindet	3.64	659
alternativen	3.64	659
verabschiede	3.64	659
vito	3.64	659
abgeht	3.64	659
dämlichen	3.64	659
edie	3.64	659
druckmittel	3.64	659
schweben	3.64	658
ankamen	3.64	658
crack	3.64	658
formular	3.64	658
festzuhalten	3.64	658
architekt	3.64	658
runtergefallen	3.64	658
eindringling	3.64	658
wahlkampf	3.64	658
country	3.64	658
staunen	3.64	658
lagern	3.64	658
gewissermaßen	3.64	658
sinnen	3.64	658
verbraucht	3.64	658
bremse	3.64	658
idiotin	3.64	657
gleichgültig	3.64	657
gefangenschaft	3.64	657
daktari	3.64	657
russ	3.64	656
westlich	3.64	656
men	3.64	656
nixon	3.64	656
samt	3.64	656
mail	3.64	656
laurie	3.64	656
vorhanden	3.64	656
bestell	3.64	656
klara	3.64	656
only	3.64	656
face	3.64	656
hinbekommen	3.64	656
adoption	3.64	656
handelte	3.64	656
verrätst	3.64	656
hinterm	3.64	656
rande	3.64	656
break	3.64	656
reinziehen	3.64	656
zart	3.64	656
ewigkeiten	3.64	655
immunität	3.64	655
eingelassen	3.64	655
gewettet	3.64	655
ergab	3.64	655
ausgesagt	3.64	655
studiere	3.64	655
malt	3.64	655
tonne	3.64	655
regle	3.64	655
borgen	3.64	655
spezialeinheit	3.63	654
behandle	3.63	654
zerreißen	3.63	654
hermann	3.63	654
übergebe	3.63	654
alma	3.63	654
wanze	3.63	654
zeugnis	3.63	654
örtlichen	3.63	654
phänomen	3.63	654
umgeht	3.63	654
weitaus	3.63	654
polizeirevier	3.63	653
öfters	3.63	653
erreiche	3.63	653
produkte	3.63	653
misch	3.63	653
beklagen	3.63	653
schurke	3.63	653
kleinere	3.63	653
sonnenbrille	3.63	653
strenge	3.63	652
phantom	3.63	652
verdoppeln	3.63	652
zuzugeben	3.63	652
titelseite	3.63	652
schwiegervater	3.63	652
abscheulich	3.63	651
nigel	3.63	651
kleinigkeiten	3.63	651
kompass	3.63	651
yoga	3.63	651
elektrische	3.63	651
gewirkt	3.63	651
kaviar	3.63	651
reiben	3.63	651
plage	3.63	651
erziehen	3.63	651
bekäme	3.63	650
streife	3.63	650
erhoben	3.63	650
analysiert	3.63	650
norwegen	3.63	650
kappe	3.63	650
iran	3.63	650
aufzustehen	3.63	650
volles	3.63	650
hebel	3.63	650
urin	3.63	650
iren	3.63	649
triumph	3.63	649
begrenzt	3.63	649
ham	3.63	649
gil	3.63	649
streichhölzer	3.63	649
martinez	3.63	649
erscheinung	3.63	649
neid	3.63	649
tabu	3.63	649
eyes	3.63	649
berechnungen	3.63	649
auskunft	3.63	649
dänemark	3.63	648
hintergangen	3.63	648
flint	3.63	648
patronen	3.63	648
wiederkommt	3.63	648
gefährliches	3.63	648
erweitern	3.63	648
bereut	3.63	648
cherry	3.63	648
ami	3.63	648
won	3.63	648
shh	3.63	648
übernimm	3.63	647
waffenstillstand	3.63	647
banks	3.63	647
sonia	3.63	647
vorkommt	3.63	647
astronauten	3.63	647
virgil	3.63	647
kreislauf	3.63	647
nash	3.63	647
richtungen	3.63	647
sicherzugehen	3.63	646
weggerannt	3.63	646
widerfahren	3.63	646
lebensunterhalt	3.63	646
hintereinander	3.63	646
dingern	3.63	646
angreift	3.63	645
ziegen	3.63	645
außenseiter	3.63	645
crockett	3.63	645
nummernschild	3.63	645
steuerbord	3.63	645
leidenschaftlich	3.63	645
autoren	3.63	645
kümmerte	3.63	645
auflösen	3.63	644
quietscht	3.63	644
gereinigt	3.63	644
verschonen	3.63	644
großgezogen	3.63	644
backe	3.63	644
mina	3.63	644
cafeteria	3.63	644
zusammenbleiben	3.63	644
bekomm	3.63	644
bedauere	3.63	644
zugesagt	3.63	644
jr	3.63	644
fix	3.63	643
schwur	3.63	643
bewaffneten	3.63	643
höchstpersönlich	3.63	643
giovanni	3.63	643
anrufer	3.63	643
rutsch	3.63	643
supergirl	3.63	643
juliet	3.63	643
blutbad	3.63	643
bankrott	3.63	643
bear	3.63	643
bräute	3.63	642
foreman	3.63	642
losfahren	3.63	642
atemzug	3.63	642
legenden	3.63	642
kopfgeld	3.63	642
nadeln	3.63	642
señora	3.63	642
johns	3.63	642
otaru	3.63	642
nils	3.63	641
papagei	3.63	641
wärmer	3.63	641
groll	3.63	641
ketchup	3.63	641
aktionen	3.63	641
nahen	3.63	640
gestolpert	3.63	640
feiertag	3.63	640
latte	3.63	640
erwischte	3.63	640
spitzname	3.63	640
hardcastle	3.63	640
senior	3.63	640
weht	3.63	640
verfolgte	3.63	640
angeber	3.63	640
befassen	3.63	640
fantasien	3.62	639
befreie	3.62	639
einfangen	3.62	639
prophet	3.62	639
grundlos	3.62	639
abzuschließen	3.62	639
engen	3.62	639
signor	3.62	639
haha	3.62	639
handwerk	3.62	639
daddys	3.62	639
schert	3.62	639
lose	3.62	638
verantwortlichen	3.62	638
höchstwahrscheinlich	3.62	638
pervers	3.62	638
mitgeteilt	3.62	638
interviews	3.62	638
zugefügt	3.62	638
vermieter	3.62	638
aßen	3.62	638
truhe	3.62	638
moralische	3.62	638
blondine	3.62	637
alvarez	3.62	637
scheinwerfer	3.62	637
bewege	3.62	637
jap	3.62	637
zugrunde	3.62	637
mischt	3.62	637
aufwachte	3.62	637
abheben	3.62	637
weiblich	3.62	637
verfügt	3.62	637
tippen	3.62	636
buchhaltung	3.62	636
beider	3.62	636
buffalo	3.62	636
fügen	3.62	636
siebten	3.62	636
befiehlt	3.62	636
klickt	3.62	636
dracula	3.62	635
ermordete	3.62	635
jura	3.62	635
well	3.62	635
einsamer	3.62	635
perle	3.62	635
lustiges	3.62	635
künstliche	3.62	635
cape	3.62	635
außerordentlich	3.62	635
falke	3.62	635
klicken	3.62	635
schwindlig	3.62	634
hingebracht	3.62	634
überstürzen	3.62	634
reingelassen	3.62	634
gattin	3.62	634
östlich	3.62	634
seins	3.62	634
genauen	3.62	634
wiegen	3.62	634
labyrinth	3.62	634
währenddessen	3.62	634
töricht	3.62	634
ausrauben	3.62	634
lautlos	3.62	634
zitat	3.62	634
abgehalten	3.62	634
hale	3.62	634
zweier	3.62	633
hingezogen	3.62	633
ty	3.62	633
unendliche	3.62	633
antibiotika	3.62	633
emil	3.62	633
gehn	3.62	633
häftlinge	3.62	633
polizeichef	3.62	632
psychiatrie	3.62	632
übergeschnappt	3.62	632
heuchler	3.62	632
jerusalem	3.62	632
immun	3.62	632
temperament	3.62	632
boulevard	3.62	632
umhang	3.62	632
zugeteilt	3.62	632
alarmanlage	3.62	632
trefft	3.62	632
überfordert	3.62	631
galgen	3.62	631
hubert	3.62	631
wegrennen	3.62	631
stiles	3.62	631
monte	3.62	631
courtney	3.62	630
filmstar	3.62	630
verfügen	3.62	630
aufwand	3.62	630
interne	3.62	630
klippe	3.62	630
verurteilung	3.62	630
umweg	3.62	629
cisco	3.62	629
einberufen	3.62	629
evakuiert	3.62	629
urteilsvermögen	3.62	629
malone	3.62	629
christy	3.62	629
ablaufen	3.62	629
einzugehen	3.62	629
zwecke	3.62	629
zeus	3.62	629
simpel	3.62	628
erfolgreiche	3.62	628
impfstoff	3.62	628
bestechung	3.62	628
cruz	3.62	628
weigere	3.62	628
salvatore	3.62	628
verschweigen	3.62	628
verlauf	3.62	628
aktuellen	3.62	628
lampen	3.62	628
trauriger	3.62	628
empfunden	3.62	628
journalistin	3.62	628
endes	3.62	628
kasino	3.62	628
titus	3.62	628
veranlasst	3.62	628
sicherung	3.62	628
fahrkarte	3.62	627
fortgehen	3.62	627
jared	3.62	627
aufgeführt	3.62	627
listen	3.62	627
tiffany	3.62	627
äußern	3.62	627
adrenalin	3.62	627
frühere	3.62	627
missbrauch	3.62	627
seminar	3.62	627
drittens	3.62	627
fernando	3.62	627
biegen	3.62	627
demonstration	3.62	626
porsche	3.62	626
deaktiviert	3.62	626
vertritt	3.62	626
erklärst	3.62	626
liebevoll	3.62	626
umgedreht	3.62	626
konversation	3.62	626
freundliche	3.62	626
zurückverfolgen	3.62	626
perverser	3.62	626
madeline	3.62	626
ausbrechen	3.62	626
traurigkeit	3.62	626
ming	3.61	625
speisen	3.61	625
verfallen	3.61	625
gittern	3.61	625
marks	3.61	625
irrenhaus	3.61	625
dance	3.61	625
rechenschaft	3.61	625
bloßen	3.61	625
schwört	3.61	624
verleiht	3.61	624
henrik	3.61	624
schlucht	3.61	624
kauen	3.61	624
five	3.61	624
erwachen	3.61	624
lichts	3.61	624
clan	3.61	624
rechne	3.61	624
ungestört	3.61	624
stationiert	3.61	624
packst	3.61	623
angewohnheit	3.61	623
lyle	3.61	623
sonnenlicht	3.61	623
warfen	3.61	623
darlehen	3.61	623
scheidet	3.61	623
josie	3.61	623
gestimmt	3.61	623
standard	3.61	623
senatorin	3.61	622
beethoven	3.61	622
vormittag	3.61	622
ratet	3.61	622
johanna	3.61	622
verarsch	3.61	622
sushi	3.61	622
auswählen	3.61	622
strike	3.61	621
geschwätz	3.61	621
enorme	3.61	621
kassieren	3.61	621
biene	3.61	621
leistet	3.61	621
totes	3.61	621
antwortest	3.61	621
drittes	3.61	621
bonbons	3.61	621
gequält	3.61	621
scharfen	3.61	620
beheben	3.61	620
beschluss	3.61	620
ast	3.61	620
hereinkommen	3.61	620
erschrickt	3.61	620
away	3.61	620
drückst	3.61	620
schmerzmittel	3.61	620
lappen	3.61	620
zurückzubringen	3.61	620
unruhe	3.61	620
kommandanten	3.61	620
fliegende	3.61	620
aria	3.61	620
nutzte	3.61	620
direktorin	3.61	620
ich-ich	3.61	619
puste	3.61	619
täuscht	3.61	619
änderst	3.61	619
chow	3.61	619
gabrielle	3.61	619
atombombe	3.61	619
türken	3.61	619
missverstanden	3.61	619
nels	3.61	619
unterdrückt	3.61	619
ausmaß	3.61	618
made	3.61	618
manuskript	3.61	618
annika	3.61	618
hallöchen	3.61	618
ct	3.61	618
freigegeben	3.61	618
blutgruppe	3.61	618
schliefen	3.61	618
symbole	3.61	618
ausdrücklich	3.61	617
reduzieren	3.61	617
ungeschickt	3.61	617
vermieten	3.61	617
te	3.61	617
beizubringen	3.61	617
ausweichen	3.61	617
leckt	3.61	617
angucken	3.61	617
gewissheit	3.61	617
verbrennungen	3.61	617
klarheit	3.61	617
trittst	3.61	617
diskutiert	3.61	617
kratzt	3.61	617
typische	3.61	617
abdruck	3.61	616
gelaunt	3.61	616
bins	3.61	616
einnahmen	3.61	616
hawkins	3.61	616
tell	3.61	616
entdeckten	3.61	616
zuversichtlich	3.61	616
pumpen	3.61	616
powell	3.61	616
fettsack	3.61	616
pfeile	3.61	616
gewillt	3.61	616
stinkst	3.61	616
lebensformen	3.61	615
immernoch	3.61	615
cage	3.61	615
betrinken	3.61	615
tuck	3.61	615
town	3.61	615
carolyn	3.61	615
zäh	3.61	615
liu	3.61	615
abgang	3.61	615
auszudrücken	3.61	614
fußboden	3.61	614
gemeiner	3.61	614
ernten	3.61	614
imstande	3.61	614
erfolgt	3.61	614
wahrhaftig	3.61	614
besessenheit	3.61	614
schämt	3.61	614
zurückgegeben	3.61	614
lanze	3.61	614
erleichtern	3.61	614
springs	3.61	614
stiefmutter	3.61	613
verein	3.61	613
yakuza	3.61	613
nichtmal	3.61	613
comics	3.61	613
three	3.61	613
metapher	3.61	613
aufgeht	3.61	613
maximal	3.61	613
starr	3.61	613
friss	3.61	613
gehirns	3.61	613
aufreißen	3.61	613
lost	3.61	613
razzia	3.61	613
hellseher	3.61	613
putzfrau	3.61	613
wohlstand	3.61	612
beatrice	3.61	612
alberto	3.61	612
holten	3.61	612
spitzen	3.61	612
poltern	3.61	612
erfreuen	3.61	612
daryl	3.61	612
lunch	3.61	611
tattoos	3.61	611
bordell	3.61	611
unterdrücken	3.61	611
connecticut	3.61	611
please	3.61	611
straftat	3.61	611
aktuelle	3.61	611
dolly	3.61	611
entzückt	3.61	611
unterbrechung	3.61	611
knox	3.61	611
kochst	3.61	611
zugeschlagen	3.61	611
schülern	3.61	611
darren	3.61	611
ethel	3.61	611
gebrauch	3.61	611
gewehrt	3.60	610
base	3.60	610
räum	3.60	610
köpfchen	3.60	610
ruhigen	3.60	610
weck	3.60	610
anhört	3.60	610
zusammenleben	3.60	610
durcheinandergerede	3.60	610
o.	3.60	610
flynn	3.60	610
bevorzugt	3.60	610
horror	3.60	609
dominic	3.60	609
krug	3.60	609
imitiert	3.60	609
friedens	3.60	609
tick	3.60	609
spurlos	3.60	609
mitgekommen	3.60	609
reserve	3.60	609
abbekommen	3.60	609
wagner	3.60	609
gardner	3.60	609
langweilt	3.60	609
benji	3.60	609
kaisers	3.60	608
norris	3.60	608
schnelles	3.60	608
kolonien	3.60	608
errichtet	3.60	608
mentor	3.60	608
blues	3.60	608
durchbrechen	3.60	608
orson	3.60	608
grüner	3.60	608
lucie	3.60	608
unzufrieden	3.60	607
beschämt	3.60	607
lästig	3.60	607
spind	3.60	607
übernachtet	3.60	607
spanischen	3.60	607
definition	3.60	607
unordnung	3.60	607
yuri	3.60	607
mittendrin	3.60	607
optimistisch	3.60	607
sekte	3.60	607
vergewaltiger	3.60	607
geschockt	3.60	607
gracie	3.60	607
mikro	3.60	607
verbrochen	3.60	607
stünde	3.60	607
beschlagnahmt	3.60	607
madeleine	3.60	607
einzelhaft	3.60	606
bug	3.60	606
italienischen	3.60	606
frederick	3.60	606
löste	3.60	606
apachen	3.60	606
spezialisten	3.60	606
nazi	3.60	606
tapferkeit	3.60	606
zutaten	3.60	606
unsichtbare	3.60	606
zurückgerufen	3.60	606
samstagabend	3.60	606
unverständliches	3.60	606
pesos	3.60	606
ursprünglichen	3.60	606
sol	3.60	605
resultate	3.60	605
r.	3.60	605
alexis	3.60	605
sende	3.60	605
klientin	3.60	605
sympathisch	3.60	605
verwöhnt	3.60	605
schiffs	3.60	605
langweile	3.60	605
bekanntschaft	3.60	604
joggen	3.60	604
rettest	3.60	604
träger	3.60	604
finanziell	3.60	604
depressionen	3.60	604
weitergeben	3.60	604
schnecke	3.60	604
gedruckt	3.60	603
feindlichen	3.60	603
rinder	3.60	603
waisen	3.60	603
chemische	3.60	603
baust	3.60	603
getraut	3.60	603
zünder	3.60	603
lachte	3.60	603
haarschnitt	3.60	603
schneewittchen	3.60	603
gerry	3.60	603
enten	3.60	603
pariser	3.60	603
einmalig	3.60	603
vergeudet	3.60	603
tomas	3.60	602
depressiv	3.60	602
comandante	3.60	602
eingebrockt	3.60	602
schreibmaschine	3.60	602
selig	3.60	602
entgangen	3.60	602
gelohnt	3.60	602
notizbuch	3.60	602
wechselgeld	3.60	602
starrst	3.60	602
z.	3.60	601
obdachlosen	3.60	601
göttliche	3.60	601
überlebte	3.60	601
merkwürdiges	3.60	601
frankreichs	3.60	601
entziehen	3.60	600
jacks	3.60	600
gefällst	3.60	600
hupe	3.60	600
festland	3.60	600
rückgrat	3.60	600
schmuggeln	3.60	600
knoblauch	3.60	600
mörders	3.60	600
motoren	3.60	600
korridor	3.60	600
sugar	3.60	600
countdown	3.60	600
socke	3.60	599
bettler	3.60	599
signore	3.60	599
russe	3.60	599
forge	3.60	599
lopez	3.60	599
salut	3.60	599
ausfallen	3.60	599
zeh	3.60	599
freud	3.60	599
äußeren	3.60	599
grausame	3.60	599
cooles	3.60	599
bakterien	3.60	599
olsen	3.60	599
feindes	3.60	599
rezeption	3.60	599
erreichte	3.60	598
dreizehn	3.60	598
paolo	3.60	598
anflug	3.60	598
penelope	3.60	598
sogenannten	3.60	598
verschwendest	3.60	598
donny	3.60	598
zulassung	3.60	598
abtreibung	3.60	598
planung	3.60	598
territorium	3.60	598
pope	3.60	598
portemonnaie	3.60	598
affengeräusche	3.60	598
improvisieren	3.59	597
reinzukommen	3.59	597
tanken	3.59	597
einschüchtern	3.59	597
explodierte	3.59	597
schleife	3.59	597
berechnen	3.59	597
befördern	3.59	597
newton	3.59	597
aufgespürt	3.59	597
streicheln	3.59	597
speer	3.59	597
reaktionen	3.59	597
maxwell	3.59	597
director	3.59	597
erhöhe	3.59	596
hinteren	3.59	596
zusammengearbeitet	3.59	596
hanson	3.59	596
geschweige	3.59	596
puff	3.59	596
dämlicher	3.59	596
ablauf	3.59	596
rollt	3.59	596
mikrofon	3.59	596
verwundeten	3.59	595
aufgewühlt	3.59	595
luftwaffe	3.59	595
wiese	3.59	595
beschissenes	3.59	595
verkleidung	3.59	595
scarlett	3.59	595
intensivstation	3.59	595
schlinge	3.59	595
mahlzeiten	3.59	595
list	3.59	594
handvoll	3.59	594
lehnte	3.59	594
stärksten	3.59	594
beweisstück	3.59	594
pretty	3.59	594
einzigartige	3.59	594
gehirne	3.59	594
pfeffer	3.59	594
nachgeben	3.59	594
pittsburgh	3.59	594
stadium	3.59	594
stritten	3.59	594
stau	3.59	594
unsterblichkeit	3.59	594
karev	3.59	594
ginny	3.59	593
wiehern	3.59	593
erkenntnis	3.59	593
erweckt	3.59	593
kategorie	3.59	593
überwältigend	3.59	593
underwood	3.59	593
neelix	3.59	593
explosionen	3.59	593
telefonzelle	3.59	593
plaza	3.59	593
verschließen	3.59	592
angesagt	3.59	592
western	3.59	592
absatz	3.59	592
beschreibt	3.59	592
lern	3.59	592
main	3.59	592
lehne	3.59	592
easy	3.59	592
buße	3.59	592
fehlende	3.59	592
anständigen	3.59	592
häufiger	3.59	591
buh	3.59	591
anfängst	3.59	591
fandest	3.59	591
jaja	3.59	591
giftig	3.59	591
rausch	3.59	591
jarvis	3.59	591
hochwürden	3.59	591
schnecken	3.59	591
einheimischen	3.59	591
unmögliche	3.59	591
weaver	3.59	591
freilassung	3.59	591
sonderbar	3.59	591
fassade	3.59	591
scharfschützen	3.59	590
anfrage	3.59	590
bewegte	3.59	590
ex-mann	3.59	590
fotografen	3.59	590
monika	3.59	590
cardassianer	3.59	590
solide	3.59	590
ansiehst	3.59	590
freitagabend	3.59	590
legten	3.59	590
klatsch	3.59	590
dewey	3.59	590
schicksals	3.59	590
hartnäckig	3.59	590
bars	3.59	590
paddy	3.59	589
sofortige	3.59	589
küstenwache	3.59	589
entsetzt	3.59	589
moe	3.59	589
edle	3.59	589
unbemerkt	3.59	589
religiöse	3.59	589
scheiben	3.59	589
plänen	3.59	589
schleifen	3.59	589
wundervoller	3.59	589
mozart	3.59	589
shelly	3.59	589
deprimierend	3.59	589
onkels	3.59	589
jade	3.59	589
pol	3.59	588
bedankt	3.59	588
fi	3.59	588
harmonie	3.59	588
alexandra	3.59	588
jacqueline	3.59	588
kelch	3.59	588
reddington	3.59	588
hüter	3.59	588
jetzigen	3.59	588
buchen	3.59	588
leiste	3.59	588
dee	3.59	588
aufgeklärt	3.59	588
kurzes	3.59	588
außenministerium	3.59	588
wheeler	3.59	587
adios	3.59	587
arrest	3.59	587
oxford	3.59	587
lebensform	3.59	587
clint	3.59	587
anfasst	3.59	587
veranstaltet	3.59	587
umstellt	3.59	587
bezieht	3.59	587
besetzung	3.59	587
murdock	3.59	587
cut	3.59	587
kriminell	3.59	587
praktikum	3.59	587
grossen	3.59	587
angebote	3.59	587
märtyrer	3.59	587
blutest	3.59	586
anfange	3.59	586
kick	3.59	586
paß	3.59	586
bogg	3.59	586
tapferen	3.59	586
haupt	3.59	586
nachtschicht	3.59	586
gebrochene	3.59	586
klebeband	3.59	586
metzger	3.59	586
marlene	3.59	586
gewöhnlichen	3.59	586
umarme	3.59	586
philipp	3.59	586
leistungen	3.59	586
dankt	3.59	586
fitzgerald	3.59	585
lesben	3.59	585
ehering	3.59	585
uno	3.59	585
strauss	3.59	585
großbritannien	3.59	585
armeen	3.59	585
aufsehen	3.59	585
heu	3.59	585
schwarm	3.59	584
ziemlicher	3.59	584
eule	3.59	584
mitteilung	3.59	584
aufgerissen	3.59	584
sätze	3.59	584
gottverdammten	3.59	584
gelockt	3.59	584
erwägung	3.59	584
langsame	3.59	584
keen	3.59	584
gunst	3.59	584
bann	3.59	584
leichenschauhaus	3.59	584
widersetzen	3.59	584
geflüchtet	3.59	584
therapeut	3.58	583
abdrücken	3.58	583
hingehst	3.58	583
lokale	3.58	583
edlen	3.58	583
dialog	3.58	583
kaputte	3.58	583
susanne	3.58	583
tokyo	3.58	583
lordschaft	3.58	583
zuhört	3.58	583
finanziellen	3.58	583
camelot	3.58	583
bäckerei	3.58	583
gehauen	3.58	582
ziemliche	3.58	582
bronx	3.58	582
originell	3.58	582
sicherheitssystem	3.58	582
elektronische	3.58	582
twilight	3.58	582
glaubens	3.58	582
charlene	3.58	582
nahezu	3.58	582
sichtkontakt	3.58	582
strafen	3.58	581
gehorsam	3.58	581
sportler	3.58	581
mutiger	3.58	581
becker	3.58	581
det	3.58	581
saga	3.58	580
ski	3.58	580
entgeht	3.58	580
abläuft	3.58	580
timothy	3.58	580
beschwingte	3.58	580
lindsay	3.58	580
aufklärung	3.58	580
phantastisch	3.58	580
zane	3.58	580
eigen	3.58	580
haven	3.58	580
gracias	3.58	580
justine	3.58	580
blonden	3.58	579
kobra	3.58	579
beantragen	3.58	579
muscheln	3.58	579
spot	3.58	579
bewerbung	3.58	579
biologische	3.58	579
raffiniert	3.58	579
protest	3.58	579
texte	3.58	579
kapiere	3.58	579
linus	3.58	579
panne	3.58	579
willens	3.58	579
argentinien	3.58	579
bissen	3.58	579
abbiegen	3.58	579
harbor	3.58	579
fernen	3.58	578
versäumt	3.58	578
frühe	3.58	578
rohre	3.58	578
packte	3.58	578
zeitmaschine	3.58	578
weiterzumachen	3.58	578
beiß	3.58	578
kleinsten	3.58	578
verzögerung	3.58	578
sprit	3.58	578
initialen	3.58	577
ansprache	3.58	577
recherchiert	3.58	577
malley	3.58	577
erfuhren	3.58	577
ja.	3.58	577
zahlte	3.58	577
eingebaut	3.58	577
offener	3.58	577
geheimnisvoll	3.58	577
geschöpf	3.58	577
unangebracht	3.58	577
schlüsse	3.58	577
eingefangen	3.58	577
halts	3.58	577
bewährungshelfer	3.58	577
folgten	3.58	576
erhebe	3.58	576
brenner	3.58	576
surfen	3.58	576
hintergehen	3.58	576
hörner	3.58	576
fürchtest	3.58	576
reaktor	3.58	576
run	3.58	576
zweieinhalb	3.58	576
gebrochenen	3.58	576
ansage	3.58	576
kompromiss	3.58	576
abzeichen	3.58	576
mehrfach	3.58	576
dolores	3.58	575
cox	3.58	575
zielt	3.58	575
vorlesung	3.58	575
gesamtes	3.58	575
berechnet	3.58	575
römische	3.58	575
auffällig	3.58	575
lenkrad	3.58	575
engagement	3.58	575
amerikanerin	3.58	575
harlem	3.58	575
jose	3.58	575
chakotay	3.58	575
fernzuhalten	3.58	575
gründer	3.58	575
technischen	3.58	575
hassan	3.58	575
eingeweide	3.58	575
verschickt	3.58	575
studierte	3.58	575
industrie	3.58	575
frühjahr	3.58	575
heiligabend	3.58	575
stellvertreter	3.58	575
unvorstellbar	3.58	574
sichert	3.58	574
scheißt	3.58	574
space	3.58	574
zweifle	3.58	574
verbrannte	3.58	574
hähnchen	3.58	574
ren	3.58	574
exfrau	3.58	574
kulturen	3.58	574
ehrgeizig	3.58	574
anmelden	3.58	574
bewegst	3.58	574
verschüttet	3.58	574
whirlpool	3.58	573
atmung	3.58	573
kaltblütig	3.58	573
handwerker	3.58	573
kurse	3.58	573
griffen	3.58	573
unangenehme	3.58	573
ausstellen	3.58	573
andernfalls	3.58	573
sonderlich	3.58	573
angefühlt	3.58	573
prag	3.58	572
frösche	3.58	572
herausfand	3.58	572
vega	3.58	572
vance	3.58	572
zärtlich	3.58	572
doe	3.58	572
jüdischen	3.58	572
steuerung	3.58	572
zeitschriften	3.58	572
verbockt	3.58	571
gewaltige	3.58	571
genesung	3.58	571
auftraggeber	3.58	571
wanna	3.58	571
abgehört	3.58	571
oregon	3.58	571
gecheckt	3.58	571
zusammenbruch	3.58	571
beachtet	3.58	571
united	3.58	571
cowboys	3.58	571
pumpe	3.58	571
eagle	3.57	570
logbuch	3.57	570
irgendwem	3.57	570
ausgenommen	3.57	570
churchill	3.57	570
rankommen	3.57	570
relevant	3.57	570
t-shirts	3.57	570
besuchst	3.57	570
tiefsten	3.57	570
einbildung	3.57	570
instabil	3.57	570
fühlten	3.57	570
hr	3.57	570
transportiert	3.57	570
mönche	3.57	570
lina	3.57	570
riggs	3.57	570
stacy	3.57	570
beschuss	3.57	570
fledermaus	3.57	570
segnen	3.57	569
stattgefunden	3.57	569
nell	3.57	569
lebeau	3.57	569
krallen	3.57	569
moss	3.57	569
kgb	3.57	569
romantischen	3.57	569
blutig	3.57	569
alliierten	3.57	569
mara	3.57	569
oberflächlich	3.57	569
sanders	3.57	569
hicks	3.57	568
ostern	3.57	568
orangensaft	3.57	568
unbekannter	3.57	568
thornton	3.57	568
ausgerutscht	3.57	568
aurora	3.57	568
freundlicher	3.57	568
exil	3.57	568
clary	3.57	568
blog	3.57	568
schmelzen	3.57	568
mysteriösen	3.57	568
überwunden	3.57	568
erdbeeren	3.57	568
ära	3.57	568
eingefroren	3.57	568
großzügigkeit	3.57	568
einreichen	3.57	568
anderswo	3.57	567
seinetwegen	3.57	567
ferguson	3.57	567
zwilling	3.57	567
deppen	3.57	567
verlangte	3.57	567
genf	3.57	567
trophäe	3.57	567
lucia	3.57	567
wisch	3.57	567
reduziert	3.57	566
ernährt	3.57	566
irgendjemandem	3.57	566
kaiserin	3.57	566
koste	3.57	566
reiste	3.57	566
lucrezia	3.57	566
therapeutin	3.57	566
pfanne	3.57	566
komma	3.57	566
stillhalten	3.57	565
freundlichkeit	3.57	565
stockholm	3.57	565
informiere	3.57	565
konsul	3.57	565
dante	3.57	565
gänge	3.57	565
irgendwen	3.57	565
unerhört	3.57	565
deutlicher	3.57	565
bomber	3.57	565
ausgeliehen	3.57	565
drehten	3.57	565
prostitution	3.57	565
inoffiziell	3.57	565
motherfucker	3.57	565
glücklichste	3.57	565
erschreckend	3.57	565
isolieren	3.57	565
flugplatz	3.57	564
friedliche	3.57	564
lachs	3.57	564
furchtbarer	3.57	564
erkältet	3.57	564
boyle	3.57	564
nadine	3.57	564
slim	3.57	564
angestellter	3.57	564
anomalie	3.57	564
bestimme	3.57	564
off	3.57	564
provoziert	3.57	564
siehe	3.57	563
aufbewahren	3.57	563
diamant	3.57	563
herauskommen	3.57	563
poster	3.57	563
gräber	3.57	563
savage	3.57	563
heh	3.57	563
jedesmal	3.57	563
bajor	3.57	563
angepasst	3.57	563
strick	3.57	563
übertreib	3.57	563
schweinchen	3.57	563
herbei	3.57	563
ahnte	3.57	562
dirk	3.57	562
bewältigen	3.57	562
fläschchen	3.57	562
sams	3.57	562
kotze	3.57	562
übt	3.57	562
lupe	3.57	562
stanford	3.57	562
davonlaufen	3.57	562
klima	3.57	562
zerstöre	3.57	562
jerome	3.57	562
schöpfung	3.57	562
befriedigen	3.57	562
schossen	3.57	561
soul	3.57	561
verschlafen	3.57	561
indiana	3.57	561
putzt	3.57	561
verdoppelt	3.57	561
entschuldigungen	3.57	561
inakzeptabel	3.57	561
prioritäten	3.57	561
bryan	3.57	561
dominion	3.57	561
jem	3.57	561
karate	3.57	561
unterschreib	3.57	561
clinton	3.57	561
louisiana	3.57	560
fat	3.57	560
f.	3.57	560
kampfes	3.57	560
grades	3.57	560
komplizierte	3.57	560
j.d.	3.57	560
waise	3.57	560
alain	3.57	560
würdigen	3.57	560
vorrat	3.57	560
trocknen	3.57	559
entfernte	3.57	559
katja	3.57	559
bücherei	3.57	559
fallschirm	3.57	559
laurent	3.57	559
fusion	3.57	559
frachter	3.57	558
komplize	3.57	558
haie	3.57	558
witzbold	3.57	558
drecksarbeit	3.57	558
schiedsrichter	3.57	558
spezialisiert	3.57	558
innern	3.57	558
verschlüsselt	3.57	558
chirurgie	3.57	558
chff409b	3.57	558
hüpfen	3.57	558
festzustellen	3.57	558
harlan	3.57	558
gerichts	3.57	558
matrosen	3.56	557
schweinerei	3.56	557
schnarcht	3.56	557
anzuhören	3.56	557
überprüf	3.56	557
überprüfung	3.56	556
florenz	3.56	556
blanche	3.56	556
maddie	3.56	556
getauscht	3.56	556
verübt	3.56	556
blutige	3.56	556
galaxien	3.56	556
antiquitäten	3.56	556
wandert	3.56	556
hormone	3.56	556
homo	3.56	556
slade	3.56	556
chapman	3.56	555
nachschub	3.56	555
america	3.56	555
zerbrechlich	3.56	555
palm	3.56	555
basta	3.56	555
riese	3.56	555
brenne	3.56	555
sticht	3.56	555
hang	3.56	555
leser	3.56	555
zurückbleiben	3.56	555
woods	3.56	555
prototyp	3.56	555
wider	3.56	555
liebenswürdig	3.56	555
gewohnheiten	3.56	555
säure	3.56	554
chaotisch	3.56	554
geschissen	3.56	554
moran	3.56	554
call	3.56	554
besorgnis	3.56	554
grundschule	3.56	554
verheiratete	3.56	553
aufruf	3.56	553
sauce	3.56	553
verwandter	3.56	553
schwelle	3.56	553
fröhliches	3.56	553
mmh	3.56	553
kühlen	3.56	553
herrliche	3.56	553
lächerliche	3.56	553
lift	3.56	553
angriffen	3.56	553
zurückfahren	3.56	553
dutch	3.56	553
verschluss	3.56	553
herzchen	3.56	552
eineinhalb	3.56	552
verbrachten	3.56	552
igor	3.56	552
besetzen	3.56	552
sexueller	3.56	552
spaßig	3.56	552
kreuzen	3.56	552
yep	3.56	552
intuition	3.56	552
terrorismus	3.56	552
traditionen	3.56	552
game	3.56	552
lad	3.56	552
vorgetäuscht	3.56	551
satellit	3.56	551
lehnt	3.56	551
samson	3.56	551
verhungere	3.56	551
unterrichte	3.56	551
burton	3.56	551
link	3.56	551
schiefgehen	3.56	551
pyjama	3.56	551
verurteile	3.56	551
wachtmeister	3.56	551
dunkles	3.56	551
abgeschlachtet	3.56	551
tätowierung	3.56	551
ansprüche	3.56	550
erleiden	3.56	550
ruinen	3.56	550
reife	3.56	550
kommenden	3.56	550
hoffman	3.56	550
verstummt	3.56	550
panama	3.56	550
staubsauger	3.56	550
projekte	3.56	550
kopieren	3.56	550
unters	3.56	549
begeht	3.56	549
vorurteile	3.56	549
militärischen	3.56	549
prüfe	3.56	549
verpissen	3.56	549
edler	3.56	549
tablett	3.56	549
geblasen	3.56	549
hergeholt	3.56	549
beratung	3.56	549
rabatt	3.56	549
renne	3.56	549
behaltet	3.56	549
tapferer	3.56	548
offenbarung	3.56	548
wegkommen	3.56	548
verabreden	3.56	548
motive	3.56	548
unannehmlichkeiten	3.56	548
village	3.56	548
späten	3.56	548
verfickten	3.56	548
argumente	3.56	548
behauptete	3.56	548
wertvolles	3.56	548
niki	3.56	548
fehlern	3.56	548
abendbrot	3.56	547
putz	3.56	547
übermitteln	3.56	547
spielplatz	3.56	547
gutachten	3.56	547
auszusehen	3.56	547
wiehert	3.56	547
basil	3.56	547
spezielles	3.56	547
flüchtigen	3.56	547
dringt	3.56	547
verkraften	3.56	547
unglaublichen	3.56	547
endlos	3.56	547
kritiker	3.56	547
schwuler	3.56	547
hob	3.56	547
pfleger	3.56	547
klarmachen	3.56	547
dermaßen	3.56	547
benson	3.56	546
hindert	3.56	546
gespendet	3.56	546
lire	3.56	546
erstaunliche	3.56	546
gummi	3.56	546
patterson	3.56	546
zicke	3.56	546
begreift	3.56	546
marionette	3.56	546
backbord	3.56	546
benehmt	3.56	545
buenos	3.56	545
erwähnten	3.56	545
gestohlene	3.56	545
medaillon	3.56	545
streifenwagen	3.56	545
pascal	3.56	545
romanze	3.56	545
shelley	3.56	545
fluchen	3.56	545
javier	3.56	545
untergebracht	3.56	545
kahn	3.56	545
scht	3.56	545
ehemänner	3.56	545
erfinder	3.55	544
kraftfeld	3.55	544
unbesiegbar	3.55	544
niete	3.55	544
horst	3.55	544
beinah	3.55	544
schwing	3.55	544
schneit	3.55	544
versenkt	3.55	544
wärest	3.55	544
erika	3.55	544
brücken	3.55	544
toi	3.55	544
stromausfall	3.55	544
zielscheibe	3.55	544
überschreiten	3.55	543
bird	3.55	543
eingejagt	3.55	543
lt.	3.55	543
que	3.55	543
versenken	3.55	543
fördern	3.55	543
kundin	3.55	543
enzo	3.55	543
portier	3.55	543
riech	3.55	543
beobachter	3.55	543
beerdigen	3.55	543
su	3.55	543
entscheidende	3.55	543
zeugs	3.55	543
lorraine	3.55	543
auszusprechen	3.55	543
gerard	3.55	542
dani	3.55	542
zoom	3.55	542
brillante	3.55	542
our	3.55	542
einfahrt	3.55	542
emotionalen	3.55	542
kommentare	3.55	542
brachen	3.55	542
parfum	3.55	542
roms	3.55	542
durchschnitt	3.55	542
glücksspiel	3.55	542
geburtstagsparty	3.55	541
cadillac	3.55	541
herausgestellt	3.55	541
beeinträchtigt	3.55	541
feel	3.55	541
spiels	3.55	541
hinnehmen	3.55	541
eingetragen	3.55	541
sprünge	3.55	541
joker	3.55	541
torpedos	3.55	541
belegen	3.55	541
xavier	3.55	541
belgien	3.55	541
rouge	3.55	541
darius	3.55	541
hypnose	3.55	541
konfrontiert	3.55	540
gezielt	3.55	540
schauspielern	3.55	540
murmeln	3.55	540
ultimative	3.55	540
weggeschickt	3.55	540
regierungen	3.55	540
erdnüsse	3.55	540
missy	3.55	540
spritztour	3.55	540
kopfgeldjäger	3.55	540
einladungen	3.55	539
kleidern	3.55	539
mm-hm	3.55	539
chicken	3.55	539
hawk	3.55	539
quarterback	3.55	539
glatze	3.55	539
systems	3.55	539
vergeblich	3.55	539
mäuschen	3.55	539
eingeliefert	3.55	539
entschlüsseln	3.55	539
kerlchen	3.55	539
unentschieden	3.55	538
ausverkauft	3.55	538
viermal	3.55	538
fargo	3.55	538
zugenommen	3.55	538
völker	3.55	538
migräne	3.55	538
eddy	3.55	538
double	3.55	538
rothaarige	3.55	538
memphis	3.55	538
aufgetragen	3.55	538
runtergehen	3.55	538
seen	3.55	538
amnesie	3.55	538
einzustellen	3.55	538
bedeutest	3.55	538
steaks	3.55	538
empfänger	3.55	538
telefonbuch	3.55	538
massen	3.55	538
vorführung	3.55	538
cheese	3.55	538
angefordert	3.55	537
royce	3.55	537
heinz	3.55	537
hexerei	3.55	537
sündenbock	3.55	537
asien	3.55	537
kopiert	3.55	537
astronaut	3.55	537
eindringlinge	3.55	537
verhältst	3.55	537
bosse	3.55	537
abzugeben	3.55	537
ice	3.55	537
genetisch	3.55	537
anständiges	3.55	537
lächelst	3.55	537
davina	3.55	537
wochenenden	3.55	537
augenbrauen	3.55	537
kauften	3.55	537
unverändert	3.55	537
fickst	3.55	536
schleicht	3.55	536
unterbewusstsein	3.55	536
nat	3.55	536
sehne	3.55	536
schilling	3.55	536
schluß	3.55	536
kundschaft	3.55	536
verschrieben	3.55	536
entfliehen	3.55	536
bestohlen	3.55	535
klick	3.55	535
heiliges	3.55	535
verstopft	3.55	535
kürbis	3.55	535
kröte	3.55	535
demütigen	3.55	535
grausamkeit	3.55	535
makler	3.55	535
ausgerastet	3.55	535
geräumt	3.55	535
kalb	3.55	535
santiago	3.55	534
schnur	3.55	534
garth	3.55	534
len	3.55	534
foundation	3.55	534
death	3.55	534
kaputten	3.55	534
rüberkommen	3.55	534
senor	3.55	534
teilte	3.55	534
einleiten	3.55	534
gelder	3.55	534
lizzy	3.55	534
kommandeur	3.55	534
demonstrieren	3.55	534
vereinbaren	3.55	534
tranken	3.55	533
copyright	3.55	533
ursula	3.55	533
mitgekriegt	3.55	533
perkins	3.55	533
kakerlaken	3.55	533
durchdacht	3.55	533
westlichen	3.55	533
waschmaschine	3.55	533
shorts	3.55	533
sehn	3.55	533
dora	3.55	533
vatikan	3.55	533
ausgänge	3.55	533
sausen	3.55	533
moralisch	3.55	533
krönung	3.55	533
instinkte	3.55	533
hü	3.54	532
vernon	3.54	532
hierhergekommen	3.54	532
büffel	3.54	532
geborene	3.54	532
ausgebucht	3.54	532
mitkommst	3.54	532
irrsinn	3.54	532
unterhalb	3.54	532
tok	3.54	532
vors	3.54	532
jackett	3.54	532
geraubt	3.54	532
schwitzt	3.54	532
ständer	3.54	532
lot	3.54	532
luna	3.54	532
rolf	3.54	531
hingefallen	3.54	531
kessel	3.54	531
jorge	3.54	531
waffeln	3.54	531
korrupt	3.54	531
freiwilligen	3.54	531
kartell	3.54	531
ba	3.54	531
kentucky	3.54	531
nevada	3.54	531
cap	3.54	531
illinois	3.54	531
wies	3.54	531
trainiere	3.54	531
bloom	3.54	531
kreise	3.54	531
raquel	3.54	530
eiscreme	3.54	530
heimweh	3.54	530
four	3.54	530
entschärfen	3.54	530
spionin	3.54	530
behielt	3.54	530
einstecken	3.54	530
franco	3.54	530
wiedergeboren	3.54	530
festgelegt	3.54	530
wähler	3.54	530
bürde	3.54	530
models	3.54	530
besorgte	3.54	529
fetzen	3.54	529
blute	3.54	529
leidest	3.54	529
blood	3.54	529
shanghai	3.54	529
trent	3.54	529
brüssel	3.54	529
vorgeschichte	3.54	529
ninja	3.54	529
großvaters	3.54	529
sabrina	3.54	529
rausschmeißen	3.54	529
verleger	3.54	529
genetische	3.54	529
säge	3.54	529
ansatz	3.54	529
erlitt	3.54	529
darstellt	3.54	528
wohlauf	3.54	528
allmächtiger	3.54	528
mochtest	3.54	528
verrecken	3.54	528
verstoß	3.54	528
weston	3.54	528
treppenhaus	3.54	528
leland	3.54	528
notieren	3.54	528
erwidern	3.54	528
speicher	3.54	528
rauskommst	3.54	528
springfield	3.54	527
sunny	3.54	527
lokalisieren	3.54	527
spence	3.54	527
wangen	3.54	527
aubrey	3.54	527
periode	3.54	527
beschatten	3.54	527
höchster	3.54	527
luc	3.54	527
gehirnwäsche	3.54	527
brothers	3.54	527
stalker	3.54	527
gleis	3.54	527
erdnussbutter	3.54	527
gallagher	3.54	527
arnie	3.54	527
antut	3.54	527
wohnten	3.54	526
nachschauen	3.54	526
breite	3.54	526
dot	3.54	526
gespeichert	3.54	526
verkleiden	3.54	526
grauenhaft	3.54	526
beobachtete	3.54	526
wegzulaufen	3.54	526
wiederfinden	3.54	526
sinnvoll	3.54	526
englands	3.54	526
ostküste	3.54	526
historischen	3.54	526
scheich	3.54	526
reparaturen	3.54	525
ähnlichen	3.54	525
aufgeschlitzt	3.54	525
sanchez	3.54	525
stecker	3.54	525
republikaner	3.54	525
gottesdienst	3.54	525
weis	3.54	525
charly	3.54	525
türkei	3.54	525
vollständige	3.54	525
gebieter	3.54	525
amerikanern	3.54	525
schmutziges	3.54	525
intelligente	3.54	525
getauft	3.54	525
soda	3.54	525
einsatzbereit	3.54	525
verliehen	3.54	524
beton	3.54	524
ausreichen	3.54	524
untersuche	3.54	524
robbins	3.54	524
sabotage	3.54	524
konsulat	3.54	524
marta	3.54	524
nimmer	3.54	524
aufgeflogen	3.54	524
ballons	3.54	524
geburtstagsgeschenk	3.54	524
micki	3.54	524
fleming	3.54	524
rotwein	3.54	524
wagens	3.54	524
blutes	3.54	524
tausendmal	3.54	524
fuller	3.54	524
trab	3.54	524
great	3.54	524
hetero	3.54	523
äußere	3.54	523
gatten	3.54	523
verlassenen	3.54	523
sauberen	3.54	523
berechtigt	3.54	523
gunsten	3.54	523
gefrühstückt	3.54	523
trockenen	3.54	523
taschengeld	3.54	523
gespenster	3.54	523
robby	3.54	523
schenkel	3.54	523
herzanfall	3.54	523
downtown	3.54	523
wirbelsäule	3.54	523
curt	3.54	522
genuss	3.54	522
flyer	3.54	522
reservierung	3.54	522
gelübde	3.54	522
dreien	3.54	522
blutigen	3.54	522
carroll	3.54	522
notwendigkeit	3.54	522
ichs	3.54	522
rover	3.54	522
rücksichtslos	3.54	522
malik	3.54	522
korn	3.54	522
vermutungen	3.54	522
dwight	3.54	522
fülle	3.54	522
walzer	3.54	522
verstört	3.54	521
zahlung	3.54	521
fürsorge	3.54	521
inspektion	3.54	521
kennenlernte	3.54	521
sauberes	3.54	521
amulett	3.54	521
neuerdings	3.54	521
zusteht	3.54	521
remington	3.54	521
überholt	3.54	521
vergossen	3.54	521
wörtlich	3.54	521
bereust	3.54	521
platzieren	3.54	520
parteien	3.54	520
kontinent	3.54	520
schweinehund	3.54	520
university	3.54	520
wachs	3.54	520
eintrag	3.54	520
lindern	3.54	520
straßenseite	3.54	520
geniale	3.54	520
untertitelung	3.54	520
hinstellen	3.53	519
angekündigt	3.53	519
meyer	3.53	519
erfand	3.53	519
treuer	3.53	519
entsprechen	3.53	519
aufladen	3.53	519
blüht	3.53	519
beule	3.53	519
katz	3.53	519
church	3.53	519
sprachlos	3.53	519
scan	3.53	519
düster	3.53	518
manuela	3.53	518
emmett	3.53	518
i.	3.53	518
logische	3.53	518
tapfere	3.53	518
joghurt	3.53	518
barrett	3.53	518
biologie	3.53	518
anwälten	3.53	518
geschäftliches	3.53	518
ellbogen	3.53	518
widersetzt	3.53	518
meth	3.53	518
geklopft	3.53	517
wright	3.53	517
begrüßung	3.53	517
steckten	3.53	517
dauerhaft	3.53	517
steuert	3.53	517
windel	3.53	517
älterer	3.53	517
greife	3.53	517
jeremiah	3.53	516
blüte	3.53	516
ehen	3.53	516
repariere	3.53	516
irving	3.53	516
docks	3.53	516
warnte	3.53	516
überarbeitet	3.53	516
jagte	3.53	516
dörfer	3.53	516
ungefährlich	3.53	516
webber	3.53	516
versorgung	3.53	516
angenehmer	3.53	516
wohler	3.53	516
trey	3.53	515
leila	3.53	515
granaten	3.53	515
verstreut	3.53	515
spuckt	3.53	515
deep	3.53	515
bagdad	3.53	515
wale	3.53	515
tagesanbruch	3.53	515
subbed	3.53	515
interessierst	3.53	515
franks	3.53	515
berührte	3.53	515
polizeiarbeit	3.53	515
interessierte	3.53	515
stottert	3.53	515
beworben	3.53	515
vorziehen	3.53	515
türglocke	3.53	514
kompletten	3.53	514
abgeriegelt	3.53	514
fenstern	3.53	514
weilchen	3.53	514
cary	3.53	514
klammern	3.53	514
ruck	3.53	514
drückte	3.53	514
beitragen	3.53	514
offenes	3.53	514
plündern	3.53	514
wikinger	3.53	514
abserviert	3.53	514
gebührt	3.53	514
padre	3.53	514
geklingelt	3.53	514
beschränkt	3.53	513
betäuben	3.53	513
nigga	3.53	513
frankfurt	3.53	513
prof.	3.53	513
antiker	3.53	513
mikrowelle	3.53	513
herkommst	3.53	513
ernster	3.53	513
umgekommen	3.53	513
coup	3.53	513
mülleimer	3.53	513
definieren	3.53	513
malibu	3.53	513
entwickelten	3.53	513
buzz	3.53	513
getrennte	3.53	513
ausüben	3.53	513
manöver	3.53	512
verlängern	3.53	512
schauspiel	3.53	512
verehrt	3.53	512
vers	3.53	512
wag	3.53	512
schenkst	3.53	512
getreide	3.53	512
empire	3.53	512
zac	3.53	512
sicherste	3.53	512
fehlenden	3.53	512
dummerchen	3.53	512
bleistift	3.53	512
wissens	3.53	512
alejandro	3.53	512
gänsehaut	3.53	512
w.	3.53	512
zurücknehmen	3.53	512
magisch	3.53	512
jungfrauen	3.53	511
trommel	3.53	511
ereignissen	3.53	511
ahoi	3.53	511
freundlichen	3.53	511
üblen	3.53	511
gebrannt	3.53	511
verkündet	3.53	511
skipper	3.53	511
bestelle	3.53	511
logo	3.53	511
vitamine	3.53	511
lover	3.53	511
flachgelegt	3.53	511
leroy	3.53	511
abgesucht	3.53	511
verblutet	3.53	511
gerüchten	3.53	511
örtliche	3.53	511
verpfiffen	3.53	510
rosalie	3.53	510
wegzukommen	3.53	510
express	3.53	510
mitzukommen	3.53	510
berühre	3.53	510
blutvergießen	3.53	510
weigerte	3.53	510
puzzle	3.53	510
diaz	3.53	510
pure	3.53	510
erwähne	3.53	510
faulen	3.53	510
gesündigt	3.53	510
picasso	3.53	509
streitkräfte	3.53	509
flügeln	3.53	509
bedeutungslos	3.53	509
sperre	3.53	509
psychopathen	3.53	509
pfiff	3.53	509
abgeordneter	3.53	509
kritisieren	3.53	509
krankes	3.53	509
jüdische	3.52	508
zornig	3.52	508
briefen	3.52	508
lili	3.52	508
heiratsantrag	3.52	508
ole	3.52	508
gießen	3.52	508
bestochen	3.52	508
beweismaterial	3.52	508
coleman	3.52	508
religiös	3.52	508
vermittelt	3.52	508
arche	3.52	508
elite	3.52	508
fliegenden	3.52	508
motiviert	3.52	508
medikamenten	3.52	508
schlank	3.52	508
lorenzo	3.52	507
befugnis	3.52	507
lockhart	3.52	507
johan	3.52	507
regst	3.52	507
beau	3.52	507
fettes	3.52	507
verhext	3.52	507
todesurteil	3.52	507
kaiserliche	3.52	507
besorgst	3.52	507
forschungen	3.52	507
allie	3.52	507
auszuziehen	3.52	507
rutscht	3.52	507
entwischen	3.52	507
ringen	3.52	507
ausgetrickst	3.52	506
creme	3.52	506
auszugeben	3.52	506
clive	3.52	506
why	3.52	506
zurückzugeben	3.52	506
fährte	3.52	506
barbaren	3.52	506
verzaubert	3.52	506
coop	3.52	506
interessanten	3.52	506
rudern	3.52	506
kriegte	3.52	506
überquert	3.52	505
ergangen	3.52	505
neigen	3.52	505
coco	3.52	505
untergeht	3.52	505
kunstwerk	3.52	505
bodyguard	3.52	505
behinderung	3.52	505
blühen	3.52	505
dünne	3.52	505
kamm	3.52	505
verwandlung	3.52	505
hunderten	3.52	505
antike	3.52	505
warner	3.52	505
pelz	3.52	505
3-mal	3.52	504
jemandes	3.52	504
regenbogen	3.52	504
zitieren	3.52	504
verursachte	3.52	504
zürich	3.52	504
kippe	3.52	504
blamieren	3.52	504
chinatown	3.52	504
programme	3.52	504
nottingham	3.52	504
pate	3.52	504
inszeniert	3.52	504
vorenthalten	3.52	504
freigabe	3.52	504
beidem	3.52	503
differenzen	3.52	503
außergewöhnliches	3.52	503
beteiligten	3.52	503
neville	3.52	503
springer	3.52	503
angus	3.52	503
grosser	3.52	503
übungen	3.52	503
mittelalter	3.52	503
skript	3.52	503
simulation	3.52	503
stockwerke	3.52	503
strahl	3.52	503
circa	3.52	503
überlässt	3.52	503
bye-bye	3.52	503
starling	3.52	503
feng	3.52	503
geschadet	3.52	503
geldbeutel	3.52	503
obere	3.52	503
glücksbringer	3.52	502
adolf	3.52	502
fowler	3.52	502
spitz	3.52	502
vargas	3.52	502
motivation	3.52	502
abwesend	3.52	502
gunnar	3.52	502
viper	3.52	502
zerquetscht	3.52	502
stetson	3.52	502
pisser	3.52	502
konferenzraum	3.52	502
declan	3.52	502
weitergegeben	3.52	502
malte	3.52	501
draufgehen	3.52	501
davey	3.52	501
beteiligen	3.52	501
whoo	3.52	501
castiel	3.52	501
unverschämtheit	3.52	501
plattform	3.52	501
mexikanischen	3.52	501
phyllis	3.52	501
bündnis	3.52	501
kripo	3.52	501
benachrichtigt	3.52	500
beunruhigend	3.52	500
vernachlässigt	3.52	500
europas	3.52	500
schnellsten	3.52	500
küken	3.52	500
could	3.52	500
yacht	3.52	500
feines	3.52	500
kutscher	3.52	500
lagerraum	3.52	500
parasiten	3.52	500
erhalte	3.52	500
landest	3.52	500
olaf	3.52	500
ferrari	3.52	500
spieß	3.52	500
blickt	3.52	500
helga	3.52	500
bluebell	3.52	499
give	3.52	499
stalag	3.52	499
knete	3.52	499
ripper	3.52	499
wissenschaftlichen	3.52	499
leeres	3.52	499
demnach	3.52	499
really	3.52	499
planänderung	3.52	499
hinkommen	3.52	499
leichtsinnig	3.52	499
dreckiges	3.52	499
jennings	3.52	499
zufälligerweise	3.52	499
verpasste	3.52	499
gesetzen	3.52	499
aufseher	3.52	498
geheimer	3.52	498
jugendamt	3.52	498
horde	3.52	498
reisende	3.52	498
darwin	3.52	498
schmetterlinge	3.52	498
sehnen	3.52	498
geschmiert	3.52	498
buchanan	3.52	498
mutige	3.52	498
doppelgänger	3.52	498
treff	3.52	498
kinderzimmer	3.52	498
stacey	3.52	498
vorführen	3.52	497
gesindel	3.52	497
vorwarnung	3.52	497
astrid	3.52	497
wählerisch	3.52	497
beschleunigt	3.52	497
charleston	3.52	497
einschätzung	3.52	497
best	3.52	497
vorspielen	3.52	497
dorfbewohner	3.52	497
superheld	3.52	497
stationen	3.52	497
beihilfe	3.52	497
erlöst	3.52	497
unkraut	3.52	497
flüchtig	3.51	496
renovieren	3.51	496
verheirateten	3.51	496
pearson	3.51	496
stützen	3.51	496
nachweisen	3.51	496
sierra	3.51	496
forbes	3.51	496
ruinierst	3.51	496
kaplan	3.51	496
pepper	3.51	496
ms	3.51	496
then	3.51	496
auszusagen	3.51	496
elfen	3.51	496
ehepaar	3.51	496
objektiv	3.51	495
spür	3.51	495
gefordert	3.51	495
zumute	3.51	495
vorliebe	3.51	495
kathryn	3.51	495
iwan	3.51	495
about	3.51	495
denny	3.51	495
durchgebrannt	3.51	495
planst	3.51	495
paranoia	3.51	495
ai	3.51	495
zivilisationen	3.51	495
vous	3.51	495
abfeuern	3.51	495
erstmals	3.51	495
seufzen	3.51	495
verübeln	3.51	494
erleuchtung	3.51	494
erfolgreicher	3.51	494
schäm	3.51	494
irgendwoher	3.51	494
unterhalt	3.51	494
vormund	3.51	494
kommunist	3.51	494
hobbs	3.51	494
draper	3.51	494
murmelt	3.51	494
wohle	3.51	494
hinterlasse	3.51	494
wundervolles	3.51	494
feuerwehrmann	3.51	494
kopfhörer	3.51	494
austern	3.51	493
juwel	3.51	493
abgefangen	3.51	493
zugreifen	3.51	493
musical	3.51	493
charming	3.51	493
delphine	3.51	493
webster	3.51	493
wiener	3.51	493
griechischen	3.51	493
gemahl	3.51	493
appartement	3.51	493
sekt	3.51	493
zerstörten	3.51	493
entschädigung	3.51	493
reiz	3.51	492
längere	3.51	492
expertin	3.51	492
via	3.51	492
uhm	3.51	492
d.h.	3.51	492
handle	3.51	492
palace	3.51	492
gatte	3.51	492
brummt	3.51	492
schriften	3.51	492
überblick	3.51	492
keep	3.51	492
lebensstil	3.51	492
eingetreten	3.51	492
vertauscht	3.51	492
weltmeister	3.51	492
unterschiede	3.51	492
wesentliche	3.51	492
deals	3.51	492
gemischt	3.51	491
gruft	3.51	491
steigern	3.51	491
handbuch	3.51	491
savannah	3.51	491
too	3.51	491
maine	3.51	491
heirateten	3.51	491
lutschen	3.51	491
milde	3.51	491
formulare	3.51	491
perfektion	3.51	491
haufenweise	3.51	491
scheppern	3.51	491
dollars	3.51	491
wissenschaftlich	3.51	491
walters	3.51	491
jessi	3.51	491
buben	3.51	490
kaufhaus	3.51	490
erweist	3.51	490
zusammengebrochen	3.51	490
fakultät	3.51	490
leitete	3.51	490
möpse	3.51	490
überfällig	3.51	490
luzifer	3.51	490
beantragt	3.51	490
präsentiere	3.51	490
französischer	3.51	490
lokalen	3.51	490
dringende	3.51	490
empfand	3.51	490
angestarrt	3.51	490
schlagzeile	3.51	490
genies	3.51	490
moira	3.51	490
genannten	3.51	490
kacken	3.51	490
streichholz	3.51	490
favorit	3.51	490
gnädiger	3.51	489
hold	3.51	489
verwalter	3.51	489
forderung	3.51	489
ehefrauen	3.51	489
heft	3.51	489
banner	3.51	489
erwürgen	3.51	489
tragische	3.51	489
rechter	3.51	489
organismus	3.51	489
potential	3.51	489
schnellstens	3.51	489
zurechtkommen	3.51	489
kontrolliere	3.51	489
veranlassen	3.51	489
hingehe	3.51	489
vorladung	3.51	488
himmlisch	3.51	488
sowjetunion	3.51	488
verheilt	3.51	488
sicheres	3.51	488
misshandelt	3.51	488
unterbringen	3.51	488
erlösen	3.51	488
abgereist	3.51	488
lebensversicherung	3.51	488
part	3.51	488
meisterschaft	3.51	488
kantine	3.51	488
bürgermeisters	3.51	488
aufgeweckt	3.51	488
erkunden	3.51	487
verwundbar	3.51	487
zufügen	3.51	487
gekonnt	3.51	487
erbaut	3.51	487
almosen	3.51	487
sagtet	3.51	487
memo	3.51	487
beleidigend	3.51	487
vergnügt	3.51	487
abgebrannt	3.51	487
wischen	3.51	487
geistige	3.51	487
rückendeckung	3.51	487
mcdonald	3.51	487
agents	3.51	487
haustiere	3.51	487
geeinigt	3.51	487
hansen	3.51	487
penthouse	3.51	486
cassandra	3.51	486
brauchtest	3.51	486
masche	3.51	486
vampiren	3.51	486
montreal	3.51	486
angenehmen	3.51	486
dope	3.51	486
serge	3.51	486
beladen	3.51	486
abliefern	3.51	486
erhofft	3.51	486
rauskomme	3.51	486
sterblichen	3.51	486
esszimmer	3.51	486
sabotieren	3.51	486
stalin	3.51	486
minnie	3.51	486
außenwelt	3.51	486
ignoriere	3.50	485
patriot	3.50	485
vögelt	3.50	485
gehaltserhöhung	3.50	485
everett	3.50	485
ss	3.50	485
verblüffend	3.50	485
ferdinand	3.50	485
erlaubte	3.50	485
sitzungen	3.50	485
erbsen	3.50	485
gangs	3.50	485
kreuzfahrt	3.50	485
schilder	3.50	485
servus	3.50	485
klon	3.50	485
chcyan	3.50	485
dea	3.50	485
illusionen	3.50	485
augenzeugen	3.50	485
ärztliche	3.50	485
krypton	3.50	484
einsetzt	3.50	484
would	3.50	484
homeland	3.50	484
kläre	3.50	484
auszuführen	3.50	484
triebwerke	3.50	484
verabreicht	3.50	484
app	3.50	484
lisbon	3.50	484
anerkannt	3.50	484
cobb	3.50	484
ko	3.50	484
aufbringen	3.50	484
anstarren	3.50	484
emilio	3.50	484
zimmern	3.50	484
briggs	3.50	483
katholisch	3.50	483
barcelona	3.50	483
seile	3.50	483
schacht	3.50	483
luisa	3.50	483
geiler	3.50	483
wachstum	3.50	483
donut	3.50	483
zufriedenheit	3.50	483
wood	3.50	483
weide	3.50	483
vicki	3.50	483
bowling	3.50	483
lawson	3.50	483
beitreten	3.50	483
ekel	3.50	483
physisch	3.50	483
maße	3.50	483
gewundert	3.50	483
roller	3.50	483
st	3.50	483
speisekarte	3.50	483
zurückschicken	3.50	483
enthüllen	3.50	483
bescheidenheit	3.50	482
verbrenne	3.50	482
übersee	3.50	482
jesu	3.50	482
ori	3.50	482
londoner	3.50	482
hinhalten	3.50	482
trauriges	3.50	482
orangen	3.50	482
schutzengel	3.50	482
yankee	3.50	482
bewerben	3.50	482
weizen	3.50	482
gips	3.50	482
siedlung	3.50	482
eigenschaft	3.50	481
kröten	3.50	481
geweiht	3.50	481
hochzeitsreise	3.50	481
jace	3.50	481
sayid	3.50	481
wahrhaft	3.50	481
preisen	3.50	481
betreibt	3.50	481
höllisch	3.50	481
überreichen	3.50	481
piggy	3.50	481
ching	3.50	481
elternteil	3.50	481
ay	3.50	481
fallenlassen	3.50	481
medizinisches	3.50	481
barrow	3.50	481
swan	3.50	481
skalpell	3.50	481
abmarsch	3.50	481
verteidige	3.50	481
floß	3.50	481
geistigen	3.50	480
tournee	3.50	480
entzündet	3.50	480
porträt	3.50	480
angeschrien	3.50	480
seavers	3.50	480
sauberer	3.50	480
asyl	3.50	480
verachten	3.50	480
passenden	3.50	480
jenes	3.50	480
schockierend	3.50	480
eliot	3.50	480
plötzliche	3.50	480
saloon	3.50	480
ausatmen	3.50	480
ops	3.50	480
vorgelesen	3.50	479
atelier	3.50	479
bessern	3.50	479
yuki	3.50	479
rafael	3.50	479
tyson	3.50	479
league	3.50	479
spucke	3.50	479
seymour	3.50	479
unglaubliches	3.50	479
pinguin	3.50	479
lords	3.50	479
festival	3.50	479
notar	3.50	479
sterbenden	3.50	479
anfühlen	3.50	479
durchschauen	3.50	478
cheeseburger	3.50	478
schlappschwanz	3.50	478
lapd	3.50	478
täten	3.50	478
strümpfe	3.50	478
usw.	3.50	478
holden	3.50	478
cookie	3.50	478
kräuter	3.50	478
ade	3.50	478
kleinstadt	3.50	478
markieren	3.50	478
sd-6	3.50	478
justizministerium	3.50	478
verborgenen	3.50	478
harald	3.50	478
offenbart	3.50	477
abfindung	3.50	477
surren	3.50	477
hausarbeit	3.50	477
lautete	3.50	477
cocktails	3.50	477
nervenzusammenbruch	3.50	477
vierzig	3.50	477
waschbecken	3.50	477
dümmste	3.50	477
abseits	3.50	477
francesca	3.50	477
szenario	3.50	477
rip	3.50	477
jahrgang	3.50	477
haube	3.50	477
claus	3.50	477
anschnallen	3.50	476
flöte	3.50	476
störst	3.50	476
stücken	3.50	476
room	3.50	476
verfolgst	3.50	476
russischer	3.50	476
lambert	3.50	476
verwende	3.50	476
jeb	3.50	476
eskorte	3.50	476
fehl	3.50	476
gebumst	3.50	476
feen	3.50	476
solomon	3.50	476
alberne	3.50	476
nippel	3.50	476
balken	3.50	476
cheerleader	3.50	476
pc	3.50	476
dranbleiben	3.50	476
acker	3.50	476
medizinisch	3.50	476
zusammenreißen	3.50	476
bekloppt	3.50	476
takt	3.50	476
vollbringen	3.50	476
menü	3.50	476
wiedergutmachung	3.50	476
pasta	3.50	476
schlimmere	3.50	475
edna	3.50	475
reyes	3.50	475
andersrum	3.50	475
frieren	3.50	475
unverletzt	3.50	475
langweilige	3.50	475
treib	3.50	475
genehmigen	3.50	475
kluges	3.50	475
mutters	3.50	475
barton	3.50	475
schmilzt	3.50	475
stinksauer	3.50	475
schwesterchen	3.50	475
psychologische	3.50	475
befunden	3.50	475
clare	3.50	475
neigt	3.50	475
hebamme	3.50	475
verteidigungsministerium	3.50	475
tau	3.50	475
schwarzmarkt	3.49	474
vollendet	3.49	474
ausgehalten	3.49	474
akku	3.49	474
inder	3.49	474
lächerlichen	3.49	474
vortäuschen	3.49	474
hetzen	3.49	474
vorgeben	3.49	474
trennten	3.49	474
saunders	3.49	474
sterbt	3.49	474
tollste	3.49	474
verträgt	3.49	474
unmittelbar	3.49	474
erhängt	3.49	474
hinab	3.49	474
ausserdem	3.49	474
albernen	3.49	474
grässlich	3.49	474
aufgibt	3.49	474
legion	3.49	473
dimitri	3.49	473
gekränkt	3.49	473
gelegenheiten	3.49	473
beabsichtigt	3.49	473
kostenlose	3.49	473
nachvollziehen	3.49	473
alltag	3.49	473
gebadet	3.49	473
einwandfrei	3.49	473
zusammengeschlagen	3.49	473
schlampig	3.49	473
glückwünsche	3.49	473
shadow	3.49	473
alabama	3.49	473
attraktive	3.49	473
umbrachte	3.49	473
kolumbien	3.49	473
forrest	3.49	473
zurückzubekommen	3.49	473
fitnessstudio	3.49	473
item	3.49	472
zelten	3.49	472
behaupte	3.49	472
wichtigere	3.49	472
freiraum	3.49	472
verjagt	3.49	472
crusher	3.49	472
prometheus	3.49	472
schmoren	3.49	472
komplimente	3.49	472
mahl	3.49	472
fässer	3.49	472
schluckt	3.49	472
oklahoma	3.49	472
schaufeln	3.49	472
krokodil	3.49	472
botschaften	3.49	472
music	3.49	472
hola	3.49	472
ehrlichen	3.49	472
auslassen	3.49	471
unpassend	3.49	471
ausgegraben	3.49	471
bellamy	3.49	471
auszusetzen	3.49	471
übergang	3.49	471
turbo	3.49	471
addison	3.49	471
ankündigung	3.49	471
gewöhn	3.49	471
silvia	3.49	471
burkhalter	3.49	471
religiösen	3.49	471
selbstverteidigung	3.49	471
storm	3.49	471
angesteckt	3.49	471
bedauerlicherweise	3.49	471
auserwählte	3.49	471
pipi	3.49	471
eliminiert	3.49	471
leah	3.49	471
sitte	3.49	470
rene	3.49	470
tate	3.49	470
byron	3.49	470
philly	3.49	470
erlaubst	3.49	470
cohen	3.49	470
größtenteils	3.49	470
darstellung	3.49	470
stattgegeben	3.49	470
reißverschluss	3.49	470
entschlossenheit	3.49	470
seltenen	3.49	470
kameramann	3.49	470
cuddy	3.49	470
rekruten	3.49	470
eingeweiht	3.49	470
esteban	3.49	470
aufgehen	3.49	470
glied	3.49	470
zusammenkommen	3.49	469
wechsle	3.49	469
kolumne	3.49	469
betrunkenen	3.49	469
abende	3.49	469
schlaue	3.49	469
minnesota	3.49	469
aziz	3.49	469
streite	3.49	469
zustande	3.49	469
sg-1	3.49	469
maryland	3.49	469
abschlagen	3.49	469
lockt	3.49	469
lungenentzündung	3.49	469
spülen	3.49	468
ricardo	3.49	468
psychisch	3.49	468
schwänzen	3.49	468
meckern	3.49	468
zebra	3.49	468
sogenannte	3.49	468
missionen	3.49	468
hausmädchen	3.49	468
dogs	3.49	468
wales	3.49	468
vorgänger	3.49	468
eingeleitet	3.49	468
rumgemacht	3.49	468
trauben	3.49	468
auszulöschen	3.49	468
boomer	3.49	468
läge	3.49	468
löscht	3.49	468
tasha	3.49	468
landstreicher	3.49	468
rechtmäßig	3.49	468
jahrzehnten	3.49	468
psychologen	3.49	468
massive	3.49	468
mustafa	3.49	468
della	3.49	468
nathalie	3.49	467
flanke	3.49	467
lyla	3.49	467
ersparnisse	3.49	467
einzumischen	3.49	467
dillon	3.49	467
joanna	3.49	467
treuen	3.49	467
frist	3.49	467
tonight	3.49	467
südafrika	3.49	467
brigitte	3.49	467
boone	3.49	467
teilzunehmen	3.49	467
scher	3.49	467
heights	3.49	467
widerrede	3.49	467
übernahme	3.49	467
snacks	3.49	467
ernährung	3.49	466
vorfälle	3.49	466
wahnvorstellungen	3.49	466
schnappe	3.49	466
bequemer	3.49	466
popmusik	3.49	466
hoden	3.49	466
aufdringlich	3.49	466
staatsanwältin	3.49	466
abstoßend	3.49	466
bataillon	3.49	466
japp	3.49	466
energiequelle	3.49	466
springst	3.49	466
widerspruch	3.49	466
wehr	3.49	466
free	3.49	466
betrunkene	3.49	466
geschubst	3.49	466
machs	3.49	466
griechisch	3.49	466
ungarn	3.49	465
pscht	3.49	465
homosexuell	3.49	465
aufregende	3.49	465
diabetes	3.49	465
schnieft	3.49	465
verbittert	3.49	465
spüle	3.49	465
tanzte	3.49	465
herausforderungen	3.49	465
nachsitzen	3.49	465
lebensgefahr	3.49	465
übergehen	3.49	465
wortes	3.49	465
nein.	3.49	465
agency	3.49	465
nebeneinander	3.49	465
gladys	3.49	465
sammler	3.49	465
schnall	3.49	465
historische	3.49	465
moralischen	3.49	465
bmw	3.49	465
verwüstet	3.49	465
grabstein	3.49	464
reh	3.49	464
präsenz	3.49	464
erkundigt	3.49	464
angegeben	3.49	464
wahrnehmung	3.49	464
gepflegt	3.49	464
hautfarbe	3.49	464
büchse	3.49	464
newkirk	3.49	464
abfangen	3.49	464
geschwächt	3.49	464
betreffen	3.49	464
vice	3.49	464
automaten	3.49	464
zugerichtet	3.48	463
öffnung	3.48	463
muffins	3.48	463
heikel	3.48	463
visitenkarte	3.48	463
stifte	3.48	463
betrat	3.48	463
allmächtigen	3.48	463
jahrzehnte	3.48	463
rebekah	3.48	463
odysseus	3.48	463
schöneres	3.48	463
geschlossenen	3.48	463
gewickelt	3.48	463
leopold	3.48	463
karren	3.48	463
chin	3.48	463
recherche	3.48	463
erhört	3.48	463
frustrierend	3.48	463
erlöse	3.48	463
forderte	3.48	463
uber	3.48	463
anleitung	3.48	463
cover	3.48	463
vergiß	3.48	462
durchreise	3.48	462
sechste	3.48	462
begehren	3.48	462
abtreten	3.48	462
massachusetts	3.48	462
slip	3.48	462
mustang	3.48	462
handlanger	3.48	462
winters	3.48	462
zeke	3.48	462
some	3.48	462
tröstet	3.48	462
bemühe	3.48	462
bluff	3.48	462
untreu	3.48	462
lmmer	3.48	462
odin	3.48	461
verhalte	3.48	461
teilhaben	3.48	461
klartext	3.48	461
liebenswert	3.48	461
jackpot	3.48	461
gebären	3.48	461
aufstellung	3.48	461
lippe	3.48	461
baba	3.48	461
lillian	3.48	461
morgana	3.48	461
mallory	3.48	461
guttun	3.48	461
chung	3.48	461
diene	3.48	461
siege	3.48	461
entzogen	3.48	461
smallville	3.48	461
pazifik	3.48	461
vordertür	3.48	460
angefleht	3.48	460
denkmal	3.48	460
panther	3.48	460
anzuschließen	3.48	460
nördlichen	3.48	460
schrauben	3.48	460
ticken	3.48	460
junggeselle	3.48	460
ertränken	3.48	460
manning	3.48	460
schickes	3.48	460
gänzlich	3.48	460
verfehlen	3.48	460
lieferanten	3.48	460
hopkins	3.48	460
leih	3.48	460
carlton	3.48	460
mother	3.48	460
unerwartete	3.48	459
halsband	3.48	459
strömung	3.48	459
beweismittel	3.48	459
petrus	3.48	459
geborgen	3.48	459
bien	3.48	459
pfennig	3.48	459
einfall	3.48	459
auferstehen	3.48	459
erfolgreichen	3.48	459
krähen	3.48	459
abgekriegt	3.48	459
wertvoller	3.48	459
gefürchtet	3.48	459
verfluchtes	3.48	459
witzige	3.48	459
orlando	3.48	459
marschiert	3.48	459
heftige	3.48	459
umfallen	3.48	459
gebiete	3.48	459
leckeres	3.48	459
rumstehen	3.48	459
aufregendes	3.48	459
gefäß	3.48	459
garden	3.48	459
anwesenden	3.48	458
bedien	3.48	458
around	3.48	458
herzstillstand	3.48	458
betrieben	3.48	458
wahnsinniger	3.48	458
bestellte	3.48	458
artig	3.48	458
publicity	3.48	458
iq	3.48	458
pas	3.48	458
bevorsteht	3.48	458
polieren	3.48	458
diebin	3.48	458
verzerrt	3.48	458
reinheit	3.48	458
anrühren	3.48	458
tornado	3.48	457
stör	3.48	457
demütigung	3.48	457
detektive	3.48	457
überspringen	3.48	457
kapuze	3.48	457
britta	3.48	457
kostbare	3.48	457
fund	3.48	457
repräsentiert	3.48	457
sulu	3.48	457
höhen	3.48	457
zahlreiche	3.48	457
gewand	3.48	457
einspringen	3.48	457
ungeziefer	3.48	457
buches	3.48	456
wdr	3.48	456
beat	3.48	456
verpackt	3.48	456
islam	3.48	456
mobile	3.48	456
brennenden	3.48	456
family	3.48	456
einjagen	3.48	456
lime	3.48	456
franky	3.48	456
kohl	3.48	456
momenten	3.48	456
bangkok	3.48	456
erneuern	3.48	456
kindchen	3.48	456
bum	3.48	456
betonen	3.48	456
officers	3.48	456
alldem	3.48	456
verstorbene	3.48	456
corey	3.48	456
spezialist	3.48	455
füttere	3.48	455
bliebe	3.48	455
darsteller	3.48	455
proviant	3.48	455
chu	3.48	455
gesichtern	3.48	455
versprachen	3.48	455
ferkel	3.48	455
ka	3.48	455
klischee	3.48	455
orakel	3.48	455
dude	3.48	455
ficke	3.48	455
übertroffen	3.48	455
anfingen	3.48	455
verwöhnen	3.48	455
gaston	3.48	455
moriarty	3.48	455
effizient	3.48	455
eitelkeit	3.48	455
unruhen	3.48	455
selma	3.48	455
escobar	3.48	455
klappte	3.48	455
marx	3.48	454
hazel	3.48	454
ausgangssperre	3.48	454
bestätige	3.48	454
kühler	3.48	454
adama	3.48	454
eintrifft	3.48	454
revoir	3.48	454
anheuern	3.48	454
versetzung	3.48	454
gleicher	3.48	454
zündung	3.48	454
eingeführt	3.48	454
riskierst	3.48	454
bestreiten	3.48	454
jahrmarkt	3.48	454
gebote	3.48	454
aufgegessen	3.48	454
abed	3.48	454
therese	3.48	454
armselig	3.48	454
größerer	3.48	454
knaller	3.48	454
aquarium	3.48	453
reservieren	3.48	453
wasserfall	3.48	453
ständige	3.48	453
davongekommen	3.48	453
aushelfen	3.48	453
knaben	3.48	453
aufgesetzt	3.48	453
spare	3.48	453
halblang	3.48	453
lest	3.48	453
spielfeld	3.48	453
repräsentieren	3.48	453
strohsack	3.48	453
bademantel	3.48	453
trupp	3.48	453
schießpulver	3.48	453
mindy	3.48	453
hochzeitsgeschenk	3.48	453
behindern	3.48	453
romulaner	3.47	452
wölfen	3.47	452
fantastischen	3.47	452
flüge	3.47	452
zerfetzt	3.47	452
peyton	3.47	452
umgehauen	3.47	452
postkarte	3.47	452
millimeter	3.47	452
babysitten	3.47	452
lotte	3.47	452
ehrenhaft	3.47	452
einzunehmen	3.47	452
schaum	3.47	452
chambers	3.47	452
loft	3.47	452
eintopf	3.47	452
pickel	3.47	452
hauptstraße	3.47	452
hürrem	3.47	452
benennen	3.47	452
bösartig	3.47	452
anführen	3.47	452
unglückliche	3.47	452
zange	3.47	452
bäcker	3.47	451
völliger	3.47	451
reisenden	3.47	451
perverse	3.47	451
gespür	3.47	451
aktenkoffer	3.47	451
erfülle	3.47	451
zubereitet	3.47	451
heissen	3.47	451
erdboden	3.47	451
hüa	3.47	451
reinbringen	3.47	451
vorbestraft	3.47	451
saures	3.47	451
erfolge	3.47	451
zeichnet	3.47	451
schrottplatz	3.47	451
examen	3.47	451
herzliches	3.47	451
beben	3.47	451
wehrt	3.47	451
kanister	3.47	451
meinungen	3.47	450
bobo	3.47	450
ebenen	3.47	450
omen	3.47	450
tresen	3.47	450
alpträume	3.47	450
very	3.47	450
linker	3.47	450
oberleutnant	3.47	450
exklusiv	3.47	450
stolze	3.47	450
zusätzlichen	3.47	450
evie	3.47	450
missachtet	3.47	450
abgehängt	3.47	450
diskussionen	3.47	449
mccarthy	3.47	449
marple	3.47	449
dublin	3.47	449
konvoi	3.47	449
einrichtungen	3.47	449
untertanen	3.47	449
gerechten	3.47	449
brent	3.47	449
kilometern	3.47	449
gemessen	3.47	449
fußstapfen	3.47	449
anya	3.47	449
toaster	3.47	449
bekennen	3.47	449
strange	3.47	449
nacheinander	3.47	449
dinozzo	3.47	449
brandstiftung	3.47	449
lachten	3.47	449
referenzen	3.47	449
tai	3.47	449
bürgermeisterin	3.47	449
honorar	3.47	448
erfrischend	3.47	448
launisch	3.47	448
rekrutiert	3.47	448
fabriken	3.47	448
premier	3.47	448
terrence	3.47	448
öffnest	3.47	448
überlegst	3.47	448
wendung	3.47	448
gilles	3.47	448
vorsitzenden	3.47	448
staatliche	3.47	448
verfasst	3.47	448
uhtred	3.47	448
pakistan	3.47	448
schreiend	3.47	448
weiterarbeiten	3.47	448
durchfall	3.47	448
verlief	3.47	448
vernünftiger	3.47	448
entsorgen	3.47	448
definiert	3.47	448
hässliches	3.47	447
zündet	3.47	447
verschlingen	3.47	447
board	3.47	447
schwan	3.47	447
souvenir	3.47	447
undankbar	3.47	447
sequenz	3.47	447
weges	3.47	447
erworben	3.47	447
konnen	3.47	447
salem	3.47	447
griechische	3.47	447
harmon	3.47	447
erholung	3.47	447
kontrollraum	3.47	447
trockene	3.47	447
raphael	3.47	447
rutschen	3.47	447
liebenden	3.47	447
studios	3.47	447
artillerie	3.47	447
hämmern	3.47	447
obdachlose	3.47	447
abfahren	3.47	447
realen	3.47	447
adel	3.47	446
kracht	3.47	446
kuscheln	3.47	446
geschoben	3.47	446
püppchen	3.47	446
vorhatte	3.47	446
dringen	3.47	446
brutale	3.47	446
cece	3.47	446
arschgesicht	3.47	446
muffin	3.47	446
offenbaren	3.47	446
again	3.47	446
head	3.47	446
carly	3.47	446
naturtalent	3.47	446
streber	3.47	445
mill	3.47	445
margo	3.47	445
entfernten	3.47	445
schnüffeln	3.47	445
aufführen	3.47	445
winken	3.47	445
rivalen	3.47	445
revanchieren	3.47	445
hässlicher	3.47	445
rené	3.47	445
gewisses	3.47	445
anakin	3.47	445
ermutigt	3.47	445
abfinden	3.47	445
dark	3.47	445
truman	3.47	445
eiche	3.47	445
schubsen	3.47	445
marguerite	3.47	445
newman	3.47	445
brüsten	3.47	445
paco	3.47	445
schwingt	3.47	445
espresso	3.47	445
mabel	3.47	445
wahnsinnige	3.47	445
geachtet	3.47	445
ahnt	3.47	445
zwitschern	3.47	445
wiederhergestellt	3.47	445
brecht	3.47	445
computern	3.47	445
has	3.47	444
blamiert	3.47	444
anbringen	3.47	444
spatz	3.47	444
anschreien	3.47	444
versprechungen	3.47	444
zauberhaft	3.47	444
krümel	3.47	444
einzelgänger	3.47	444
liebende	3.47	444
medizinischer	3.47	444
wackeln	3.47	444
season	3.47	444
interviewen	3.47	444
wiederherstellen	3.47	444
dummköpfe	3.47	444
kostbar	3.47	444
mumie	3.47	444
kittel	3.47	444
kapitulation	3.47	444
woraus	3.47	444
verzichtet	3.47	443
schmied	3.47	443
donnern	3.47	443
lightman	3.47	443
monique	3.47	443
him	3.47	443
hiro	3.47	443
ave	3.47	443
schmieren	3.47	443
lilli	3.47	443
hara	3.47	443
einfachste	3.47	443
missouri	3.47	443
herrlicher	3.47	443
lennox	3.46	442
mandantin	3.46	442
herrlichen	3.46	442
darm	3.46	442
barb	3.46	442
ranzukommen	3.46	442
überwiesen	3.46	442
identifizierung	3.46	442
kev	3.46	442
jungfer	3.46	442
talbot	3.46	442
schonmal	3.46	442
barbecue	3.46	442
banker	3.46	442
geschäftliche	3.46	442
melinda	3.46	442
imbiss	3.46	442
vibriert	3.46	442
davies	3.46	442
wegschicken	3.46	442
karotten	3.46	441
delaney	3.46	441
durchgefallen	3.46	441
stolzer	3.46	441
festlegen	3.46	441
strahlt	3.46	441
arroganz	3.46	441
hã	3.46	441
disneyland	3.46	441
geoffrey	3.46	441
verletzlich	3.46	441
gregor	3.46	441
pegasus	3.46	441
wegzunehmen	3.46	441
port	3.46	441
stabilisieren	3.46	441
morrison	3.46	441
tschüß	3.46	441
mexikanische	3.46	441
indizien	3.46	440
gmbh	3.46	440
dilemma	3.46	440
telefonklingeln	3.46	440
rückstand	3.46	440
hinrichten	3.46	440
ausgestorben	3.46	440
sponsor	3.46	440
ariel	3.46	440
durchsuchung	3.46	440
allgemeine	3.46	440
theodore	3.46	440
higgins	3.46	440
züchten	3.46	440
altmodische	3.46	440
marokko	3.46	440
vergibt	3.46	440
pflücken	3.46	440
grimes	3.46	440
ramirez	3.46	440
verdirbt	3.46	439
morton	3.46	439
gärten	3.46	439
nachdenkt	3.46	439
marko	3.46	439
joes	3.46	439
kirchen	3.46	439
verständigt	3.46	439
lustigen	3.46	439
tanzmusik	3.46	439
chemo	3.46	439
restliche	3.46	439
wohlergehen	3.46	439
vielversprechend	3.46	439
verriet	3.46	439
pur	3.46	439
fingernägel	3.46	439
aschenbecher	3.46	439
tong	3.46	439
eye	3.46	439
wisconsin	3.46	438
undeutlich	3.46	438
mancher	3.46	438
langweiligen	3.46	438
gefalle	3.46	438
fundament	3.46	438
friere	3.46	438
stellvertretender	3.46	438
tennessee	3.46	438
stanton	3.46	438
bartowski	3.46	438
hologramm	3.46	438
erhöhte	3.46	438
klassenzimmer	3.46	438
nachholen	3.46	438
bojack	3.46	438
schnitte	3.46	438
nachsichtig	3.46	438
ace	3.46	438
zufälle	3.46	438
leihe	3.46	438
verwandelte	3.46	438
liebesleben	3.46	438
geduscht	3.46	438
dunham	3.46	438
every	3.46	437
tüchtig	3.46	437
stehende	3.46	437
bereiche	3.46	437
vorgang	3.46	437
wütender	3.46	437
oh-oh	3.46	437
noel	3.46	437
vanille	3.46	437
busse	3.46	437
geschütze	3.46	437
jüdin	3.46	437
enthüllt	3.46	437
geringer	3.46	437
stroh	3.46	437
eintauschen	3.46	437
gekidnappt	3.46	437
generäle	3.46	437
winnetou	3.46	437
wehzutun	3.46	436
think	3.46	436
court	3.46	436
chinesisches	3.46	436
nelly	3.46	436
walking	3.46	436
wiedergeburt	3.46	436
artefakt	3.46	436
wiedererkennen	3.46	436
riegel	3.46	436
ausnahmen	3.46	436
künstlich	3.46	436
exempel	3.46	436
brich	3.46	436
hinsichtlich	3.46	436
oprah	3.46	436
gegraben	3.46	436
untertauchen	3.46	436
entwerfen	3.46	436
schuldige	3.46	436
athen	3.46	436
zittert	3.46	436
herauf	3.46	436
stellungnahme	3.46	436
judas	3.46	436
mrt	3.46	436
blüten	3.46	435
erlassen	3.46	435
gale	3.46	435
teuerste	3.46	435
nachthemd	3.46	435
schusswunde	3.46	435
ausfahrt	3.46	435
aiden	3.46	435
amateur	3.46	435
hei	3.46	435
decks	3.46	435
debra	3.46	435
faule	3.46	435
nova	3.46	435
problems	3.46	434
omi	3.46	434
nachtclub	3.46	434
telefonat	3.46	434
männlicher	3.46	434
geschmacklos	3.46	434
internen	3.46	434
utah	3.46	434
kriegsgericht	3.46	434
buster	3.46	434
mathilde	3.46	434
herrlichkeit	3.46	434
befestigt	3.46	434
shampoo	3.46	434
elende	3.46	434
griffith	3.46	434
fun	3.46	434
einhorn	3.46	434
hochzeitsnacht	3.46	434
unwiderstehlich	3.46	434
umlaufbahn	3.46	434
balance	3.46	434
splitter	3.46	434
hinzugehen	3.46	434
muppet	3.46	434
prüft	3.46	433
fixiert	3.46	433
betrunkener	3.46	433
audienz	3.46	433
auseinandersetzung	3.46	433
verjagen	3.46	433
gezweifelt	3.46	433
zehnmal	3.46	433
jasmine	3.46	433
zerstörer	3.46	433
treibe	3.46	433
geknallt	3.46	433
eingeben	3.46	433
stick	3.46	433
tauchst	3.46	433
vegetarier	3.46	433
epidemie	3.46	433
zhang	3.46	433
betrügst	3.46	433
wurzel	3.46	433
positiven	3.46	433
frequenzen	3.46	433
ertappt	3.46	433
seltener	3.46	433
perversen	3.46	433
fairer	3.45	432
avatar	3.45	432
überweisen	3.45	432
dulde	3.45	432
sybil	3.45	432
glaubwürdig	3.45	432
grazie	3.45	432
außerirdischer	3.45	432
bikini	3.45	432
furz	3.45	432
zerreißt	3.45	432
manchester	3.45	432
rummachen	3.45	432
vorliegen	3.45	432
gong	3.45	432
bereitmachen	3.45	432
ruben	3.45	432
einstweilige	3.45	432
kairo	3.45	432
cappuccino	3.45	432
verwischen	3.45	432
ansetzen	3.45	431
anzutun	3.45	431
superhelden	3.45	431
bewunderung	3.45	431
raumschiffs	3.45	431
skip	3.45	431
ada	3.45	431
cutler	3.45	431
hip	3.45	431
überwältigen	3.45	431
reinkam	3.45	431
kaserne	3.45	431
bedanke	3.45	431
bezahlten	3.45	431
dubois	3.45	431
trompete	3.45	431
regelt	3.45	431
europäischen	3.45	431
berliner	3.45	430
schrotflinte	3.45	430
erzielen	3.45	430
kanalisation	3.45	430
case	3.45	430
stämme	3.45	430
rumpeln	3.45	430
umhauen	3.45	430
barmherzigkeit	3.45	430
webseite	3.45	430
verachtung	3.45	430
zylinder	3.45	430
erbitte	3.45	430
provision	3.45	430
disco	3.45	430
jeglicher	3.45	430
zerstörst	3.45	430
mira	3.45	430
ost	3.45	430
meuterei	3.45	430
ähneln	3.45	430
großziehen	3.45	430
ferengi	3.45	430
nachteil	3.45	430
alzheimer	3.45	430
anstrengung	3.45	430
elliott	3.45	429
fackel	3.45	429
ununterbrochen	3.45	429
abt	3.45	429
ermordeten	3.45	429
beurteilung	3.45	429
milt	3.45	429
zügen	3.45	429
dämmerung	3.45	429
befriedigt	3.45	429
zarte	3.45	429
rechnet	3.45	429
flusses	3.45	429
losgegangen	3.45	429
amateure	3.45	429
angriffs	3.45	429
attackiert	3.45	429
verzweifelte	3.45	429
eingeholt	3.45	428
munster	3.45	428
lasagne	3.45	428
fehlfunktion	3.45	428
dino	3.45	428
verkauften	3.45	428
meistern	3.45	428
lumpen	3.45	428
heck	3.45	428
trucks	3.45	428
bing	3.45	428
eingebracht	3.45	428
angemessene	3.45	428
sultanin	3.45	428
burrows	3.45	428
installieren	3.45	428
lst	3.45	428
terri	3.45	428
gefälschte	3.45	428
herkules	3.45	428
brave	3.45	428
selbstsüchtig	3.45	428
billard	3.45	427
subjekt	3.45	427
fairen	3.45	427
sarkasmus	3.45	427
melvin	3.45	427
fax	3.45	427
omega	3.45	427
putze	3.45	427
traumhaft	3.45	427
enttäuschend	3.45	427
meldungen	3.45	427
std.	3.45	427
rivers	3.45	427
erzbischof	3.45	427
obdachlos	3.45	427
field	3.45	427
schafften	3.45	427
meilenweit	3.45	427
vermont	3.45	427
chloé	3.45	427
geschlechtsverkehr	3.45	427
teyla	3.45	427
anfälle	3.45	427
hodgins	3.45	427
halbwegs	3.45	427
gemurmel	3.45	427
glass	3.45	427
politischer	3.45	427
anubis	3.45	427
tanzfläche	3.45	427
ertränkt	3.45	426
vorsingen	3.45	426
matrix	3.45	426
positives	3.45	426
jahrzehnt	3.45	426
friert	3.45	426
silbernen	3.45	426
gästeliste	3.45	426
weggetreten	3.45	426
schnabel	3.45	426
musketiere	3.45	426
mystic	3.45	426
josephine	3.45	426
gerichte	3.45	426
stichwort	3.45	426
insgeheim	3.45	426
hello	3.45	426
stahlen	3.45	426
protestieren	3.45	426
schlaftabletten	3.45	426
aussichten	3.45	426
kartoffel	3.45	426
davids	3.45	426
talisman	3.45	426
blendend	3.45	426
mohammed	3.45	425
bi	3.45	425
videospiele	3.45	425
chico	3.45	425
fire	3.45	425
auszahlen	3.45	425
kriminalität	3.45	425
jed	3.45	425
testergebnisse	3.45	425
mächtigste	3.45	425
verschlagen	3.45	425
kaufmann	3.45	425
geschwängert	3.45	425
bezogen	3.45	425
maddy	3.45	425
teures	3.45	425
behandelte	3.45	425
ready	3.45	425
france	3.45	425
need	3.45	425
yuan	3.45	425
kung-fu	3.45	425
nachsicht	3.45	424
juanita	3.45	424
dag	3.45	424
freute	3.45	424
schnallen	3.45	424
verfügbaren	3.45	424
donnergrollen	3.45	424
körperlichen	3.45	424
plante	3.45	424
berücksichtigen	3.45	424
fiese	3.45	424
gell	3.45	424
geärgert	3.45	424
lotto	3.45	424
entspannung	3.45	424
aidan	3.45	424
skelett	3.45	424
flüsse	3.45	424
anonyme	3.45	424
finanzierung	3.45	424
unterschreibt	3.45	424
angsthase	3.45	424
tablette	3.45	424
befugt	3.45	424
aufm	3.45	423
messias	3.45	423
tötung	3.45	423
durchschneiden	3.45	423
träumer	3.45	423
gosse	3.45	423
greer	3.45	423
rain	3.45	423
artagnan	3.45	423
colleen	3.45	423
sensation	3.45	423
verschenken	3.45	423
liberty	3.45	423
ausgraben	3.45	423
nobel	3.45	423
identitäten	3.45	423
glaubwürdigkeit	3.45	423
aufwachst	3.45	423
überlebe	3.45	423
bildest	3.45	423
abschießen	3.45	423
hillary	3.45	423
globale	3.45	423
zulegen	3.45	423
vorspiel	3.44	422
scheu	3.44	422
ps	3.44	422
beschert	3.44	422
randolph	3.44	422
vorstelle	3.44	422
renoviert	3.44	422
freigesprochen	3.44	422
fäuste	3.44	422
ehrt	3.44	422
zitiere	3.44	422
redaktion	3.44	422
santos	3.44	422
imperator	3.44	422
demo	3.44	422
vollenden	3.44	422
einsicht	3.44	422
bankkonto	3.44	422
drecksau	3.44	422
gesandt	3.44	422
aufzuwachen	3.44	422
fegefeuer	3.44	422
kämpf	3.44	422
einverständnis	3.44	422
his	3.44	422
persönlichkeiten	3.44	422
horace	3.44	422
wolfgang	3.44	421
wonder	3.44	421
jüdisch	3.44	421
vermehren	3.44	421
traktor	3.44	421
muriel	3.44	421
pepe	3.44	421
versöhnen	3.44	421
bewundernswert	3.44	421
french	3.44	421
nikolaus	3.44	421
durchdringen	3.44	421
dusty	3.44	421
bewerten	3.44	421
kassiert	3.44	421
formation	3.44	421
gomez	3.44	421
angeschlagen	3.44	421
nucky	3.44	421
sichtweite	3.44	421
manipulation	3.44	421
starrte	3.44	420
meetings	3.44	420
ch34faf9	3.44	420
shows	3.44	420
vereinten	3.44	420
spielverderber	3.44	420
weckst	3.44	420
dickes	3.44	420
buchstabieren	3.44	420
zeitraum	3.44	420
indianern	3.44	420
anklopfen	3.44	420
abgeknallt	3.44	420
serviette	3.44	420
füttert	3.44	420
schmeichelhaft	3.44	420
pyramide	3.44	420
belohnen	3.44	420
ananas	3.44	420
herausfordern	3.44	420
gesiegt	3.44	420
merkwürdigen	3.44	420
jacht	3.44	420
brewster	3.44	420
ultraschall	3.44	420
weihnachtsbaum	3.44	420
verpass	3.44	420
feuers	3.44	420
selbstmitleid	3.44	420
unterschiedlichen	3.44	420
jagst	3.44	420
unterbreche	3.44	420
abstreiten	3.44	419
hochziehen	3.44	419
französin	3.44	419
untereinander	3.44	419
google	3.44	419
stempel	3.44	419
romantisches	3.44	419
cook	3.44	419
rezepte	3.44	419
sylvester	3.44	419
erweitert	3.44	419
asthma	3.44	419
viecher	3.44	419
thorpe	3.44	419
ungewöhnlichen	3.44	419
grausamen	3.44	419
privilegien	3.44	419
weihnachtsgeschenk	3.44	419
karussell	3.44	419
ältester	3.44	419
hindernisse	3.44	419
entferne	3.44	419
sags	3.44	419
vorrang	3.44	419
körperteile	3.44	418
scharfschütze	3.44	418
obama	3.44	418
vorkehrungen	3.44	418
franck	3.44	418
camilla	3.44	418
hamptons	3.44	418
abhören	3.44	418
akzeptabel	3.44	418
unsichtbaren	3.44	418
entführte	3.44	418
dragon	3.44	418
lieferungen	3.44	418
buy	3.44	418
carver	3.44	418
direkter	3.44	418
vorgeworfen	3.44	418
grundsätzlich	3.44	418
lagerfeuer	3.44	418
kleineren	3.44	418
showtime	3.44	418
gamera	3.44	418
beistehen	3.44	418
degen	3.44	418
peking	3.44	418
yan	3.44	418
verbot	3.44	418
punk	3.44	417
herrschte	3.44	417
zugemacht	3.44	417
intim	3.44	417
übertreibt	3.44	417
wimmern	3.44	417
flüchtling	3.44	417
wirke	3.44	417
gegengift	3.44	417
cupcakes	3.44	417
schuften	3.44	417
strauß	3.44	417
gesundes	3.44	417
aspekt	3.44	417
ex-freund	3.44	417
beeren	3.44	417
rückzieher	3.44	417
prime	3.44	417
rosemary	3.44	417
unfreundlich	3.44	417
anzuschauen	3.44	417
verachtet	3.44	417
dell	3.44	417
baronin	3.44	417
sons	3.44	416
piepton	3.44	416
dagelassen	3.44	416
kalter	3.44	416
kitzelt	3.44	416
übelkeit	3.44	416
rauskam	3.44	416
minimum	3.44	416
niesen	3.44	416
kal-el	3.44	416
siebte	3.44	416
anzulügen	3.44	416
denker	3.44	416
ag	3.44	416
viert	3.44	416
auferstanden	3.44	416
tantchen	3.44	416
siegt	3.44	416
meldest	3.44	416
tiefes	3.44	416
vertrauten	3.44	416
vollidioten	3.44	416
meeres	3.44	416
getarnt	3.44	416
stellvertretende	3.44	416
upper	3.44	416
trinker	3.44	416
ungeachtet	3.44	416
ungerechtigkeit	3.44	415
sergei	3.44	415
nassen	3.44	415
walnut	3.44	415
lauern	3.44	415
glotzen	3.44	415
darhk	3.44	415
erstattet	3.44	415
breitet	3.44	415
noble	3.44	415
rush	3.44	415
sí	3.44	415
gebrochenes	3.44	415
mamma	3.44	415
vermietet	3.44	415
gebraten	3.44	415
zeitlang	3.44	415
cambridge	3.44	415
überglücklich	3.44	415
aaah	3.44	415
werten	3.44	415
iowa	3.44	415
realisiert	3.44	415
tardis	3.44	415
jacobs	3.44	415
ungelegen	3.44	414
erlebe	3.44	414
primitiv	3.44	414
apophis	3.44	414
lindsey	3.44	414
buffet	3.44	414
aufgegangen	3.44	414
erlebte	3.44	414
verschwommen	3.44	414
ich-	3.44	414
spielsachen	3.44	414
geschmuggelt	3.44	414
tyrann	3.44	414
verbesserung	3.44	414
karneval	3.44	414
briefmarken	3.44	414
ufo	3.44	414
milan	3.44	414
filter	3.44	414
beatles	3.44	414
zischt	3.43	413
durchsetzen	3.43	413
lauert	3.43	413
reitest	3.43	413
bestätigte	3.43	413
gehorche	3.43	413
durchgang	3.43	413
endlose	3.43	413
ridge	3.43	413
zauberhafte	3.43	413
angehörige	3.43	413
illegales	3.43	413
heile	3.43	413
palme	3.43	413
organisierte	3.43	413
lucille	3.43	413
todeszeitpunkt	3.43	413
geiste	3.43	413
befinde	3.43	413
gemahlin	3.43	413
agieren	3.43	413
besteigen	3.43	412
tanja	3.43	412
größtes	3.43	412
touchdown	3.43	412
paaren	3.43	412
scans	3.43	412
rausgekriegt	3.43	412
vierzehn	3.43	412
vermischt	3.43	412
rausbekommen	3.43	412
weicht	3.43	412
unübersetztes	3.43	412
bergab	3.43	412
schraube	3.43	412
cortez	3.43	412
aufschneiden	3.43	412
grundgütiger	3.43	412
erdgeschoss	3.43	412
ordnen	3.43	412
miliz	3.43	412
erfordern	3.43	412
zig	3.43	412
gurken	3.43	412
viertelstunde	3.43	411
tech	3.43	411
demut	3.43	411
amis	3.43	411
oberin	3.43	411
geizig	3.43	411
diamond	3.43	411
aussehend	3.43	411
raubt	3.43	411
skeptisch	3.43	411
erich	3.43	411
todesfälle	3.43	411
göttlich	3.43	411
absitzen	3.43	411
konflikte	3.43	411
schmeiße	3.43	411
visum	3.43	411
mücken	3.43	411
ansah	3.43	411
romane	3.43	411
gral	3.43	411
aufgefordert	3.43	411
channing	3.43	411
unglücklichen	3.43	411
verlag	3.43	411
schnaubt	3.43	411
saubermachen	3.43	411
niko	3.43	411
symptom	3.43	410
beschossen	3.43	410
princeton	3.43	410
flüchtige	3.43	410
geschick	3.43	410
täubchen	3.43	410
familienmitglied	3.43	410
zügel	3.43	410
strömen	3.43	410
bestehst	3.43	410
zurückgeholt	3.43	410
abrechnung	3.43	410
schiessen	3.43	410
finanzamt	3.43	410
rampenlicht	3.43	410
geschleppt	3.43	410
peilsender	3.43	410
through	3.43	410
yin	3.43	410
gasthaus	3.43	409
elle	3.43	409
zucken	3.43	409
pennen	3.43	409
volltrottel	3.43	409
atemberaubend	3.43	409
gisborne	3.43	409
hayden	3.43	409
stiegen	3.43	409
gewaltigen	3.43	409
verwirklichen	3.43	409
physische	3.43	409
spiegelbild	3.43	409
vin	3.43	409
parrish	3.43	409
sexualität	3.43	409
herzlos	3.43	409
remy	3.43	409
kosmos	3.43	409
pakete	3.43	409
eliza	3.43	408
herkamen	3.43	408
norton	3.43	408
gino	3.43	408
anbietet	3.43	408
singapur	3.43	408
wã	3.43	408
kommode	3.43	408
einzudringen	3.43	408
terminal	3.43	408
verdrängen	3.43	408
endstation	3.43	408
betreuer	3.43	408
alarmbereitschaft	3.43	408
erkenntnisse	3.43	408
neuling	3.43	408
verehrter	3.43	408
troll	3.43	408
buchmacher	3.43	408
betete	3.43	408
pflegte	3.43	408
rhonda	3.43	408
sicherheitschef	3.43	408
thunfisch	3.43	408
würgt	3.43	408
capitaine	3.43	408
verringern	3.43	408
conway	3.43	407
geschöpfe	3.43	407
vlad	3.43	407
intelligenter	3.43	407
klügste	3.43	407
eigenhändig	3.43	407
sperr	3.43	407
nachfragen	3.43	407
merkwürdiger	3.43	407
schlapp	3.43	407
dreharbeiten	3.43	407
mittels	3.43	407
notfalls	3.43	407
wärmen	3.43	407
spannungen	3.43	407
verehren	3.43	407
felicia	3.43	407
verabredungen	3.43	407
lösungen	3.43	407
gutaussehend	3.43	407
brachtest	3.43	407
feuchten	3.43	407
angelina	3.43	407
pokal	3.43	407
prämie	3.43	407
herauskommt	3.43	406
leiterin	3.43	406
muse	3.43	406
verdächtiges	3.43	406
dreist	3.43	406
ess	3.43	406
rumpf	3.43	406
knarrt	3.43	406
wandte	3.43	406
überwachungskamera	3.43	406
wanderer	3.43	406
gepinkelt	3.43	406
abholt	3.43	406
wiederholung	3.43	406
hofften	3.43	406
playboy	3.43	406
hoffst	3.43	406
verhungert	3.43	406
tang	3.43	406
unbezahlbar	3.43	406
finster	3.43	406
shin	3.43	406
huhu	3.43	406
kamel	3.43	406
rumliegen	3.43	406
petra	3.43	406
superstar	3.43	406
fünfmal	3.43	406
abwenden	3.43	406
bauernhof	3.43	405
kopfweh	3.43	405
strengen	3.43	405
melone	3.43	405
wundere	3.43	405
prozedur	3.43	405
psyche	3.43	405
heimgehen	3.43	405
freundschaften	3.43	405
loben	3.43	405
coolste	3.43	405
ohrring	3.43	405
handynummer	3.43	405
architektur	3.43	405
ungeschehen	3.43	405
jt	3.43	405
vergangene	3.43	405
lädst	3.43	405
rassistisch	3.43	405
neugierde	3.43	405
magda	3.43	405
ausgefüllt	3.43	404
nahmst	3.43	404
limit	3.43	404
anzufassen	3.43	404
sibirien	3.43	404
männlichkeit	3.43	404
law	3.43	404
liza	3.43	404
flicken	3.43	404
geheult	3.43	404
wohnmobil	3.43	404
überallhin	3.43	404
scherben	3.43	404
ineinander	3.43	404
exzellente	3.43	404
trümmer	3.43	404
blutprobe	3.43	404
schiefgeht	3.43	404
dong	3.43	404
lockerer	3.43	404
cafe	3.43	404
gerichtsmedizin	3.43	404
son	3.43	404
ahmed	3.43	404
gedankt	3.43	404
salazar	3.43	404
mad	3.43	404
fingerabdruck	3.43	404
schokoriegel	3.43	404
spionieren	3.42	403
reservat	3.42	403
selbstachtung	3.42	403
einreden	3.42	403
mandeln	3.42	403
laterne	3.42	403
schreiber	3.42	403
stay	3.42	403
weir	3.42	403
unvermeidlich	3.42	403
schürze	3.42	403
juice	3.42	403
reagierte	3.42	403
jaguar	3.42	403
bezaubernde	3.42	403
weggezogen	3.42	403
cecil	3.42	403
verarbeitet	3.42	403
x.	3.42	403
individuum	3.42	403
moretti	3.42	403
lynch	3.42	403
zünde	3.42	402
rangers	3.42	402
entsorgt	3.42	402
abhängt	3.42	402
telefoniere	3.42	402
institution	3.42	402
geringe	3.42	402
duftet	3.42	402
lebensende	3.42	402
ernsten	3.42	402
hämmert	3.42	402
erschuf	3.42	402
edel	3.42	402
temple	3.42	402
hocken	3.42	402
dienerin	3.42	402
tripp	3.42	402
organ	3.42	402
brunch	3.42	402
mort	3.42	402
ex-freundin	3.42	402
psychische	3.42	402
amor	3.42	402
glory	3.42	402
abschiedsbrief	3.42	402
abwehr	3.42	402
eigenem	3.42	402
oberhaupt	3.42	402
moschee	3.42	401
us-regierung	3.42	401
zerlegt	3.42	401
behutsam	3.42	401
zweig	3.42	401
hundertprozentig	3.42	401
timings	3.42	401
muttermal	3.42	401
schwiegertochter	3.42	401
fremdes	3.42	401
tribut	3.42	401
poet	3.42	401
gesteht	3.42	401
blockade	3.42	401
zurückgeschickt	3.42	401
kollektion	3.42	401
sauna	3.42	401
wachst	3.42	401
geburtsurkunde	3.42	401
traditionelle	3.42	401
gespritzt	3.42	401
stillgestanden	3.42	401
erfrieren	3.42	400
lea	3.42	400
libby	3.42	400
ghost	3.42	400
gerammt	3.42	400
kendra	3.42	400
gegriffen	3.42	400
rayburn	3.42	400
orion	3.42	400
modelle	3.42	400
i-ich	3.42	400
schnappte	3.42	400
schwefel	3.42	400
gekotzt	3.42	400
angestrengt	3.42	400
stärkere	3.42	400
protokolle	3.42	400
klarzustellen	3.42	400
yards	3.42	400
nordpol	3.42	400
eclair	3.42	400
rechtlich	3.42	399
mülltonne	3.42	399
auferstehung	3.42	399
ablassen	3.42	399
leiht	3.42	399
angeführt	3.42	399
begabung	3.42	399
ruhiges	3.42	399
reno	3.42	399
pilger	3.42	399
möse	3.42	399
übernatürliche	3.42	399
specter	3.42	399
bezwingen	3.42	399
kendall	3.42	399
anzieht	3.42	399
amerikanisches	3.42	399
hockey	3.42	399
missachtung	3.42	399
va	3.42	399
simple	3.42	399
ausbilder	3.42	399
hoover	3.42	399
anerkennen	3.42	399
kälter	3.42	399
kenntnisse	3.42	399
augenblicke	3.42	399
marcello	3.42	399
arbeitstag	3.42	399
hergeben	3.42	399
falcon	3.42	399
typischer	3.42	399
choi	3.42	398
siedler	3.42	398
bestehlen	3.42	398
gezeugt	3.42	398
fälschen	3.42	398
cromwell	3.42	398
callahan	3.42	398
pole	3.42	398
hellen	3.42	398
clarissa	3.42	398
leckere	3.42	398
nana	3.42	398
anzulegen	3.42	398
ahsoka	3.42	398
schnüffelt	3.42	398
untergetaucht	3.42	398
intersect	3.42	398
abzunehmen	3.42	398
apotheker	3.42	398
dock	3.42	398
scylla	3.42	398
hobbys	3.42	398
mitgespielt	3.42	398
elenden	3.42	398
oliven	3.42	398
flinte	3.42	398
gitarrenmusik	3.42	398
geoff	3.42	398
morning	3.42	398
deo	3.42	398
geweigert	3.42	397
schmuggler	3.42	397
scooter	3.42	397
myers	3.42	397
key	3.42	397
aufbau	3.42	397
alphonse	3.42	397
ram	3.42	397
hélène	3.42	397
nebraska	3.42	397
waschlappen	3.42	397
einwanderer	3.42	397
erzielt	3.42	397
mg	3.42	397
badeanzug	3.42	397
dünner	3.42	397
faire	3.42	397
temperaturen	3.42	397
erklingt	3.42	397
capitán	3.42	397
mucks	3.42	397
vulgär	3.42	397
unterwerfen	3.42	397
must	3.42	397
campen	3.42	397
werwölfe	3.42	397
schwerste	3.42	397
dakota	3.42	397
bordeaux	3.42	397
ungünstig	3.42	397
dargestellt	3.42	397
komplexe	3.42	397
zimmermädchen	3.42	397
abgeordneten	3.42	397
leihst	3.42	396
thorne	3.42	396
geradewegs	3.42	396
aufgedeckt	3.42	396
beschimpft	3.42	396
gebäck	3.42	396
mitfahrgelegenheit	3.42	396
patrik	3.42	396
diplom	3.42	396
marys	3.42	396
kandidieren	3.42	396
einführen	3.42	396
sharp	3.42	396
opium	3.42	396
bedenke	3.42	396
verspielt	3.42	396
grabe	3.42	396
mieze	3.42	396
ursprüngliche	3.42	396
fahrkarten	3.42	396
summers	3.42	396
reinstecken	3.42	396
syd	3.42	396
aufzutauchen	3.42	396
neunten	3.42	396
widerliche	3.42	396
kupfer	3.42	396
lacher	3.42	396
antenne	3.42	396
aufessen	3.42	395
filmtiger	3.42	395
klärt	3.42	395
casting	3.42	395
selbstständig	3.42	395
brillanter	3.42	395
spendieren	3.42	395
snake	3.42	395
kings	3.42	395
order	3.42	395
kleiden	3.42	395
cheng	3.42	395
autorin	3.42	395
privater	3.42	395
anzupassen	3.42	395
bezeichnung	3.42	395
wahnsinnigen	3.42	395
leuchtturm	3.42	395
läuse	3.42	395
aufgeteilt	3.42	395
kabinett	3.42	395
hopper	3.42	395
grüßt	3.42	395
verkabelt	3.42	395
hingen	3.42	395
ungestraft	3.42	395
auffahrt	3.42	395
auffressen	3.41	394
katholischen	3.41	394
wing	3.41	394
zusammenbrechen	3.41	394
gerechte	3.41	394
ausblick	3.41	394
aufzuklären	3.41	394
berühmtheit	3.41	394
handschuhfach	3.41	394
nathaniel	3.41	394
scheißding	3.41	394
verbluten	3.41	394
kneifen	3.41	394
versicherungen	3.41	394
caldwell	3.41	394
annimmt	3.41	394
hineingezogen	3.41	394
geortet	3.41	394
klassentreffen	3.41	394
müttern	3.41	394
myrtle	3.41	394
längste	3.41	394
update	3.41	394
zitterst	3.41	394
hektar	3.41	394
altern	3.41	394
berger	3.41	394
miserabel	3.41	394
affären	3.41	394
profitiert	3.41	394
katalog	3.41	394
hurley	3.41	393
scherzt	3.41	393
schaukeln	3.41	393
bauchschmerzen	3.41	393
autorisiert	3.41	393
absuchen	3.41	393
mondes	3.41	393
titanic	3.41	393
together	3.41	393
sabotiert	3.41	393
entlasten	3.41	393
mathias	3.41	393
karibik	3.41	393
regelrecht	3.41	393
einfrieren	3.41	393
deke	3.41	393
bedeutend	3.41	393
weiterziehen	3.41	393
matte	3.41	393
rampe	3.41	393
waage	3.41	393
ausgeruht	3.41	393
corps	3.41	393
tamara	3.41	393
weggebracht	3.41	392
unschuldiges	3.41	392
erlangt	3.41	392
aufzuräumen	3.41	392
bemerkungen	3.41	392
aktuell	3.41	392
brocken	3.41	392
tacos	3.41	392
zahlungen	3.41	392
machbar	3.41	392
dream	3.41	392
schwachköpfe	3.41	392
apple	3.41	392
kreuzzug	3.41	392
stehle	3.41	392
großmaul	3.41	392
farbige	3.41	392
elch	3.41	392
beleuchtung	3.41	392
zynisch	3.41	392
bethany	3.41	392
iv	3.41	392
ausgelacht	3.41	392
verkuppeln	3.41	392
heimatstadt	3.41	392
rocco	3.41	392
schwaches	3.41	392
salami	3.41	392
hinterhof	3.41	392
eingestiegen	3.41	392
kompromisse	3.41	392
vorstellungskraft	3.41	392
beantrage	3.41	392
kennenlernten	3.41	391
bedrohlich	3.41	391
chaplin	3.41	391
j.j.	3.41	391
knallhart	3.41	391
übergibt	3.41	391
wackelt	3.41	391
kraftwerk	3.41	391
lenk	3.41	391
falken	3.41	391
walten	3.41	391
mitgift	3.41	391
tätigen	3.41	391
losgeworden	3.41	391
hallen	3.41	391
aktentasche	3.41	391
zusammengestellt	3.41	391
blinzeln	3.41	390
greene	3.41	390
wortwörtlich	3.41	390
tresorraum	3.41	390
zivilisiert	3.41	390
amüsier	3.41	390
ventil	3.41	390
schlich	3.41	390
patti	3.41	390
erlöser	3.41	390
even	3.41	390
vergebens	3.41	390
zaubertrank	3.41	390
anschaut	3.41	390
brise	3.41	390
krishna	3.41	390
ausländische	3.41	390
husch	3.41	390
crews	3.41	390
ames	3.41	390
unverantwortlich	3.41	390
stabilisiert	3.41	390
redakteur	3.41	390
schwachstelle	3.41	390
scharfes	3.41	390
matrose	3.41	390
wegzugehen	3.41	390
chevy	3.41	390
brutalen	3.41	390
luigi	3.41	390
glänzend	3.41	390
überreagiert	3.41	389
pimmel	3.41	389
straßenrand	3.41	389
junkies	3.41	389
attraktiver	3.41	389
ecstasy	3.41	389
heimkommen	3.41	389
talk	3.41	389
frachtraum	3.41	389
unangemessen	3.41	389
heiss	3.41	389
bombardiert	3.41	389
bündel	3.41	389
außenposten	3.41	389
kitschig	3.41	389
anschuldigung	3.41	389
zeichne	3.41	389
castro	3.41	389
wanzen	3.41	389
wichtigkeit	3.41	389
willard	3.41	389
spa	3.41	389
juwelier	3.41	389
mediziner	3.41	389
vertretung	3.41	389
umlauf	3.41	388
sascha	3.41	388
zurückverfolgt	3.41	388
saugt	3.41	388
spannungsgeladene	3.41	388
prügelei	3.41	388
zusammenziehen	3.41	388
hochkommen	3.41	388
besiegelt	3.41	388
aufdecken	3.41	388
mendez	3.41	388
subtitles	3.41	388
meere	3.41	388
con	3.41	388
schrein	3.41	388
bedrohte	3.41	388
counsellor	3.41	388
faucht	3.41	388
akira	3.41	388
raylan	3.41	388
schleim	3.41	388
werf	3.41	388
reizenden	3.41	388
ausgezeichneter	3.41	388
beherrschung	3.41	388
röntgen	3.41	388
knecht	3.41	388
kaputtgemacht	3.41	388
abgedreht	3.41	388
sitten	3.41	388
plakat	3.41	388
ausdauer	3.41	388
verabreichen	3.41	388
gaul	3.41	388
schiebe	3.41	388
biber	3.41	388
bub	3.41	387
schlussfolgerung	3.41	387
kamui	3.41	387
gebieten	3.41	387
hierlassen	3.41	387
kanäle	3.41	387
tschuldige	3.41	387
blah	3.41	387
hurensöhne	3.41	387
abgestimmt	3.41	387
twitter	3.41	387
rausfindet	3.41	387
zugabe	3.41	387
barfuß	3.41	387
flehen	3.41	387
allergie	3.41	387
roh	3.41	387
geblendet	3.41	387
mackenzie	3.41	387
rücktritt	3.41	387
abgekauft	3.41	387
mische	3.41	387
aufschlag	3.41	387
aussehende	3.41	387
landeten	3.41	387
nützliches	3.41	387
bombardieren	3.41	387
polo	3.41	387
kanne	3.41	387
aufmuntern	3.41	387
weinend	3.41	387
beibehalten	3.41	387
felipe	3.41	387
hercule	3.41	386
verleugnen	3.41	386
eingeklemmt	3.41	386
einkäufe	3.41	386
0h	3.41	386
movie	3.41	386
amtes	3.41	386
waldorf	3.41	386
salt	3.41	386
marjorie	3.41	386
loszulassen	3.41	386
duane	3.41	386
spukt	3.41	386
patsche	3.41	386
einblick	3.41	386
bestreitet	3.41	386
merlyn	3.41	386
vorlegen	3.41	386
hochzeitskleid	3.41	386
addy	3.41	386
mitarbeitern	3.41	386
holodeck	3.41	386
genugtuung	3.41	386
willoughby	3.41	386
norm	3.41	386
impulsiv	3.41	386
allerbeste	3.41	386
krämpfe	3.41	386
werbespot	3.40	385
feierlich	3.40	385
gefängnisse	3.40	385
beruhen	3.40	385
allesamt	3.40	385
true	3.40	385
open	3.40	385
klappert	3.40	385
heiden	3.40	385
durchlaucht	3.40	385
zar	3.40	385
rabbit	3.40	385
abgesperrt	3.40	385
unsre	3.40	385
stinkenden	3.40	385
gerda	3.40	385
parkt	3.40	385
alfonso	3.40	385
met	3.40	385
betrübt	3.40	385
ignorier	3.40	385
deienn	3.40	385
cleverer	3.40	385
pfeif	3.40	385
nachhilfe	3.40	385
gerächt	3.40	385
tracht	3.40	385
dings	3.40	385
gringo	3.40	385
zunichte	3.40	384
shake	3.40	384
drogenhandel	3.40	384
perez	3.40	384
baracke	3.40	384
mcqueen	3.40	384
grunzen	3.40	384
reinfall	3.40	384
dickie	3.40	384
oleg	3.40	384
mitbürger	3.40	384
netteste	3.40	384
kräftiger	3.40	384
lexi	3.40	384
jämmerlich	3.40	384
wecke	3.40	384
einbauen	3.40	384
kriecht	3.40	384
problemlos	3.40	384
lauschen	3.40	384
lise	3.40	384
ser	3.40	384
mercy	3.40	384
träne	3.40	384
grunzt	3.40	384
fuss	3.40	384
politisches	3.40	384
zimmermann	3.40	384
almanzo	3.40	384
gläschen	3.40	384
unterhaltsam	3.40	384
streck	3.40	384
play	3.40	384
kürzen	3.40	383
devlin	3.40	383
zitiert	3.40	383
klassen	3.40	383
skorpion	3.40	383
mächtigsten	3.40	383
gurt	3.40	383
einigung	3.40	383
dürre	3.40	383
untere	3.40	383
ärmste	3.40	383
nine	3.40	383
eingeschätzt	3.40	383
befallen	3.40	383
schmieden	3.40	383
eingesteckt	3.40	383
irischen	3.40	383
tausche	3.40	383
drucker	3.40	383
hutchinson	3.40	383
jährlich	3.40	383
verwundete	3.40	383
wandeln	3.40	383
lagst	3.40	383
qualitäten	3.40	383
vertrauenswürdig	3.40	383
zeb	3.40	383
jonny	3.40	383
kreuze	3.40	383
massieren	3.40	383
transporterraum	3.40	383
kar	3.40	382
gleichung	3.40	382
reimt	3.40	382
sympathie	3.40	382
südlichen	3.40	382
nachlässig	3.40	382
gage	3.40	382
ausgerichtet	3.40	382
inspirieren	3.40	382
militärs	3.40	382
peru	3.40	382
rädern	3.40	382
gefroren	3.40	382
schotten	3.40	382
alfredo	3.40	382
durchgekommen	3.40	382
verschlungen	3.40	382
begegnete	3.40	382
zwinge	3.40	382
fügt	3.40	382
youtube	3.40	382
wiedererkannt	3.40	382
einklang	3.40	382
leopard	3.40	382
zukommt	3.40	382
hälst	3.40	381
benedict	3.40	381
shaolin	3.40	381
reingegangen	3.40	381
signatur	3.40	381
unbedeutend	3.40	381
hinterzimmer	3.40	381
einführung	3.40	381
henrys	3.40	381
skala	3.40	381
leidtun	3.40	381
poppy	3.40	381
hohem	3.40	381
röhre	3.40	381
pilz	3.40	381
mutanten	3.40	381
beklaut	3.40	381
totschlag	3.40	381
existiere	3.40	381
vorzüge	3.40	381
erwerben	3.40	381
auftritte	3.40	381
control	3.40	381
ausrasten	3.40	380
gewendet	3.40	380
abwaschen	3.40	380
rodeo	3.40	380
billiges	3.40	380
abwärts	3.40	380
gefallenen	3.40	380
aufschub	3.40	380
clem	3.40	380
anhalter	3.40	380
jammert	3.40	380
geschwollen	3.40	380
zuhörer	3.40	380
andrej	3.40	380
alarmiert	3.40	380
wendell	3.40	380
gerichtshof	3.40	380
vorhabe	3.40	380
rituale	3.40	380
faszinierende	3.40	380
versuchs	3.40	380
lyndsey	3.40	380
schlafanzug	3.40	380
vernünftigen	3.40	380
hinterlasst	3.40	380
todesangst	3.40	380
klassischen	3.40	380
ehrengast	3.40	380
magic	3.40	380
zahltag	3.40	380
hübscheste	3.40	380
cello	3.40	380
bestürzt	3.40	380
widerspricht	3.40	379
überzogen	3.40	379
zehnten	3.40	379
sea	3.40	379
launen	3.40	379
snack	3.40	379
aj	3.40	379
casa	3.40	379
kreide	3.40	379
lyon	3.40	379
hack	3.40	379
fisk	3.40	379
rennbahn	3.40	379
trunkenheit	3.40	379
allemal	3.40	379
hergebeten	3.40	379
geschäftsreise	3.40	379
pine	3.40	379
krankenschwestern	3.40	379
teilten	3.40	379
vertuscht	3.40	379
mitmenschen	3.40	379
vorzüglich	3.40	379
lokalisiert	3.40	379
beieinander	3.40	379
reingesteckt	3.40	379
brüderchen	3.40	379
wiederkomme	3.40	379
anmut	3.40	379
traute	3.40	379
geordi	3.40	378
abstürzen	3.40	378
unschlagbar	3.40	378
nan	3.40	378
anmerken	3.40	378
angels	3.40	378
alvin	3.40	378
connors	3.40	378
zivilist	3.40	378
lebwohl	3.40	378
altersheim	3.40	378
riff	3.40	378
oberschenkel	3.40	378
missbrauchen	3.40	378
unvernünftig	3.40	378
pastete	3.40	378
schwächling	3.40	378
ermutigen	3.40	378
rausgegangen	3.40	378
happen	3.40	378
geflirtet	3.40	378
reale	3.40	378
hergezogen	3.40	377
enormen	3.40	377
achterbahn	3.40	377
niedergebrannt	3.40	377
spalt	3.40	377
parkhaus	3.40	377
wesentlichen	3.40	377
hamster	3.40	377
unternehmer	3.40	377
retteten	3.40	377
gezerrt	3.40	377
casanova	3.40	377
aufgeladen	3.40	377
aufwuchs	3.40	377
panisch	3.40	377
machine	3.40	377
glänzen	3.40	377
ordentliche	3.40	377
mördern	3.40	377
atlantik	3.40	377
verkorkst	3.40	377
ladyschaft	3.40	377
pinsel	3.40	377
por	3.40	377
wählst	3.40	377
koffein	3.40	377
kol	3.40	377
verteidigst	3.40	377
perversling	3.40	377
lücken	3.40	377
einigermaßen	3.40	377
gesunder	3.40	377
che	3.39	376
schwörst	3.39	376
türsteher	3.39	376
guillaume	3.39	376
boah	3.39	376
stiche	3.39	376
schneesturm	3.39	376
rausziehen	3.39	376
luka	3.39	376
gesteuert	3.39	376
pubertät	3.39	376
aufkommen	3.39	376
sykes	3.39	376
theke	3.39	376
meerjungfrau	3.39	376
ausgibt	3.39	376
propaganda	3.39	376
tüten	3.39	376
ausländischen	3.39	376
ingenieure	3.39	376
unterhielten	3.39	376
zod	3.39	376
schwierigste	3.39	376
maja	3.39	376
lehrling	3.39	376
bam	3.39	376
aufwache	3.39	376
krater	3.39	375
vorbeigehen	3.39	375
bahamas	3.39	375
marschall	3.39	375
funktionen	3.39	375
nero	3.39	375
comic	3.39	375
grande	3.39	375
dümmer	3.39	375
aufregender	3.39	375
schwimmbad	3.39	375
alledem	3.39	375
pfahl	3.39	375
wellington	3.39	375
ringo	3.39	375
pracht	3.39	375
etagen	3.39	375
lsd	3.39	375
j.r.	3.39	375
urkunde	3.39	375
rummel	3.39	375
fackeln	3.39	375
urgroßvater	3.39	375
darbietung	3.39	375
tierisch	3.39	375
kathleen	3.39	375
ain	3.39	375
kartons	3.39	375
neige	3.39	375
kirschen	3.39	375
maschinengewehr	3.39	375
poe	3.39	374
rodriguez	3.39	374
blackout	3.39	374
crawley	3.39	374
gepasst	3.39	374
feigen	3.39	374
mitgliedern	3.39	374
wertvollen	3.39	374
späher	3.39	374
meisters	3.39	374
beecher	3.39	374
hypothetisch	3.39	374
god	3.39	374
rice	3.39	374
brother	3.39	374
ansager	3.39	374
going	3.39	374
kaputtmachen	3.39	374
hampton	3.39	374
versperrt	3.39	374
offenheit	3.39	374
pferdchen	3.39	374
janine	3.39	374
rannten	3.39	374
emerson	3.39	374
niedriger	3.39	374
rausnehmen	3.39	374
linkshänder	3.39	374
wickeln	3.39	374
wütende	3.39	374
lieblingsessen	3.39	374
t.j.	3.39	374
exemplare	3.39	374
handyklingeln	3.39	374
ehrenwerte	3.39	374
centauri	3.39	373
miez	3.39	373
micah	3.39	373
zerbrach	3.39	373
verzeihst	3.39	373
schwacher	3.39	373
watts	3.39	373
skulptur	3.39	373
jedermanns	3.39	373
völlige	3.39	373
unterdrückung	3.39	373
gebüsch	3.39	373
fucking	3.39	373
magd	3.39	373
schultag	3.39	373
dion	3.39	373
bbc	3.39	373
reha	3.39	373
taucher	3.39	373
biologischen	3.39	373
dummerweise	3.39	373
mikes	3.39	373
guido	3.39	373
lexie	3.39	373
rabe	3.39	373
entwürfe	3.39	373
landwirtschaft	3.39	373
unbequem	3.39	372
flippt	3.39	372
malerei	3.39	372
gewässer	3.39	372
bubba	3.39	372
krumm	3.39	372
überlastet	3.39	372
scheißkerle	3.39	372
haute	3.39	372
selbstzerstörung	3.39	372
eisernen	3.39	372
smiley	3.39	372
amüsierst	3.39	372
casper	3.39	372
plätzen	3.39	372
tropft	3.39	372
mc	3.39	372
katholische	3.39	372
andi	3.39	372
manuell	3.39	372
vorarbeiter	3.39	372
schubs	3.39	371
benton	3.39	371
verhelfen	3.39	371
beschäftige	3.39	371
zelte	3.39	371
neigung	3.39	371
giulia	3.39	371
raoul	3.39	371
schweigepflicht	3.39	371
pokern	3.39	371
miau	3.39	371
spionage	3.39	371
begeistern	3.39	371
fertiggemacht	3.39	371
markierung	3.39	371
ying	3.39	371
krähe	3.39	371
carmine	3.39	371
marquez	3.39	371
knüppel	3.39	371
eintragen	3.39	370
alfie	3.39	370
spritzt	3.39	370
kaff	3.39	370
rausgelassen	3.39	370
strohhalm	3.39	370
recherchen	3.39	370
gleichmäßig	3.39	370
j.t.	3.39	370
aura	3.39	370
automatische	3.39	370
bumst	3.39	370
gig	3.39	370
arterie	3.39	370
lecter	3.39	370
blondie	3.39	370
verfolgten	3.39	370
durchlaufen	3.39	370
grobe	3.39	370
zauberhaften	3.39	370
gelächelt	3.39	370
cockpit	3.39	370
vollmacht	3.39	370
dixie	3.39	370
gekratzt	3.39	369
beta	3.39	369
respektvoll	3.39	369
hard	3.39	369
professioneller	3.39	369
prostituierten	3.39	369
gefährten	3.39	369
entbehren	3.39	369
jungfräulichkeit	3.39	369
täglichen	3.39	369
unterhalte	3.39	369
korsak	3.39	369
rockstar	3.39	369
verdrängt	3.39	369
zement	3.39	369
verschone	3.39	369
ewiges	3.39	369
untersagt	3.39	369
staatlichen	3.39	369
tubbs	3.39	369
visage	3.39	369
schlüpfen	3.39	369
jag	3.39	369
umgibt	3.39	369
konrad	3.39	369
beschäftigung	3.39	369
eingeborenen	3.39	369
heikle	3.39	369
standhalten	3.39	369
reilly	3.39	369
aufschrei	3.39	369
vermag	3.39	369
schnürsenkel	3.39	369
rettungswagen	3.39	369
gala	3.39	369
schwuchteln	3.39	369
memorial	3.39	369
auffällt	3.38	368
gewöhne	3.38	368
übersteigt	3.38	368
mutigen	3.38	368
scheiterhaufen	3.38	368
permanent	3.38	368
machtest	3.38	368
kã	3.38	368
kulissen	3.38	368
psychiatrische	3.38	368
armand	3.38	368
zusammensetzen	3.38	368
offizieller	3.38	368
eingehalten	3.38	368
oakland	3.38	368
glücks	3.38	368
crichton	3.38	368
wink	3.38	368
jacky	3.38	368
überlebst	3.38	368
radius	3.38	368
nachwuchs	3.38	368
winselt	3.38	368
natürlicher	3.38	368
kristen	3.38	368
risse	3.38	368
stewardess	3.38	368
babies	3.38	368
geschenken	3.38	368
labs	3.38	368
gefreiter	3.38	367
dirty	3.38	367
full	3.38	367
garfield	3.38	367
endlosen	3.38	367
erfolglos	3.38	367
destiny	3.38	367
pharao	3.38	367
knutschen	3.38	367
rechtmäßigen	3.38	367
sutter	3.38	367
liebesgeschichte	3.38	367
notfälle	3.38	367
stiften	3.38	367
buchladen	3.38	367
abbie	3.38	367
superkräfte	3.38	367
erhobenen	3.38	367
gefälschten	3.38	367
bewaffneter	3.38	367
architekten	3.38	367
geformt	3.38	367
tourist	3.38	367
delia	3.38	367
predigen	3.38	367
tonic	3.38	367
eingefädelt	3.38	367
geronimo	3.38	367
titan	3.38	367
faktor	3.38	367
untersuchte	3.38	367
hieße	3.38	367
ig	3.38	367
stiel	3.38	367
galaxis	3.38	367
erzwingen	3.38	367
channel	3.38	367
unternehmens	3.38	367
puerto	3.38	367
herausholen	3.38	366
tatwaffe	3.38	366
mall	3.38	366
offensive	3.38	366
behauptung	3.38	366
sehnt	3.38	366
mã	3.38	366
tippe	3.38	366
solang	3.38	366
schmeicheln	3.38	366
unterstellen	3.38	366
überzeugte	3.38	366
mitarbeiterin	3.38	366
wegziehen	3.38	366
zärtlichkeit	3.38	366
hacke	3.38	366
bescheuerte	3.38	366
geisteskrank	3.38	366
wahrnehmen	3.38	366
aufnimmt	3.38	366
nothing	3.38	366
präsidium	3.38	366
bewerber	3.38	366
spirituelle	3.38	366
fröhlichen	3.38	366
spannen	3.38	366
behauptest	3.38	366
klettert	3.38	366
unterschriften	3.38	365
ferner	3.38	365
sowjets	3.38	365
arztes	3.38	365
eduard	3.38	365
durchmachst	3.38	365
yi	3.38	365
blank	3.38	365
tanten	3.38	365
lohnen	3.38	365
verhauen	3.38	365
macy	3.38	365
enterprises	3.38	365
anstellt	3.38	365
erwachte	3.38	365
erkundigen	3.38	365
programmieren	3.38	365
fanatiker	3.38	365
gillian	3.38	365
bohrer	3.38	365
festes	3.38	365
pralinen	3.38	365
haste	3.38	365
sully	3.38	365
beistand	3.38	365
suzy	3.38	365
hackfleisch	3.38	365
olle	3.38	365
verlobungsring	3.38	365
spielregeln	3.38	365
compton	3.38	365
widerling	3.38	365
wäscherei	3.38	365
psychologe	3.38	365
samstags	3.38	365
anhält	3.38	365
anprobieren	3.38	365
maskottchen	3.38	364
auschwitz	3.38	364
alarmieren	3.38	364
insekt	3.38	364
verräterin	3.38	364
farce	3.38	364
martine	3.38	364
micky	3.38	364
mixer	3.38	364
berücksichtigt	3.38	364
mer	3.38	364
bibi	3.38	364
krankenhauses	3.38	364
söhnen	3.38	364
nasen	3.38	364
parasit	3.38	364
absoluten	3.38	364
niklaus	3.38	364
recherchieren	3.38	364
katholiken	3.38	364
annehme	3.38	364
eingestehen	3.38	364
dasein	3.38	364
unterkriegen	3.38	364
entnehmen	3.38	363
lorelei	3.38	363
misty	3.38	363
leela	3.38	363
blitze	3.38	363
notwendige	3.38	363
westküste	3.38	363
grossartig	3.38	363
loge	3.38	363
verwechslung	3.38	363
bashir	3.38	363
aufgetreten	3.38	363
tragischen	3.38	363
bonbon	3.38	363
ghetto	3.38	363
arlene	3.38	363
piano	3.38	363
stattfand	3.38	363
lebendige	3.38	363
lonnie	3.38	363
sanfter	3.38	363
rascheln	3.38	363
zugänglich	3.38	362
bloody	3.38	362
bankier	3.38	362
tyrannei	3.38	362
udo	3.38	362
stinker	3.38	362
lächelte	3.38	362
versäumen	3.38	362
romantischer	3.38	362
verzieht	3.38	362
viv	3.38	362
ohrfeige	3.38	362
gewaltsam	3.38	362
quatscht	3.38	362
gretel	3.38	362
kobold	3.38	362
befehlshaber	3.38	362
wilkes	3.38	362
eiserne	3.38	362
dachtet	3.38	362
kerls	3.38	362
beisammen	3.38	362
würgen	3.38	362
unteroffizier	3.38	362
reagierst	3.38	362
pusten	3.38	362
befolge	3.38	362
these	3.38	362
überschätzt	3.38	362
überführen	3.38	361
hineingehen	3.38	361
hinführen	3.38	361
fledermäuse	3.38	361
reizt	3.38	361
bankräuber	3.38	361
body	3.38	361
beleidigungen	3.38	361
vorspeise	3.38	361
toronto	3.38	361
umbringe	3.38	361
sofortiger	3.38	361
müllcontainer	3.38	361
tomate	3.38	361
exekution	3.38	361
sirup	3.38	361
unabhängige	3.38	361
hallelujah	3.38	361
glänzt	3.38	361
besagen	3.38	361
konfrontation	3.38	361
aussterben	3.38	361
ausstattung	3.38	361
fotografie	3.38	361
nationalgarde	3.38	361
aufhöre	3.38	361
morddezernat	3.38	361
schweinefleisch	3.38	361
six	3.38	361
yoko	3.38	361
reizen	3.38	361
brutaler	3.38	361
urteile	3.38	361
empfehlungen	3.38	361
cheyenne	3.38	360
pippi	3.38	360
irische	3.38	360
bäh	3.38	360
gouverneurs	3.38	360
eifer	3.38	360
mutation	3.38	360
mittlere	3.38	360
vornehm	3.38	360
spekulation	3.38	360
weiblicher	3.38	360
defiant	3.38	360
ch	3.38	360
antlitz	3.38	360
gunn	3.38	360
offensichtliche	3.38	360
bekamst	3.38	360
wilbur	3.38	360
außergewöhnlichen	3.38	360
wallander	3.38	360
cds	3.38	360
erwägen	3.38	360
zerquetschen	3.38	360
antat	3.38	360
u.	3.38	360
aufzutreiben	3.38	360
lenke	3.38	360
flott	3.38	360
vortreten	3.38	360
helles	3.38	360
sake	3.38	360
trauung	3.37	359
leitende	3.37	359
beiße	3.37	359
erspar	3.37	359
unbekanntes	3.37	359
technologien	3.37	359
columbus	3.37	359
landsleute	3.37	359
englischer	3.37	359
lieh	3.37	359
wucht	3.37	359
abblasen	3.37	359
abi	3.37	359
corinne	3.37	359
tobi	3.37	359
vergießen	3.37	359
ale	3.37	359
aktiviere	3.37	359
lebendigem	3.37	359
tin	3.37	359
leidtut	3.37	359
zulässt	3.37	359
bescheidenen	3.37	359
mühen	3.37	359
verkäuferin	3.37	359
wiedergesehen	3.37	359
eistee	3.37	359
entführten	3.37	359
klippen	3.37	359
riemen	3.37	358
ungesund	3.37	358
herausgefordert	3.37	358
peace	3.37	358
abgehoben	3.37	358
beklagt	3.37	358
bietest	3.37	358
erläutern	3.37	358
beerdigungen	3.37	358
hung	3.37	358
jaime	3.37	358
cotton	3.37	358
wegging	3.37	358
himmlische	3.37	358
stabilität	3.37	358
ungehorsam	3.37	358
wuchsen	3.37	358
kamt	3.37	358
dumpfbacke	3.37	358
samaritan	3.37	358
dorfes	3.37	358
jepp	3.37	358
unmoralisch	3.37	358
schlafenszeit	3.37	358
durchgezogen	3.37	358
schlaumeier	3.37	358
klassisch	3.37	358
dash	3.37	358
wißt	3.37	358
margarita	3.37	358
herausfinde	3.37	358
umstimmen	3.37	358
schlossen	3.37	357
wegschaffen	3.37	357
abteil	3.37	357
unverzeihlich	3.37	357
augenblicklich	3.37	357
fesselt	3.37	357
sforza	3.37	357
trümmern	3.37	357
bürgersteig	3.37	357
dunn	3.37	357
infanterie	3.37	357
süßeste	3.37	357
kakerlake	3.37	357
beeindruckende	3.37	357
zertrümmert	3.37	357
liebeskummer	3.37	357
endgültige	3.37	357
übertreffen	3.37	357
valium	3.37	357
schnellstmöglich	3.37	357
bedecken	3.37	357
gnadenlos	3.37	357
titelmusik	3.37	357
begierde	3.37	357
syrien	3.37	357
hmmm	3.37	357
zurückschlagen	3.37	357
negativen	3.37	357
believe	3.37	357
zirkel	3.37	357
werben	3.37	357
gemüt	3.37	357
taxis	3.37	356
sunshine	3.37	356
basteln	3.37	356
beinbruch	3.37	356
rückschlag	3.37	356
feigheit	3.37	356
verspäten	3.37	356
aires	3.37	356
genetischen	3.37	356
leinen	3.37	356
abspielen	3.37	356
fahrerflucht	3.37	356
enthielt	3.37	356
wohnheim	3.37	356
sylvie	3.37	356
papieren	3.37	356
überlebten	3.37	356
steroide	3.37	356
formulieren	3.37	356
labil	3.37	356
geheimhaltung	3.37	356
zusammenzuarbeiten	3.37	356
chemischen	3.37	356
wählten	3.37	356
herausbekommen	3.37	356
vorderen	3.37	356
bestenfalls	3.37	356
bluffen	3.37	356
fingerabdrücken	3.37	356
erinner	3.37	355
schraubenzieher	3.37	355
abbringen	3.37	355
stütze	3.37	355
anja	3.37	355
halunke	3.37	355
gunther	3.37	355
prellungen	3.37	355
klettere	3.37	355
schmerzlos	3.37	355
high-school	3.37	355
verwandle	3.37	355
verständnisvoll	3.37	355
rossi	3.37	355
annette	3.37	355
zahnpasta	3.37	355
stach	3.37	355
80er	3.37	355
gefährlichste	3.37	355
tagesordnung	3.37	355
kalorien	3.37	355
aufgedreht	3.37	355
ire	3.37	355
verklemmt	3.37	355
prescott	3.37	355
hügeln	3.37	355
durchbrochen	3.37	354
rechner	3.37	354
schimmel	3.37	354
seaquest	3.37	354
hotdogs	3.37	354
komplott	3.37	354
jana	3.37	354
vögelst	3.37	354
vernichte	3.37	354
taille	3.37	354
abkaufen	3.37	354
täusche	3.37	354
totalen	3.37	354
geburtstage	3.37	354
tonband	3.37	354
grundlagen	3.37	354
monstern	3.37	354
gerechtfertigt	3.37	354
telefonate	3.37	354
weitersuchen	3.37	354
hinzugefügt	3.37	354
erwidert	3.37	354
säule	3.37	354
foul	3.37	354
dänen	3.37	354
hintereingang	3.37	354
marcia	3.37	354
jeanette	3.37	354
hurrikan	3.37	354
trump	3.37	353
antiken	3.37	353
corporation	3.37	353
zauberstab	3.37	353
verschlechtert	3.37	353
teleskop	3.37	353
torrente	3.37	353
verlangsamen	3.37	353
glänzende	3.37	353
verabscheue	3.37	353
schachzug	3.37	353
zuversicht	3.37	353
fluchtweg	3.37	353
ertrag	3.37	353
hui	3.37	353
taverne	3.37	353
luftschleuse	3.37	353
gefühlvolle	3.37	353
überlasst	3.37	353
skywalker	3.37	353
moor	3.37	353
elektriker	3.37	353
genitalien	3.37	353
ausbreiten	3.37	353
stones	3.37	353
binnen	3.37	353
rechtfertigt	3.37	353
elanna	3.37	352
anheben	3.37	352
runterholen	3.37	352
schweige	3.37	352
preisgeben	3.37	352
bernardo	3.37	352
dottie	3.37	352
ahnst	3.37	352
falk	3.37	352
burnett	3.37	352
everybody	3.37	352
bizarr	3.37	352
fraser	3.37	352
aspekte	3.37	352
ramón	3.37	352
schummeln	3.37	352
toren	3.37	352
unsern	3.37	352
gemeinen	3.37	352
vernommen	3.37	352
satans	3.37	352
pudel	3.37	352
wandel	3.37	352
fötus	3.37	352
umbringst	3.37	352
seoul	3.37	352
halluzination	3.37	352
rekrutieren	3.37	352
stamme	3.37	352
fokus	3.37	352
kreative	3.37	352
neujahr	3.36	351
dünnen	3.36	351
patrioten	3.36	351
bowlen	3.36	351
replikatoren	3.36	351
roberta	3.36	351
krepieren	3.36	351
schnupfen	3.36	351
toms	3.36	351
verdauen	3.36	351
muschis	3.36	351
magisches	3.36	351
bares	3.36	351
zeitreisen	3.36	351
stande	3.36	351
schlafmittel	3.36	351
tölpel	3.36	351
vierter	3.36	351
zeitlinie	3.36	351
had	3.36	351
stolpern	3.36	351
enkelkinder	3.36	351
verdeckte	3.36	351
richtete	3.36	351
urne	3.36	351
hollis	3.36	351
verheimlichst	3.36	351
nerd	3.36	351
generals	3.36	351
ekg	3.36	351
durchzuziehen	3.36	351
geregnet	3.36	351
ausschlafen	3.36	351
alpen	3.36	351
pence	3.36	351
kinderwagen	3.36	351
ladet	3.36	351
ungezogen	3.36	351
revanche	3.36	351
mika	3.36	351
tiny	3.36	350
weismachen	3.36	350
zukünftiger	3.36	350
mamie	3.36	350
cause	3.36	350
verhältnisse	3.36	350
rubel	3.36	350
baumwolle	3.36	350
erniedrigt	3.36	350
warpantrieb	3.36	350
moderner	3.36	350
ramona	3.36	350
manu	3.36	350
zählst	3.36	350
vogelgezwitscher	3.36	350
studierst	3.36	350
spalten	3.36	350
mcgill	3.36	350
asgard	3.36	350
außenminister	3.36	350
angedeutet	3.36	350
gurke	3.36	350
zelda	3.36	350
dominique	3.36	350
lucius	3.36	350
were	3.36	350
verpfeifen	3.36	350
auslachen	3.36	350
lebenswerk	3.36	350
demokraten	3.36	350
kaiserlichen	3.36	350
ncis	3.36	350
quoten	3.36	349
geheimnissen	3.36	349
freitags	3.36	349
ganoven	3.36	349
tanzten	3.36	349
einlässt	3.36	349
taktische	3.36	349
aufkreuzen	3.36	349
existierte	3.36	349
cardassia	3.36	349
zittere	3.36	349
havanna	3.36	349
vertreibt	3.36	349
anspruchsvoll	3.36	349
beendete	3.36	349
rocken	3.36	349
rubin	3.36	349
darla	3.36	349
hinwegkommen	3.36	349
mind	3.36	349
erbin	3.36	349
winkt	3.36	349
internationaler	3.36	349
umzulegen	3.36	349
brandt	3.36	349
nageln	3.36	349
denkbar	3.36	349
lilith	3.36	349
ausweisen	3.36	349
mayo	3.36	349
türkisch	3.36	349
erbarme	3.36	349
hinterwäldler	3.36	349
göttlichen	3.36	349
gequatsche	3.36	349
lowell	3.36	348
fonds	3.36	348
aufgeschlossen	3.36	348
foley	3.36	348
welpe	3.36	348
töchtern	3.36	348
abzulehnen	3.36	348
hastig	3.36	348
pi	3.36	348
bürgern	3.36	348
polizeisirene	3.36	348
anführerin	3.36	348
zählte	3.36	348
beschmutzt	3.36	348
zubereiten	3.36	348
vorschein	3.36	348
pacific	3.36	348
tyrannen	3.36	348
trockner	3.36	348
kommandozentrale	3.36	348
verzögern	3.36	348
candace	3.36	348
tollwut	3.36	348
hilton	3.36	348
kes	3.36	348
freigesetzt	3.36	348
lehn	3.36	348
erreichten	3.36	348
obelix	3.36	347
befriedigung	3.36	347
omas	3.36	347
edwin	3.36	347
janey	3.36	347
ufos	3.36	347
höhenangst	3.36	347
grinst	3.36	347
nikolai	3.36	347
alexandre	3.36	347
wahrscheinlicher	3.36	347
partnern	3.36	347
joanne	3.36	347
sicherheitsvorkehrungen	3.36	347
sammelte	3.36	347
gallier	3.36	347
reichsten	3.36	347
ungemütlich	3.36	347
pinguine	3.36	347
ledig	3.36	347
angestiftet	3.36	347
demonstranten	3.36	347
sorten	3.36	347
ever	3.36	347
wiesel	3.36	347
ambitionen	3.36	347
verhaftungen	3.36	347
obendrein	3.36	347
heftiger	3.36	347
räuspern	3.36	347
verbrannten	3.36	346
irritiert	3.36	346
hotdog	3.36	346
marken	3.36	346
gérard	3.36	346
stute	3.36	346
neutral	3.36	346
begnadigung	3.36	346
taiwan	3.36	346
ni	3.36	346
heiterem	3.36	346
krankenversicherung	3.36	346
abschuss	3.36	346
umsatz	3.36	346
milz	3.36	346
pandora	3.36	346
verschenkt	3.36	346
kompletter	3.36	346
transfer	3.36	346
pflegeheim	3.36	346
inneres	3.36	346
teste	3.36	346
evil	3.36	346
finsteren	3.36	346
loretta	3.36	346
unprofessionell	3.36	346
jamaika	3.36	346
pilar	3.36	346
syphilis	3.36	346
georgina	3.36	345
letztem	3.36	345
simms	3.36	345
hervorragender	3.36	345
small	3.36	345
verzweifelten	3.36	345
sonnensystem	3.36	345
widerrufen	3.36	345
durchmacht	3.36	345
warschau	3.36	345
jean-luc	3.36	345
ping	3.36	345
losgelassen	3.36	345
verlängert	3.36	345
bee	3.36	345
feinsten	3.36	345
feldern	3.36	345
vergewissern	3.36	345
moderator	3.36	345
romero	3.36	345
entlastet	3.36	345
quote	3.36	345
furchtlos	3.36	345
dahlia	3.36	345
pupillen	3.36	345
kommunismus	3.36	345
wissenschaftlerin	3.36	345
kristalle	3.36	345
absender	3.36	345
abgekommen	3.36	345
lasen	3.36	345
austragen	3.36	345
polizeiwache	3.36	345
nizza	3.36	345
cedric	3.36	345
mietvertrag	3.36	345
sleepy	3.36	345
gonzo	3.36	345
anstecken	3.36	344
krampf	3.36	344
waffenhändler	3.36	344
amerikanisch	3.36	344
bushaltestelle	3.36	344
erstklassige	3.36	344
turnhalle	3.36	344
erniedrigend	3.36	344
untergraben	3.36	344
trauerfeier	3.36	344
unglaublicher	3.36	344
schusslinie	3.36	344
buckingham	3.36	344
mondlicht	3.36	344
waldes	3.36	344
verkrampft	3.36	344
injiziert	3.36	344
count	3.36	344
anzusprechen	3.36	344
eröffne	3.36	344
akzeptierst	3.36	344
gestand	3.36	344
theaterstück	3.36	344
budapest	3.36	344
mitzubringen	3.36	344
belagerung	3.36	344
statistiken	3.36	344
zweien	3.36	344
anstrengungen	3.36	344
hochstapler	3.36	344
praktizieren	3.36	344
abschlussfeier	3.36	344
isolation	3.36	344
schmiere	3.36	344
konkurrenten	3.36	344
nelle	3.36	344
verantwortliche	3.36	344
sonnen	3.36	344
durchgeschnitten	3.35	343
sankt	3.35	343
nichtsnutz	3.35	343
vorbeikommt	3.35	343
kooperiert	3.35	343
lausige	3.35	343
disney	3.35	343
nachtigall	3.35	343
starre	3.35	343
unternimmt	3.35	343
besitzerin	3.35	343
linkes	3.35	343
sortieren	3.35	343
kel	3.35	343
drähte	3.35	343
äffchen	3.35	343
ergehen	3.35	343
dreieck	3.35	343
dünger	3.35	343
tätigkeit	3.35	343
mitzumachen	3.35	343
essig	3.35	343
lung	3.35	343
bess	3.35	343
angehängt	3.35	343
schneidest	3.35	343
unterstellt	3.35	343
stressig	3.35	343
weißwein	3.35	343
ewing	3.35	343
dorn	3.35	342
nachtrag	3.35	342
kästchen	3.35	342
maximum	3.35	342
ständigen	3.35	342
wörterbuch	3.35	342
deborah	3.35	342
wolfe	3.35	342
sowjetischen	3.35	342
ablenkungsmanöver	3.35	342
engsten	3.35	342
beigetreten	3.35	342
second	3.35	342
tasten	3.35	342
gepostet	3.35	342
ro	3.35	342
tatest	3.35	342
aufgesucht	3.35	342
brennende	3.35	342
ugh	3.35	342
chemiker	3.35	342
gestrigen	3.35	342
shepard	3.35	342
joanie	3.35	342
schaukel	3.35	342
twist	3.35	342
brock	3.35	342
minderjährig	3.35	342
anmarsch	3.35	342
melbourne	3.35	342
abartig	3.35	342
rücksichtsvoll	3.35	342
hündin	3.35	342
unterlegen	3.35	342
doppelter	3.35	342
fabelhafte	3.35	341
einzubrechen	3.35	341
heftigen	3.35	341
langweiler	3.35	341
göre	3.35	341
richtlinien	3.35	341
ruin	3.35	341
blickwinkel	3.35	341
glücklichsten	3.35	341
ausgepackt	3.35	341
decknamen	3.35	341
maxime	3.35	341
bescheuerten	3.35	341
materialien	3.35	341
franken	3.35	341
leoparden	3.35	341
enttäusche	3.35	341
weitermachst	3.35	341
beurteilt	3.35	341
üblicherweise	3.35	341
beanspruchen	3.35	341
hm-hm	3.35	341
geldbörse	3.35	341
jor-el	3.35	341
maddox	3.35	341
untreue	3.35	341
cutter	3.35	341
letzt	3.35	341
clans	3.35	341
maman	3.35	341
abwasch	3.35	340
klaute	3.35	340
milliardär	3.35	340
taste	3.35	340
event	3.35	340
verkraftet	3.35	340
wameru	3.35	340
emilie	3.35	340
rammen	3.35	340
besichtigen	3.35	340
kanns	3.35	340
70ern	3.35	340
denis	3.35	340
marissa	3.35	340
muskel	3.35	340
bedauert	3.35	340
aussagt	3.35	340
merkten	3.35	340
baldwin	3.35	340
arbeitern	3.35	340
hebräisch	3.35	340
dietrich	3.35	340
wessex	3.35	340
auflösung	3.35	340
angelica	3.35	340
ambulanz	3.35	340
ereignet	3.35	340
ten	3.35	340
niklas	3.35	340
zurückgeblieben	3.35	340
wiedersehe	3.35	340
erreichst	3.35	340
erträgt	3.35	339
dev	3.35	339
sportwagen	3.35	339
makellos	3.35	339
engeln	3.35	339
gabby	3.35	339
rindfleisch	3.35	339
koran	3.35	339
gebäuden	3.35	339
tobt	3.35	339
charlies	3.35	339
folgendermaßen	3.35	339
leukämie	3.35	339
cleo	3.35	339
körpern	3.35	339
archibald	3.35	339
geilen	3.35	339
lau	3.35	339
frieda	3.35	339
gekrochen	3.35	339
oslo	3.35	339
jericho	3.35	339
dane	3.35	339
helllichten	3.35	339
hochverrat	3.35	339
hege	3.35	339
drängeln	3.35	339
olympia	3.35	339
wund	3.35	339
paßt	3.35	339
verschleppt	3.35	339
pot	3.35	339
öi	3.35	339
ablehnung	3.35	339
gekillt	3.35	339
banden	3.35	339
zuhörst	3.35	339
cosima	3.35	339
abwischen	3.35	339
erwähnst	3.35	338
dobbs	3.35	338
towers	3.35	338
hats	3.35	338
ringt	3.35	338
curry	3.35	338
tödlicher	3.35	338
portugal	3.35	338
verschollen	3.35	338
sizilien	3.35	338
winziges	3.35	338
verbündet	3.35	338
beschränken	3.35	338
vash	3.35	338
edison	3.35	338
ausging	3.35	338
once	3.35	338
gläubigen	3.35	338
bemerkenswerte	3.35	338
heiter	3.35	338
statement	3.35	338
schmücken	3.35	338
teilst	3.35	338
überlegung	3.35	338
schob	3.35	338
weber	3.35	337
festmahl	3.35	337
weggesperrt	3.35	337
stiehlst	3.35	337
sommers	3.35	337
schachmatt	3.35	337
terminkalender	3.35	337
wagte	3.35	337
kiss	3.35	337
hexer	3.35	337
knistern	3.35	337
cahill	3.35	337
mayer	3.35	337
ausgerüstet	3.35	337
zurückhaltend	3.35	337
bowman	3.35	337
gänse	3.35	337
schutt	3.35	337
pinky	3.35	337
strafbar	3.35	337
hawks	3.35	337
fröhlicher	3.35	337
marathon	3.35	337
klone	3.35	337
funke	3.35	337
ziemliches	3.35	337
80ern	3.35	337
geheiligt	3.35	337
kryptonit	3.35	337
hypothese	3.35	337
polizeibericht	3.35	337
marcos	3.35	337
lebenslang	3.35	337
istja	3.35	337
sprachst	3.35	336
porzellan	3.35	336
saat	3.35	336
signorina	3.35	336
grandios	3.35	336
entladen	3.35	336
verliebe	3.35	336
weibt	3.35	336
auftragskiller	3.35	336
nachdenkst	3.35	336
anfordern	3.35	336
heisse	3.35	336
handhaben	3.35	336
slater	3.35	336
oi	3.35	336
curly	3.35	336
appell	3.35	336
geheimnisvollen	3.35	336
erwarteten	3.35	336
fe	3.35	336
aberglaube	3.35	336
wechselte	3.35	336
mdr	3.35	336
mao	3.35	336
erfreulich	3.35	336
essex	3.35	336
bestandteil	3.35	336
vi	3.35	336
demütigend	3.35	336
isis	3.35	336
überholen	3.35	336
abgeordnete	3.35	336
verliebten	3.35	336
thing	3.35	336
beschwören	3.35	336
diverse	3.34	335
zuteil	3.34	335
vorschreiben	3.34	335
künstlichen	3.34	335
graysons	3.34	335
hütten	3.34	335
kante	3.34	335
gesetzeshüter	3.34	335
kenji	3.34	335
vorsichtsmaßnahme	3.34	335
beneiden	3.34	335
pitt	3.34	335
schlagzeug	3.34	335
zwangen	3.34	335
laufbahn	3.34	335
rippchen	3.34	335
physischen	3.34	335
kleiderschrank	3.34	335
beglichen	3.34	335
zusagen	3.34	335
saigon	3.34	335
gebrüll	3.34	335
statuen	3.34	335
taugen	3.34	335
uwe	3.34	335
hinführt	3.34	335
carlotta	3.34	335
tschau	3.34	335
magdalena	3.34	335
herüber	3.34	335
diesbezüglich	3.34	335
isobel	3.34	335
jamal	3.34	335
erfindungen	3.34	335
alaric	3.34	335
statistik	3.34	335
always	3.34	334
teils	3.34	334
lorna	3.34	334
didi	3.34	334
rauscht	3.34	334
susi	3.34	334
personalabteilung	3.34	334
mitkomme	3.34	334
taliban	3.34	334
vorgekommen	3.34	334
kreuzt	3.34	334
trauert	3.34	334
beschließt	3.34	334
beschuldigte	3.34	334
zurückzuziehen	3.34	334
nachgeforscht	3.34	334
brech	3.34	334
kriminalpolizei	3.34	334
britischer	3.34	334
lees	3.34	334
ernest	3.34	334
marv	3.34	334
klopapier	3.34	334
tauchten	3.34	334
gültig	3.34	334
eduardo	3.34	334
versohlen	3.34	334
überfälle	3.34	333
wiedergutzumachen	3.34	333
missachten	3.34	333
charmante	3.34	333
zugewiesen	3.34	333
befanden	3.34	333
gisburne	3.34	333
huang	3.34	333
geschehe	3.34	333
traten	3.34	333
doreen	3.34	333
checkt	3.34	333
zaum	3.34	333
immunsystem	3.34	333
nägeln	3.34	333
veteranen	3.34	333
telefonnummern	3.34	333
elton	3.34	333
authentisch	3.34	333
lüften	3.34	333
betrog	3.34	333
weiterführen	3.34	333
vorrücken	3.34	333
moody	3.34	333
weiterreden	3.34	333
sarkastisch	3.34	333
hangar	3.34	333
raste	3.34	333
einmischung	3.34	333
schuljahr	3.34	333
löchern	3.34	333
kraut	3.34	333
lebhaft	3.34	333
verlaub	3.34	333
erwartung	3.34	332
diesel	3.34	332
françoise	3.34	332
nachlass	3.34	332
garrison	3.34	332
sanatorium	3.34	332
uncool	3.34	332
romantiker	3.34	332
einweihen	3.34	332
feiere	3.34	332
allerersten	3.34	332
fayed	3.34	332
mails	3.34	332
verheiraten	3.34	332
abbott	3.34	332
shorty	3.34	332
überlegte	3.34	332
gezögert	3.34	332
konfrontieren	3.34	332
aussehender	3.34	332
donnelly	3.34	332
angetreten	3.34	332
roscoe	3.34	332
überführt	3.34	332
bankett	3.34	332
beachte	3.34	332
bereinigen	3.34	332
kritischen	3.34	332
cloud	3.34	332
aktiven	3.34	332
jojo	3.34	332
friedlichen	3.34	332
grantham	3.34	332
carpenter	3.34	331
himmlischen	3.34	331
wegbleiben	3.34	331
lump	3.34	331
öffentliches	3.34	331
geburtstagskind	3.34	331
verbotene	3.34	331
wirklicher	3.34	331
rider	3.34	331
drehung	3.34	331
einzelner	3.34	331
olivier	3.34	331
lafayette	3.34	331
serienkiller	3.34	331
wiederherzustellen	3.34	331
schwersten	3.34	331
gefährlichsten	3.34	331
spektakel	3.34	331
beherrsche	3.34	331
regenschirm	3.34	331
flossen	3.34	331
beabsichtige	3.34	331
durchsehen	3.34	331
begründung	3.34	331
dieter	3.34	331
grenzt	3.34	331
telefonisch	3.34	331
waschbär	3.34	331
christliche	3.34	331
gesäubert	3.34	331
algerien	3.34	331
dolmetscher	3.34	331
sichtweise	3.34	331
kurzschluss	3.34	331
bedeutende	3.34	331
amüsiere	3.34	331
europäische	3.34	331
verspottet	3.34	331
gleiten	3.34	331
assistieren	3.34	331
ehebruch	3.34	331
berkeley	3.34	331
fauler	3.34	330
güter	3.34	330
haiti	3.34	330
aufschlagen	3.34	330
zwangsläufig	3.34	330
teilnahme	3.34	330
something	3.34	330
gläubiger	3.34	330
empört	3.34	330
unberührt	3.34	330
vorhersagen	3.34	330
lutz	3.34	330
hiesigen	3.34	330
hailey	3.34	330
singh	3.34	330
verblüfft	3.34	330
flugzeugen	3.34	330
golfplatz	3.34	330
birgt	3.34	330
führende	3.34	330
härteste	3.34	330
building	3.34	330
eitel	3.34	330
mücke	3.34	330
stärkeres	3.34	330
ungläubigen	3.34	330
geklettert	3.34	330
injektion	3.34	330
partikel	3.34	330
jun	3.34	330
moreno	3.34	330
quantico	3.34	330
pyramiden	3.34	330
hackbraten	3.34	330
kopfkissen	3.34	330
quadranten	3.34	330
verschicken	3.34	330
schimpfen	3.34	330
water	3.34	329
moin	3.34	329
streiken	3.34	329
staatsbürger	3.34	329
östlichen	3.34	329
maximale	3.34	329
währung	3.34	329
samir	3.34	329
dreckschwein	3.34	329
abschleppen	3.34	329
lorne	3.34	329
tauscht	3.34	329
jubiläum	3.34	329
tanaka	3.34	329
verschweigst	3.34	329
hofe	3.34	329
q.	3.34	329
philosoph	3.34	329
durchqueren	3.34	329
insider	3.34	329
freizulassen	3.34	329
marlowe	3.34	329
brillanten	3.34	329
yates	3.34	329
eroberung	3.34	329
eingeredet	3.34	329
verseucht	3.34	329
unlogisch	3.34	329
vorherigen	3.34	329
uralte	3.34	329
selbstbewusstsein	3.34	329
müsli	3.34	329
musstet	3.34	329
buckel	3.34	329
vogelscheuche	3.34	329
normandie	3.34	329
feuchte	3.33	328
bundesagenten	3.33	328
begleitest	3.33	328
rächt	3.33	328
gassi	3.33	328
tito	3.33	328
florrick	3.33	328
fohlen	3.33	328
ehm	3.33	328
hitlers	3.33	328
dekoration	3.33	328
französisches	3.33	328
whitey	3.33	328
geheimwaffe	3.33	328
patsy	3.33	328
schikaniert	3.33	328
peabody	3.33	328
niest	3.33	328
flehte	3.33	328
manch	3.33	328
wahn	3.33	328
bügeln	3.33	328
entsichert	3.33	328
jeglichen	3.33	328
nicht.	3.33	328
überprüfte	3.33	328
kassetten	3.33	328
futsch	3.33	328
ähnlicher	3.33	328
roxy	3.33	327
unvorsichtig	3.33	327
them	3.33	327
sprengt	3.33	327
hour	3.33	327
erledigst	3.33	327
klugen	3.33	327
aggression	3.33	327
früherer	3.33	327
pietro	3.33	327
marius	3.33	327
viva	3.33	327
auskennt	3.33	327
weibern	3.33	327
hegen	3.33	327
designer	3.33	327
goliath	3.33	327
flüssig	3.33	327
aufgerufen	3.33	327
herausstellt	3.33	327
no.	3.33	327
leckeren	3.33	327
formalität	3.33	327
breiten	3.33	327
abwerfen	3.33	327
nervensystem	3.33	327
versöhnung	3.33	327
instruktionen	3.33	327
kalle	3.33	327
ya	3.33	327
großstadt	3.33	326
füge	3.33	326
schleppt	3.33	326
formalitäten	3.33	326
droiden	3.33	326
klassischer	3.33	326
louisa	3.33	326
cosmo	3.33	326
hingefahren	3.33	326
aufschlitzen	3.33	326
lutsch	3.33	326
ultimatum	3.33	326
nachhause	3.33	326
vorzeitig	3.33	326
natasha	3.33	326
physiker	3.33	326
ochse	3.33	326
genannte	3.33	326
francesco	3.33	326
erfindet	3.33	326
freigeben	3.33	326
stimmst	3.33	325
inne	3.33	325
absolutes	3.33	325
erschöpfung	3.33	325
zerschmettert	3.33	325
schweinen	3.33	325
eindrucksvoll	3.33	325
behüte	3.33	325
ersticke	3.33	325
nino	3.33	325
abdecken	3.33	325
besorgungen	3.33	325
gebärmutter	3.33	325
fußspuren	3.33	325
nasse	3.33	325
poliert	3.33	325
ch4040ff	3.33	325
kill	3.33	325
verwandtschaft	3.33	325
einzusperren	3.33	325
dokumentation	3.33	325
distanziert	3.33	325
intimität	3.33	325
dringender	3.33	325
selbstsicher	3.33	325
dickköpfig	3.33	325
verbündeter	3.33	325
kanadier	3.33	324
mineralwasser	3.33	324
minderjährigen	3.33	324
neusten	3.33	324
father	3.33	324
vertrieb	3.33	324
christlichen	3.33	324
vizepräsidenten	3.33	324
castillo	3.33	324
russel	3.33	324
dumpfer	3.33	324
bestellungen	3.33	324
ahhh	3.33	324
selbstbewusst	3.33	324
autotür	3.33	324
diplomatie	3.33	324
blufft	3.33	324
schräge	3.33	324
zuständigkeit	3.33	324
geschüttelt	3.33	324
hoyt	3.33	324
fiktion	3.33	324
erforscht	3.33	324
steifen	3.33	324
gay	3.33	324
duffy	3.33	324
britney	3.33	324
simpsons	3.33	324
yvette	3.33	324
besteck	3.33	324
gründete	3.33	324
überflutet	3.33	324
phelps	3.33	324
parat	3.33	324
erfolgen	3.33	323
abbild	3.33	323
wiedergeben	3.33	323
klumpen	3.33	323
fußabdrücke	3.33	323
traditionell	3.33	323
anzuhalten	3.33	323
stiller	3.33	323
glöckchen	3.33	323
gandhi	3.33	323
manfred	3.33	323
bisherigen	3.33	323
ratlos	3.33	323
maniküre	3.33	323
kohlen	3.33	323
rasend	3.33	323
rhodes	3.33	323
weihnacht	3.33	323
kehr	3.33	323
christie	3.33	323
sechzehn	3.33	323
zerren	3.33	323
webb	3.33	323
gläubig	3.33	323
abbruch	3.33	323
motorräder	3.33	323
schliesst	3.33	323
geschworene	3.33	323
herzfrequenz	3.33	323
mads	3.33	323
ewiger	3.33	323
beschrieb	3.33	323
cain	3.33	323
iii	3.33	323
agatha	3.33	323
loomis	3.33	323
beauty	3.33	323
landebahn	3.33	323
kimberly	3.33	323
herrliches	3.33	323
machete	3.33	323
längsten	3.33	323
alphabet	3.33	322
peinliche	3.33	322
einschätzen	3.33	322
abgesprochen	3.33	322
geländer	3.33	322
courage	3.33	322
vieren	3.33	322
bahnsteig	3.33	322
jault	3.33	322
falles	3.33	322
raul	3.33	322
wah	3.33	322
gallo	3.33	322
mussen	3.33	322
barriere	3.33	322
dotty	3.33	322
kräftigen	3.33	322
abzulegen	3.33	322
konstruiert	3.33	322
schwimm	3.33	322
dimensionen	3.33	322
psychologin	3.33	322
kontrollen	3.33	322
lhm	3.33	322
geprägt	3.33	322
geschäftlichen	3.33	322
rückfall	3.33	322
killen	3.33	322
einlösen	3.33	322
asteroiden	3.33	322
schluckauf	3.33	322
derartige	3.33	321
schwedisch	3.33	321
monsignore	3.33	321
doggett	3.33	321
erstechen	3.33	321
torpedo	3.33	321
widerlichen	3.33	321
abfluss	3.33	321
waisenkind	3.33	321
durant	3.33	321
jucken	3.33	321
beschafft	3.33	321
veröffentlichung	3.33	321
impulse	3.33	321
geschämt	3.33	321
stillstand	3.33	321
rooster	3.33	321
entlarven	3.33	321
verschwundenen	3.33	321
einweisen	3.33	321
bands	3.33	321
dienstags	3.33	321
klaust	3.33	321
schwieriges	3.33	321
spektakulär	3.33	321
hilary	3.33	321
kurven	3.33	321
shop	3.33	321
beigetragen	3.33	321
suv	3.33	321
russo	3.33	321
kitzeln	3.33	321
abgeschleppt	3.33	321
schicker	3.33	321
techniken	3.33	321
abladen	3.33	321
sicherheitsleute	3.33	321
glückssträhne	3.33	321
chefkoch	3.33	321
garvey	3.33	321
gemetzel	3.33	321
unmengen	3.33	321
plädieren	3.33	321
lebensmüde	3.32	320
merkmale	3.32	320
gräbt	3.32	320
einzigartigen	3.32	320
nähte	3.32	320
erwin	3.32	320
ocean	3.32	320
digital	3.32	320
speichern	3.32	320
hoffnungsloser	3.32	320
vergingen	3.32	320
omaha	3.32	320
schub	3.32	320
abschreiben	3.32	320
törtchen	3.32	320
vorsitz	3.32	320
reflexe	3.32	320
freilich	3.32	320
blenden	3.32	320
feindselig	3.32	320
einsammeln	3.32	320
singer	3.32	320
leni	3.32	320
übertrifft	3.32	320
trübsal	3.32	320
verbannen	3.32	320
postbote	3.32	320
harmlose	3.32	320
milligramm	3.32	320
krabben	3.32	320
schamlos	3.32	320
carlisle	3.32	320
sims	3.32	320
wau	3.32	320
townsend	3.32	320
gerieten	3.32	320
reklame	3.32	320
verstümmelt	3.32	320
hippie	3.32	320
marshmallows	3.32	320
orry	3.32	320
paprika	3.32	319
krasse	3.32	319
crixus	3.32	319
gertrude	3.32	319
westliche	3.32	319
stuntman	3.32	319
meute	3.32	319
vererbt	3.32	319
70er	3.32	319
knackt	3.32	319
inspirierend	3.32	319
schildern	3.32	319
steiner	3.32	319
kreieren	3.32	319
genaues	3.32	319
wohlfühlen	3.32	319
ripley	3.32	319
achse	3.32	319
idol	3.32	319
stiefeln	3.32	319
auserwählten	3.32	319
sergej	3.32	319
skyler	3.32	319
engelchen	3.32	319
komet	3.32	319
schlaues	3.32	319
sicherheitsmaßnahmen	3.32	319
thai	3.32	319
überlisten	3.32	319
helmut	3.32	319
schiebst	3.32	319
verfickter	3.32	318
briefträger	3.32	318
benedikt	3.32	318
professoren	3.32	318
mondschein	3.32	318
flohen	3.32	318
westens	3.32	318
kredite	3.32	318
haftstrafe	3.32	318
ii.	3.32	318
cabrio	3.32	318
darby	3.32	318
press	3.32	318
garibaidi	3.32	318
selina	3.32	318
weckte	3.32	318
gesprächig	3.32	318
viren	3.32	318
zehner	3.32	318
polizeifunk	3.32	318
sporen	3.32	318
dahintersteckt	3.32	318
getriebe	3.32	318
wiesen	3.32	318
pausen	3.32	318
hero	3.32	318
gottverdammter	3.32	318
müßt	3.32	318
eingegeben	3.32	318
voodoo	3.32	318
angeblichen	3.32	318
exmann	3.32	318
alistair	3.32	318
trainierst	3.32	318
ausgleich	3.32	318
fiesen	3.32	317
ernesto	3.32	317
holiday	3.32	317
verdrehen	3.32	317
flachlegen	3.32	317
dienstmarke	3.32	317
eilen	3.32	317
ehevertrag	3.32	317
pflegt	3.32	317
schüttelt	3.32	317
hereinspaziert	3.32	317
lhres	3.32	317
ilona	3.32	317
geplündert	3.32	317
stig	3.32	317
fusco	3.32	317
nicken	3.32	317
elmer	3.32	317
antust	3.32	317
erbärmliche	3.32	317
sek	3.32	317
mundwerk	3.32	317
stephan	3.32	317
lieferte	3.32	317
feuerlöscher	3.32	317
kran	3.32	317
verwiesen	3.32	317
schwitze	3.32	317
trailer	3.32	317
konfisziert	3.32	317
bristow	3.32	316
kreativität	3.32	316
kombiniert	3.32	316
kooperativ	3.32	316
clifford	3.32	316
pie	3.32	316
niederbrennen	3.32	316
soprano	3.32	316
enthusiasmus	3.32	316
rizzoli	3.32	316
pernell	3.32	316
genoss	3.32	316
jugendlicher	3.32	316
kolonne	3.32	316
leonardo	3.32	316
herstellung	3.32	316
gewehren	3.32	316
klopfte	3.32	316
lama	3.32	316
earp	3.32	316
stammbaum	3.32	316
schachteln	3.32	316
eigentlichen	3.32	316
brutus	3.32	316
korrupten	3.32	315
mast	3.32	315
lehmann	3.32	315
spesen	3.32	315
eingewiesen	3.32	315
schränke	3.32	315
sensationell	3.32	315
malst	3.32	315
ausgelegt	3.32	315
terminplan	3.32	315
shrimps	3.32	315
belehren	3.32	315
nobody	3.32	315
ertrinkt	3.32	315
ernennen	3.32	315
adalind	3.32	315
umsetzen	3.32	315
hackt	3.32	315
goodman	3.32	315
heimzahlen	3.32	315
unzertrennlich	3.32	315
biester	3.32	315
dynamische	3.32	315
unanständig	3.32	315
dudley	3.32	315
generell	3.32	315
touren	3.32	315
baltar	3.32	315
reingebracht	3.32	315
artefakte	3.32	315
bedeute	3.32	315
fürchterliche	3.32	315
apfelkuchen	3.32	315
befund	3.32	315
straßensperren	3.32	315
fehlgeburt	3.32	314
diagnostiziert	3.32	314
anarchie	3.32	314
wisse	3.32	314
kahl	3.32	314
sangen	3.32	314
schöpfen	3.32	314
journal	3.32	314
berta	3.32	314
mitnimmt	3.32	314
aufrichtigkeit	3.32	314
cullen	3.32	314
martins	3.32	314
ohrfeigen	3.32	314
ergebe	3.32	314
auszusuchen	3.32	314
aufmacht	3.32	314
tierheim	3.32	314
dalli	3.32	314
abgeschickt	3.32	314
postamt	3.32	314
anfragen	3.32	314
nachtwächter	3.32	314
beirut	3.32	314
anlagen	3.32	314
spielzeuge	3.32	314
greifst	3.32	314
mitkommt	3.32	314
mcmanus	3.32	314
schauspielerei	3.32	314
verdenken	3.32	314
schiefgelaufen	3.32	314
schlechtesten	3.32	314
stoße	3.32	314
mummy	3.32	314
drecksloch	3.32	314
überlaufen	3.32	314
stürmisch	3.32	314
betäubung	3.32	314
ritz	3.32	314
lolita	3.32	314
sandte	3.32	314
infizierten	3.31	313
downton	3.31	313
zumal	3.31	313
bloßstellen	3.31	313
hingehören	3.31	313
mercer	3.31	313
befasst	3.31	313
kühn	3.31	313
vorgezogen	3.31	313
verschwitzt	3.31	313
konstantin	3.31	313
pager	3.31	313
petersburg	3.31	313
öffentlicher	3.31	313
morales	3.31	313
pfand	3.31	313
geschäftsleute	3.31	313
jocelyn	3.31	313
trüben	3.31	313
misst	3.31	313
vortragen	3.31	313
ausstrahlung	3.31	313
geehrte	3.31	313
lew	3.31	313
garnison	3.31	313
ausgeglichen	3.31	313
annabelle	3.31	313
malmö	3.31	313
hendrix	3.31	313
till	3.31	313
diebstahls	3.31	313
untröstlich	3.31	313
checke	3.31	313
stammte	3.31	313
owens	3.31	312
angelus	3.31	312
touch	3.31	312
streuner	3.31	312
toro	3.31	312
beautiful	3.31	312
kostprobe	3.31	312
aufholen	3.31	312
etliche	3.31	312
angetrieben	3.31	312
dina	3.31	312
festzunehmen	3.31	312
einschließen	3.31	312
undichte	3.31	312
meld	3.31	312
mangelt	3.31	312
entspanne	3.31	312
irdischen	3.31	312
bahnen	3.31	312
gewöhnliches	3.31	312
simons	3.31	312
praktische	3.31	312
sutton	3.31	312
aufrechterhalten	3.31	312
ertrank	3.31	312
trompeten	3.31	312
verlassene	3.31	312
suzie	3.31	312
flöhe	3.31	312
nicks	3.31	312
verunsichert	3.31	312
getätigt	3.31	312
kostbaren	3.31	311
kniet	3.31	311
ber	3.31	311
rübe	3.31	311
senatoren	3.31	311
vickie	3.31	311
verachte	3.31	311
abzuziehen	3.31	311
hilfssheriff	3.31	311
spielraum	3.31	311
herbestellt	3.31	311
unterschrieb	3.31	311
peck	3.31	311
teri	3.31	311
jimbo	3.31	311
langgeht	3.31	311
memoiren	3.31	311
verfluche	3.31	311
sportlich	3.31	311
verklage	3.31	311
augustus	3.31	311
wiedergefunden	3.31	311
sa	3.31	311
cuina	3.31	311
lem	3.31	311
hersteller	3.31	311
mio	3.31	311
heul	3.31	311
versiegeln	3.31	311
gro	3.31	311
abstammung	3.31	311
rechtes	3.31	311
anschläge	3.31	311
silberne	3.31	311
abführen	3.31	311
koreaner	3.31	311
anwendung	3.31	311
erspare	3.31	311
tree	3.31	311
spekulationen	3.31	311
zurückgehalten	3.31	311
vorbeifahren	3.31	311
cara	3.31	311
vorstellbar	3.31	311
vorstellt	3.31	311
mürrisch	3.31	310
usb-stick	3.31	310
nachlassen	3.31	310
topper	3.31	310
kreuzworträtsel	3.31	310
fritten	3.31	310
cold	3.31	310
absperrung	3.31	310
masters	3.31	310
adrien	3.31	310
betrüge	3.31	310
redensart	3.31	310
abhält	3.31	310
schwellung	3.31	310
isak	3.31	310
erneuert	3.31	310
salbe	3.31	310
rates	3.31	310
nullen	3.31	310
schuldete	3.31	310
beschattet	3.31	310
pferderennen	3.31	310
übertreibe	3.31	310
indische	3.31	310
kämst	3.31	310
rauszukriegen	3.31	310
fine	3.31	310
umgesehen	3.31	310
abhaut	3.31	310
hundes	3.31	310
shay-zee	3.31	310
vermittler	3.31	310
gewandt	3.31	310
offline	3.31	309
versaust	3.31	309
auffassung	3.31	309
hosentasche	3.31	309
lazarus	3.31	309
brigade	3.31	309
zuschauern	3.31	309
ausführung	3.31	309
mob	3.31	309
mystische	3.31	309
illegaler	3.31	309
überzeugungen	3.31	309
maden	3.31	309
leuchte	3.31	309
beschlagnahmen	3.31	309
bewilligt	3.31	309
uh-huh	3.31	309
ashton	3.31	309
macho	3.31	309
gliedmaßen	3.31	309
mysterium	3.31	309
bluttest	3.31	309
heimfahren	3.31	309
infizieren	3.31	309
lehrern	3.31	309
baseballschläger	3.31	309
aufgibst	3.31	309
füll	3.31	309
bentley	3.31	309
conny	3.31	309
fließend	3.31	309
co	3.31	309
dornröschen	3.31	309
gescannt	3.31	309
sonya	3.31	309
geäußert	3.31	309
doofe	3.31	309
optimismus	3.31	309
regan	3.31	309
ochsen	3.31	309
marlboro	3.31	308
unterschreibst	3.31	308
ländereien	3.31	308
brustkorb	3.31	308
bayern	3.31	308
volt	3.31	308
buchstabe	3.31	308
nichols	3.31	308
michele	3.31	308
capone	3.31	308
ausschnitt	3.31	308
ukraine	3.31	308
anfertigen	3.31	308
seelenklempner	3.31	308
ausdrucksweise	3.31	308
monkey	3.31	308
arznei	3.31	308
omelett	3.31	308
atlas	3.31	308
maxine	3.31	308
geschlossene	3.31	308
abkühlen	3.31	308
food	3.31	308
arne	3.31	308
mayonnaise	3.31	308
überträgt	3.31	308
zeugt	3.31	308
einwilligung	3.31	308
entlarvt	3.31	308
gebühren	3.31	308
dinah	3.31	308
seufzer	3.31	308
lösche	3.31	308
unzucht	3.31	308
geschätzte	3.31	308
manolo	3.31	308
aufgebraucht	3.31	308
baracken	3.31	308
celeste	3.31	308
umgefallen	3.31	307
rennfahrer	3.31	307
gerichtsbeschluss	3.31	307
eingelegt	3.31	307
verehrten	3.31	307
einwanderungsbehörde	3.31	307
rudolph	3.31	307
fernglas	3.31	307
venezuela	3.31	307
verschuldet	3.31	307
klaue	3.31	307
roth	3.31	307
stoffe	3.31	307
pocken	3.31	307
mam	3.31	307
investitionen	3.31	307
unendlichen	3.31	307
shogun	3.31	307
style	3.31	307
belfast	3.31	307
abergläubisch	3.31	307
hühnern	3.31	307
umkommen	3.31	307
kommandos	3.31	307
trance	3.31	307
lebensweise	3.31	307
zwingst	3.31	307
ehrfurcht	3.31	307
timer	3.31	307
velma	3.31	307
freiheiten	3.31	307
hinterhältig	3.31	307
konzerte	3.31	307
ungültig	3.31	307
verklingt	3.31	307
gestopft	3.31	307
riet	3.31	307
verbeugen	3.31	307
hilda	3.31	307
erheblich	3.31	307
vergess	3.31	307
verarsche	3.31	307
inge	3.31	307
rosinen	3.31	307
chirurgin	3.31	307
better	3.31	307
giftige	3.30	306
blaine	3.30	306
ramsey	3.30	306
reagiere	3.30	306
rasmus	3.30	306
solis	3.30	306
rassist	3.30	306
erfinde	3.30	306
auszuschließen	3.30	306
katrin	3.30	306
schlitz	3.30	306
chucky	3.30	306
comeback	3.30	306
liess	3.30	306
glorreichen	3.30	306
formuliert	3.30	306
danvers	3.30	306
genesen	3.30	306
dunbar	3.30	306
derzeitigen	3.30	306
losgeschickt	3.30	306
menschenverstand	3.30	306
ui	3.30	306
klares	3.30	306
toleranz	3.30	306
vielerlei	3.30	306
fachmann	3.30	306
hap	3.30	306
bettchen	3.30	306
teilgenommen	3.30	306
härte	3.30	306
zurückgewinnen	3.30	306
did	3.30	306
gepflanzt	3.30	305
bacon	3.30	305
hintere	3.30	305
sterbliche	3.30	305
traktorstrahl	3.30	305
schäbig	3.30	305
ciro	3.30	305
gruselige	3.30	305
estelle	3.30	305
morgigen	3.30	305
turbulenzen	3.30	305
hunderter	3.30	305
champions	3.30	305
kontaktlinsen	3.30	305
milady	3.30	305
legionen	3.30	305
waltons	3.30	305
collier	3.30	305
aussichtslos	3.30	305
register	3.30	305
bohne	3.30	305
kjeld	3.30	305
ebenbürtig	3.30	305
geehrter	3.30	305
verpflegung	3.30	305
rotschopf	3.30	305
zusieht	3.30	305
herausstellte	3.30	305
klarzukommen	3.30	305
venen	3.30	305
zickig	3.30	305
whitman	3.30	305
bertram	3.30	305
booten	3.30	305
flugzeugabsturz	3.30	305
spalte	3.30	305
erkannten	3.30	305
überweisung	3.30	305
flexibel	3.30	305
kovac	3.30	304
witwer	3.30	304
haltestelle	3.30	304
bauunternehmer	3.30	304
zaren	3.30	304
diktator	3.30	304
gutzumachen	3.30	304
losging	3.30	304
fingernägeln	3.30	304
rutschte	3.30	304
veilchen	3.30	304
baze	3.30	304
sparks	3.30	304
braddock	3.30	304
steigert	3.30	304
vernehmung	3.30	304
porthos	3.30	304
mäntel	3.30	304
grausamer	3.30	304
aufwärts	3.30	304
gezündet	3.30	304
hypnotisiert	3.30	304
entscheidenden	3.30	304
steil	3.30	304
rassen	3.30	304
bowl	3.30	304
lightning	3.30	304
landesweit	3.30	304
plakate	3.30	304
karo	3.30	304
närrin	3.30	304
umfang	3.30	304
slogan	3.30	304
sportsfreund	3.30	304
feldmarschall	3.30	304
moose	3.30	304
vollgas	3.30	304
vertrauliche	3.30	304
zahnfee	3.30	304
goldenes	3.30	303
badehose	3.30	303
gao	3.30	303
jumper	3.30	303
scheitert	3.30	303
storys	3.30	303
servietten	3.30	303
warnt	3.30	303
geysir	3.30	303
großzuziehen	3.30	303
vorgelegt	3.30	303
darlene	3.30	303
plantage	3.30	303
diplomatische	3.30	303
0k	3.30	303
arms	3.30	303
besaufen	3.30	303
aufkleber	3.30	303
plagen	3.30	303
unfalls	3.30	303
angeguckt	3.30	303
verurteilten	3.30	303
auszuhalten	3.30	303
austrinken	3.30	303
kontext	3.30	303
versuchskaninchen	3.30	303
days	3.30	303
vinci	3.30	303
stürme	3.30	303
zweifelt	3.30	303
flugticket	3.30	303
herausgeber	3.30	303
vorträge	3.30	303
einzelkind	3.30	303
liebevolle	3.30	303
klär	3.30	303
gehetzt	3.30	303
raubtier	3.30	303
flohmarkt	3.30	303
nam	3.30	303
bauchgefühl	3.30	303
kompromittiert	3.30	303
kokosnuss	3.30	303
todesfall	3.30	303
wilkins	3.30	303
paradise	3.30	303
bürste	3.30	303
b.a.	3.30	303
zerlegen	3.30	303
rasten	3.30	302
sexleben	3.30	302
taco	3.30	302
dieben	3.30	302
unnötige	3.30	302
ärgere	3.30	302
verzug	3.30	302
afrikanische	3.30	302
punsch	3.30	302
lebenszeit	3.30	302
junggesellen	3.30	302
indischen	3.30	302
dröhnen	3.30	302
philippinen	3.30	302
lutscher	3.30	302
flugbahn	3.30	302
rica	3.30	302
vorbeibringen	3.30	302
binford	3.30	302
freizeichen	3.30	302
livia	3.30	302
wartezimmer	3.30	302
brote	3.30	302
zurückgegangen	3.30	302
tolerieren	3.30	302
professionellen	3.30	302
momo	3.30	302
fälschungen	3.30	302
schriftliche	3.30	302
rippe	3.30	302
hinschicken	3.30	302
schwimmer	3.30	302
holger	3.30	302
things	3.30	302
kritisiert	3.30	302
festsitzen	3.30	302
dynastie	3.30	301
geliebtes	3.30	301
leibe	3.30	301
kylie	3.30	301
taufen	3.30	301
anstieg	3.30	301
abgeworfen	3.30	301
wanderte	3.30	301
bereitete	3.30	301
grauer	3.30	301
enrique	3.30	301
neuseeland	3.30	301
platze	3.30	301
cami	3.30	301
narkose	3.30	301
zielobjekt	3.30	301
trieben	3.30	301
zurückhaltung	3.30	301
kollabiert	3.30	301
organisationen	3.30	301
führenden	3.30	301
untätig	3.30	301
hagen	3.30	301
tägliche	3.30	301
shan	3.30	301
ronny	3.30	301
geschnallt	3.30	301
lava	3.30	301
amigos	3.30	301
passendes	3.30	301
verging	3.30	301
hej	3.30	301
getue	3.30	301
möglicher	3.30	301
rutsche	3.30	301
wilderer	3.30	301
sergio	3.30	301
mappe	3.30	301
bekämen	3.30	301
redner	3.30	301
betreffend	3.30	301
fieser	3.30	301
scooby	3.30	301
pisst	3.30	301
problematisch	3.30	301
entwendet	3.30	301
wortwahl	3.30	301
athos	3.30	301
verstaucht	3.30	301
reginald	3.30	301
thank	3.30	300
hardman	3.30	300
vertan	3.30	300
miaut	3.30	300
videospiel	3.30	300
anschaffen	3.30	300
pointe	3.30	300
firewall	3.30	300
geschwommen	3.30	300
wassers	3.30	300
vernehmen	3.30	300
beschließen	3.30	300
branch	3.30	300
schiller	3.30	300
abriegeln	3.30	300
vernünftiges	3.30	300
kowalski	3.30	300
knappe	3.30	300
austricksen	3.30	300
zugetraut	3.30	300
artus	3.30	300
durchtrennt	3.30	300
moslem	3.30	300
abgebogen	3.30	300
lieblingsfarbe	3.30	300
visuelle	3.30	300
harding	3.30	300
gewährleisten	3.30	300
überraschte	3.30	300
beschwere	3.30	300
orientierung	3.30	300
erträumt	3.30	300
günther	3.30	300
arrangement	3.30	300
brownies	3.30	300
ceo	3.30	300
ergebt	3.30	300
betest	3.30	300
lümmel	3.30	300
biologisch	3.30	300
ducken	3.30	300
hebst	3.30	300
rassismus	3.29	299
verleumdung	3.29	299
vergaßen	3.29	299
mini	3.29	299
stacheldraht	3.29	299
dubai	3.29	299
widerlicher	3.29	299
jethro	3.29	299
milly	3.29	299
luftraum	3.29	299
aufheitern	3.29	299
hochstetter	3.29	299
schlechtem	3.29	299
verwanzt	3.29	299
lockwood	3.29	299
eingerostet	3.29	299
thad	3.29	299
besuchten	3.29	299
eingecheckt	3.29	299
syndikat	3.29	299
asse	3.29	299
california	3.29	299
bieg	3.29	299
erhängen	3.29	299
spider-man	3.29	299
trinity	3.29	299
plötzlichen	3.29	299
weiden	3.29	299
asiaten	3.29	299
feuerkraft	3.29	299
francois	3.29	299
rivera	3.29	299
crown	3.29	299
livie	3.29	299
schreiten	3.29	299
beachtung	3.29	299
aufzuheben	3.29	299
schlückchen	3.29	299
munde	3.29	298
athena	3.29	298
abgeliefert	3.29	298
individuen	3.29	298
steinbruch	3.29	298
ausgehe	3.29	298
planten	3.29	298
aufregt	3.29	298
meisterin	3.29	298
kult	3.29	298
brächte	3.29	298
rentner	3.29	298
familienmitglieder	3.29	298
erstklassig	3.29	298
dabeihaben	3.29	298
speisesaal	3.29	298
jacken	3.29	298
bloße	3.29	298
schinden	3.29	298
bedrängt	3.29	298
ahm	3.29	298
schmuckstück	3.29	298
meineid	3.29	298
übergab	3.29	298
verdammnis	3.29	298
berichtete	3.29	298
bogenschützen	3.29	298
eingekauft	3.29	298
brosche	3.29	298
vertagt	3.29	298
kwan	3.29	298
verdienten	3.29	298
zurückzugehen	3.29	298
jawoll	3.29	298
stinkende	3.29	298
grübeln	3.29	298
genialen	3.29	298
vergrößert	3.29	298
gesetzlich	3.29	298
katy	3.29	298
umleiten	3.29	298
anziehend	3.29	297
abstatten	3.29	297
gewächshaus	3.29	297
unwürdig	3.29	297
mechanismus	3.29	297
unzuverlässig	3.29	297
monde	3.29	297
tip	3.29	297
pausenlos	3.29	297
tan	3.29	297
whiteywhiteman	3.29	297
kehrten	3.29	297
abgetrennt	3.29	297
schlimmster	3.29	297
normalität	3.29	297
großzügige	3.29	297
transplantation	3.29	297
auszudenken	3.29	297
etc.	3.29	297
genialer	3.29	297
orgie	3.29	297
bruchteil	3.29	297
entzückende	3.29	297
cinderella	3.29	297
schwingungen	3.29	297
komfort	3.29	297
fantastischer	3.29	297
gone	3.29	297
tj	3.29	297
caprica	3.29	297
verbrechern	3.29	297
tagebücher	3.29	296
healy	3.29	296
bambi	3.29	296
gigi	3.29	296
mager	3.29	296
stopf	3.29	296
malaria	3.29	296
allerletzte	3.29	296
ader	3.29	296
verwischt	3.29	296
schleudern	3.29	296
tahiti	3.29	296
verschleiern	3.29	296
hop	3.29	296
skrupellos	3.29	296
rausschaffen	3.29	296
angebissen	3.29	296
domino	3.29	296
arsenal	3.29	296
unerreichbar	3.29	296
hocker	3.29	296
zeitbombe	3.29	296
raumschiffe	3.29	296
niedrigen	3.29	296
damentoilette	3.29	296
purer	3.29	295
anhaltspunkt	3.29	295
gun	3.29	295
witwen	3.29	295
gesoffen	3.29	295
derweil	3.29	295
zeitvertreib	3.29	295
meditation	3.29	295
blassen	3.29	295
kur	3.29	295
prophezeiungen	3.29	295
gemeinsamer	3.29	295
thelma	3.29	295
heuhaufen	3.29	295
broschüre	3.29	295
eingewickelt	3.29	295
verlies	3.29	295
kühen	3.29	295
gerhard	3.29	295
seltenes	3.29	295
geiles	3.29	295
ungewöhnlicher	3.29	295
exakte	3.29	295
cracker	3.29	295
bürokratie	3.29	295
windsor	3.29	295
registrieren	3.29	295
knüller	3.29	295
pj	3.29	295
kartenspiel	3.29	295
joaquin	3.29	295
lil	3.29	295
halunken	3.29	294
gesehene	3.29	294
zeugenaussage	3.29	294
erregung	3.29	294
schubladen	3.29	294
abgesichert	3.29	294
holländer	3.29	294
substanzen	3.29	294
tori	3.29	294
monarchie	3.29	294
zweifelst	3.29	294
angefertigt	3.29	294
wills	3.29	294
brautjungfer	3.29	294
verpflichten	3.29	294
ku	3.29	294
auszeichnungen	3.29	294
portugiesisch	3.29	294
leerer	3.29	294
ankämpfen	3.29	294
anstellung	3.29	294
plasma	3.29	294
davenport	3.29	294
geendet	3.29	294
newark	3.29	294
anfällig	3.29	294
subtil	3.29	294
marley	3.29	294
abitur	3.29	294
crash	3.29	294
turnschuhe	3.29	294
bedrohungen	3.29	294
kinos	3.29	294
auslöst	3.29	294
octavia	3.29	294
hierherkommen	3.29	294
annas	3.29	294
schminke	3.29	294
schreckt	3.29	294
gymnasium	3.29	294
smitty	3.29	294
pos	3.29	294
schildkröten	3.29	294
einstimmig	3.29	294
gegrillt	3.29	294
halbzeit	3.29	294
kathedrale	3.29	294
stürmt	3.29	294
niedrige	3.29	294
schwedische	3.29	294
delfine	3.29	294
ballast	3.29	293
anziehungskraft	3.29	293
schwede	3.29	293
ursachen	3.29	293
würfeln	3.29	293
klingelte	3.29	293
rudolf	3.29	293
landkarte	3.29	293
chantal	3.29	293
ernenne	3.29	293
schriftstellerin	3.29	293
gianni	3.29	293
unvorbereitet	3.29	293
schwimme	3.29	293
widme	3.29	293
steuermann	3.29	293
blade	3.29	293
ignorierst	3.29	293
ip	3.29	293
alligator	3.29	293
english	3.29	293
wenns	3.29	293
dialekt	3.29	293
weggeht	3.29	293
mysteriös	3.29	293
heulst	3.29	293
lip	3.29	293
weglassen	3.29	293
erbärmlichen	3.29	293
sofie	3.29	293
bertie	3.29	293
zappeln	3.29	293
postkarten	3.29	293
frack	3.29	293
aufpasser	3.29	293
hinterfragen	3.29	293
tätowiert	3.29	293
abteilungen	3.29	293
spekulieren	3.29	293
interpretation	3.29	293
geprobt	3.28	292
zerfallen	3.28	292
angelangt	3.28	292
flattern	3.28	292
umfasst	3.28	292
office	3.28	292
hermes	3.28	292
schlips	3.28	292
glühbirne	3.28	292
übles	3.28	292
meteoriten	3.28	292
bernstein	3.28	292
hektor	3.28	292
kristina	3.28	292
unsicherheit	3.28	292
müdigkeit	3.28	292
berges	3.28	292
herumsitzen	3.28	292
nicht-	3.28	292
verstrickt	3.28	292
daleks	3.28	292
allmächtige	3.28	292
lotus	3.28	292
iii.	3.28	292
cornflakes	3.28	292
lounge	3.28	292
düsseldorf	3.28	292
betont	3.28	292
bewertung	3.28	292
melody	3.28	292
faschisten	3.28	292
grips	3.28	292
abbey	3.28	292
hirte	3.28	292
monaco	3.28	292
falschgeld	3.28	292
verzweifeln	3.28	292
uss	3.28	292
erkrankung	3.28	292
bediene	3.28	292
auftauchst	3.28	292
applaudieren	3.28	292
geiger	3.28	291
mme.	3.28	291
belauscht	3.28	291
nik	3.28	291
geneigt	3.28	291
drogenfahndung	3.28	291
exorzismus	3.28	291
umgeleitet	3.28	291
paulo	3.28	291
schleichst	3.28	291
lagebericht	3.28	291
überfüllt	3.28	291
dent	3.28	291
dacht	3.28	291
gewähre	3.28	291
unnatürlich	3.28	291
türme	3.28	291
rost	3.28	291
murph	3.28	291
suchtrupp	3.28	291
geschnitzt	3.28	291
lt	3.28	291
troi	3.28	291
spioniert	3.28	291
brutalität	3.28	291
airlines	3.28	291
fänden	3.28	291
warteliste	3.28	291
sichergestellt	3.28	291
fördert	3.28	291
sagenhaft	3.28	291
begnadigt	3.28	291
sparky	3.28	291
heimgesucht	3.28	290
bescheißen	3.28	290
ausdrücke	3.28	290
pensioniert	3.28	290
aufzuziehen	3.28	290
feuerte	3.28	290
asterix	3.28	290
bells	3.28	290
elektronik	3.28	290
norfolk	3.28	290
paloma	3.28	290
fehlten	3.28	290
aufhörte	3.28	290
herzubringen	3.28	290
lebensgeschichte	3.28	290
ow	3.28	290
funkstille	3.28	290
popo	3.28	290
revolutionär	3.28	290
lebender	3.28	290
verwehrt	3.28	290
journalismus	3.28	290
melken	3.28	290
haarfarbe	3.28	290
kidnapper	3.28	290
siebzehn	3.28	290
zusammenbricht	3.28	290
ziegel	3.28	290
put	3.28	290
zimt	3.28	290
anmeldung	3.28	290
statuieren	3.28	289
konnt	3.28	289
fantastisches	3.28	289
moslems	3.28	289
kritiken	3.28	289
pryce	3.28	289
lektionen	3.28	289
handumdrehen	3.28	289
begegneten	3.28	289
einfallsreich	3.28	289
laufende	3.28	289
fay	3.28	289
kapitalismus	3.28	289
verschlingt	3.28	289
sacramento	3.28	289
ju	3.28	289
präzision	3.28	289
geborgt	3.28	289
reizendes	3.28	289
einheimische	3.28	289
toilettenpapier	3.28	289
klotz	3.28	289
obi-wan	3.28	289
sardinen	3.28	289
meadow	3.28	289
siobhan	3.28	289
academy	3.28	289
zerstreut	3.28	289
wegkommst	3.28	289
weggeben	3.28	289
kranz	3.28	289
jewel	3.28	289
doo	3.28	289
abzuhängen	3.28	289
spider	3.28	289
poetisch	3.28	289
hemmungen	3.28	289
paulette	3.28	289
allergien	3.28	289
tränengas	3.28	289
winn	3.28	289
hattie	3.28	289
koordinieren	3.28	289
eingemischt	3.28	289
religionen	3.28	289
umfragen	3.28	289
spiegeln	3.28	289
oberhand	3.28	289
crow	3.28	288
strengt	3.28	288
dunkelsten	3.28	288
matilda	3.28	288
vermöbelt	3.28	288
überstürzt	3.28	288
gestrandet	3.28	288
reinigt	3.28	288
herbie	3.28	288
zhao	3.28	288
beklemmende	3.28	288
davongelaufen	3.28	288
kupplung	3.28	288
ketzer	3.28	288
schnäppchen	3.28	288
sherwood	3.28	288
mix	3.28	288
odessa	3.28	288
intensiver	3.28	288
distrikt	3.28	288
strandhaus	3.28	288
verschreiben	3.28	288
trixie	3.28	288
verse	3.28	288
vorgibt	3.28	288
heißeste	3.28	288
judd	3.28	288
priya	3.28	288
balboa	3.28	288
benno	3.28	288
mutterschiff	3.28	288
pöbel	3.28	288
oberarzt	3.28	288
ebay	3.28	288
brummen	3.28	288
geschlichen	3.28	288
rau	3.28	288
strang	3.28	288
windschutzscheibe	3.28	288
extremen	3.28	288
niemandes	3.28	288
trocknet	3.28	288
pelle	3.28	288
mariana	3.28	288
scarecrow	3.28	288
vinny	3.28	288
primitive	3.28	288
verbünden	3.28	288
harrys	3.28	288
rasiermesser	3.28	288
hasch	3.28	288
kiera	3.28	288
dreckskerle	3.28	287
faxen	3.28	287
klonen	3.28	287
volljährig	3.28	287
wohltäter	3.28	287
verpackung	3.28	287
harmony	3.28	287
globalen	3.28	287
ange	3.28	287
templeton	3.28	287
bimbam	3.28	287
voraussetzungen	3.28	287
verfluchen	3.28	287
natürliches	3.28	287
selbstlos	3.28	287
puder	3.28	287
pierrot	3.28	287
totales	3.28	287
kündigt	3.28	287
bosheit	3.28	287
herpes	3.28	287
bretter	3.28	287
sprech	3.28	287
brüche	3.28	287
aas	3.28	287
olympischen	3.28	287
vergibst	3.28	287
gutschein	3.28	287
sommerferien	3.28	287
jameson	3.28	287
verehrung	3.28	287
marlo	3.28	287
erwünscht	3.28	287
aktive	3.28	287
ryans	3.28	287
etienne	3.28	287
shay	3.28	287
wan	3.28	287
engagierte	3.28	287
uff	3.28	287
jasmin	3.28	287
alexandria	3.28	287
psychologischen	3.28	287
taft	3.28	287
vorahnung	3.28	287
kometen	3.28	287
angekettet	3.28	286
scottie	3.28	286
schikanieren	3.28	286
cecilia	3.28	286
auffüllen	3.28	286
bike	3.28	286
behandlungen	3.28	286
bean	3.28	286
blinddarm	3.28	286
spießer	3.28	286
verschiedener	3.28	286
whistler	3.28	286
seekrank	3.28	286
prozesses	3.28	286
vern	3.28	286
kasper	3.28	286
phasen	3.28	286
ungemein	3.28	286
berauben	3.28	286
jolly	3.28	286
vorsätzlich	3.28	286
zak	3.28	286
verzögert	3.28	286
geschäfts	3.28	286
ordner	3.28	286
unmenschlich	3.28	286
söhnchen	3.28	286
inquisition	3.28	286
erlegen	3.28	286
rübergehen	3.28	286
hermine	3.28	286
erschafft	3.28	286
dealen	3.28	286
eiffelturm	3.28	286
trophäen	3.28	286
baptiste	3.28	286
society	3.28	286
kriegsführung	3.28	286
than	3.28	286
entführungen	3.27	285
tunte	3.27	285
fbi-agent	3.27	285
forest	3.27	285
durchschnittlich	3.27	285
schauten	3.27	285
vergleiche	3.27	285
geschmiedet	3.27	285
superintendent	3.27	285
mace	3.27	285
mean	3.27	285
verteidigungsminister	3.27	285
anzutreten	3.27	285
belästige	3.27	285
beunruhigende	3.27	285
fight	3.27	285
label	3.27	285
änderten	3.27	285
cher	3.27	285
fünfter	3.27	285
berührst	3.27	285
knacker	3.27	285
derwisch	3.27	285
gedulden	3.27	285
favor	3.27	285
zusammenbringen	3.27	285
eiswürfel	3.27	285
umstellen	3.27	285
arbeitsplätze	3.27	285
entnommen	3.27	285
charlottesville	3.27	285
sands	3.27	285
anomalien	3.27	285
hundegebell	3.27	285
kusine	3.27	285
stackhouse	3.27	285
blähungen	3.27	285
hinters	3.27	285
aushandeln	3.27	285
prise	3.27	285
säße	3.27	285
partners	3.27	285
erbrechen	3.27	285
ventilator	3.27	285
eingestuft	3.27	285
mikael	3.27	285
fr	3.27	285
sinnlose	3.27	285
aufzuregen	3.27	285
gigantische	3.27	285
historiker	3.27	285
verspotten	3.27	285
verriegeln	3.27	284
tonnenweise	3.27	284
durchkommt	3.27	284
angezapft	3.27	284
lausiger	3.27	284
filmemacher	3.27	284
erleuchtet	3.27	284
kombi	3.27	284
gelagert	3.27	284
gescheit	3.27	284
yancy	3.27	284
marshals	3.27	284
cobra	3.27	284
zäune	3.27	284
judah	3.27	284
feiger	3.27	284
geblutet	3.27	284
verrottet	3.27	284
wünschten	3.27	284
linc	3.27	284
bitteren	3.27	284
wicht	3.27	284
hereingelegt	3.27	284
eingeschüchtert	3.27	284
kampfkunst	3.27	284
nicki	3.27	284
kappen	3.27	284
zusammentun	3.27	284
krokodile	3.27	284
ta	3.27	284
traumatisiert	3.27	284
mythologie	3.27	284
pauls	3.27	284
schützling	3.27	284
bel	3.27	284
luise	3.27	284
umstand	3.27	284
hades	3.27	284
carmela	3.27	284
palästina	3.27	284
zäher	3.27	284
uralt	3.27	284
geschmolzen	3.27	284
pride	3.27	284
erlegt	3.27	284
hundertmal	3.27	283
spinat	3.27	283
tucson	3.27	283
kost	3.27	283
müßte	3.27	283
pinocchio	3.27	283
wyoming	3.27	283
kanu	3.27	283
vätern	3.27	283
vorderseite	3.27	283
rumänien	3.27	283
horse	3.27	283
kirchenglocken	3.27	283
left	3.27	283
kunstwerke	3.27	283
ritchie	3.27	283
strudel	3.27	283
fünfer	3.27	283
irrte	3.27	283
vorsehung	3.27	283
beil	3.27	283
versessen	3.27	283
antonia	3.27	283
festnageln	3.27	283
botschafterin	3.27	283
branson	3.27	283
realisieren	3.27	283
originale	3.27	283
zusammenstellen	3.27	283
experimenten	3.27	283
kleinlich	3.27	283
erlebnisse	3.27	283
gaines	3.27	283
erbitten	3.27	283
abteilungsleiter	3.27	283
folglich	3.27	283
ergeht	3.27	283
hegt	3.27	283
tiefpunkt	3.27	283
verdecken	3.27	283
klargemacht	3.27	282
wohlhabend	3.27	282
nachttisch	3.27	282
maultier	3.27	282
schimpft	3.27	282
minderjährige	3.27	282
bescheidene	3.27	282
ängsten	3.27	282
adriana	3.27	282
geburtstagsfeier	3.27	282
obgleich	3.27	282
giraffe	3.27	282
atmest	3.27	282
einzulassen	3.27	282
fegen	3.27	282
schmutziger	3.27	282
kollektiv	3.27	282
ordentlichen	3.27	282
entschlüsselt	3.27	282
fauchen	3.27	282
sank	3.27	282
erfroren	3.27	282
bunt	3.27	282
russisches	3.27	282
kräht	3.27	282
lodge	3.27	282
nachtragend	3.27	282
rekonstruieren	3.27	282
zuschlägt	3.27	282
uralten	3.27	282
nada	3.27	282
geplaudert	3.27	282
vollzogen	3.27	282
aufzustellen	3.27	282
futtern	3.27	282
milwaukee	3.27	282
sichersten	3.27	282
schmiss	3.27	282
abgeladen	3.27	282
antarktis	3.27	282
strenger	3.27	282
blutbild	3.27	282
beschimpfen	3.27	282
zungen	3.27	282
wetterbericht	3.27	282
antoinette	3.27	282
schwangeren	3.27	282
dreieinhalb	3.27	282
klagt	3.27	282
larson	3.27	282
berry	3.27	282
verzehrt	3.27	282
unfähigkeit	3.27	282
vertrage	3.27	282
boo	3.27	282
fachgebiet	3.27	282
bertha	3.27	281
verurteilte	3.27	281
lorbeeren	3.27	281
nasenbluten	3.27	281
ansatzweise	3.27	281
chinesischer	3.27	281
herablassend	3.27	281
henning	3.27	281
wütenden	3.27	281
moos	3.27	281
blickte	3.27	281
uninteressant	3.27	281
reizender	3.27	281
fawlty	3.27	281
gesellen	3.27	281
hierzu	3.27	281
göring	3.27	281
carole	3.27	281
verblasst	3.27	281
gesünder	3.27	281
annabeth	3.27	281
sinatra	3.27	281
hyde	3.27	281
annalise	3.27	281
teilchen	3.27	281
fallon	3.27	281
exotische	3.27	281
hulk	3.27	281
kieran	3.27	281
chile	3.27	281
paarmal	3.27	281
funkkontakt	3.27	281
automobil	3.27	281
hipp	3.27	281
langweilst	3.27	281
marek	3.27	281
maude	3.27	281
hauptfach	3.27	281
eu	3.27	281
orgel	3.27	281
hiergeblieben	3.27	281
korrekte	3.27	281
björn	3.27	281
ersatzteile	3.27	281
fasern	3.27	281
vitamin	3.27	281
quittungen	3.27	281
ives	3.27	281
einhundert	3.27	281
brühe	3.27	281
kreiert	3.27	281
schutzhaft	3.27	281
kauz	3.27	281
stinktier	3.27	281
sark	3.27	281
geschlachtet	3.27	281
sunset	3.27	281
erfahrener	3.27	281
diskette	3.27	281
hingeschickt	3.27	281
auszusteigen	3.27	281
dus	3.27	280
hadar	3.27	280
concierge	3.27	280
weglegen	3.27	280
gäb	3.27	280
gepflückt	3.27	280
donnerstags	3.27	280
neutralisiert	3.27	280
vikaay	3.27	280
tatenlos	3.27	280
hochheben	3.27	280
lancelot	3.27	280
hetzt	3.27	280
königinnen	3.27	280
überbewertet	3.27	280
unterfangen	3.27	280
60ern	3.27	280
außergewöhnlicher	3.27	280
erteile	3.27	280
kiffen	3.27	280
gießt	3.27	280
gefolge	3.27	280
standhaft	3.27	280
aufgeschnitten	3.27	280
ddr	3.27	280
flaschengeist	3.27	280
familientreffen	3.27	280
motorhaube	3.27	280
bolton	3.27	280
waters	3.27	280
papstes	3.27	280
anbauen	3.27	280
care	3.27	280
versau	3.27	280
abgeschoben	3.27	280
durchgesehen	3.27	280
cdc	3.27	280
dickens	3.27	280
grollen	3.27	280
linden	3.27	280
käuflich	3.27	280
schärfer	3.27	280
heaven	3.27	280
töpfe	3.27	280
zyklus	3.26	279
flirtet	3.26	279
callen	3.26	279
kelso	3.26	279
witziger	3.26	279
voreingenommen	3.26	279
zugeht	3.26	279
intrigen	3.26	279
muschel	3.26	279
ziellinie	3.26	279
davy	3.26	279
kränken	3.26	279
reinzulegen	3.26	279
hälften	3.26	279
schütten	3.26	279
zwischendurch	3.26	279
shaun	3.26	279
triade	3.26	279
knöpfen	3.26	279
losgefahren	3.26	279
müsstet	3.26	279
hufe	3.26	279
jahrbuch	3.26	279
gackern	3.26	279
effizienz	3.26	279
blutsauger	3.26	279
salvador	3.26	279
bundesstaat	3.26	279
rambo	3.26	279
abdul	3.26	279
willa	3.26	279
befestigen	3.26	279
panda	3.26	279
aufgefressen	3.26	279
zuallererst	3.26	279
weicheier	3.26	279
bash	3.26	279
spanner	3.26	279
forever	3.26	279
bewohnt	3.26	279
mitmacht	3.26	279
testet	3.26	278
abneigung	3.26	278
zisch	3.26	278
tragödien	3.26	278
hüpft	3.26	278
emilys	3.26	278
zufluchtsort	3.26	278
kriegsschiff	3.26	278
vorlage	3.26	278
eingeteilt	3.26	278
versohlt	3.26	278
farrell	3.26	278
rational	3.26	278
nervenkitzel	3.26	278
duzen	3.26	278
zugehen	3.26	278
oho	3.26	278
wappen	3.26	278
ausgebrannt	3.26	278
straßenbahn	3.26	278
geschuftet	3.26	278
pfirsich	3.26	278
prahlen	3.26	278
nordkorea	3.26	278
beschädigen	3.26	278
ladungen	3.26	278
renard	3.26	278
fechten	3.26	278
mari	3.26	278
unbrauchbar	3.26	278
losziehen	3.26	278
wandelt	3.26	278
bemitleiden	3.26	278
lok	3.26	278
endest	3.26	278
bullock	3.26	278
fortgeschritten	3.26	278
trauzeugen	3.26	278
vollständigen	3.26	278
fortgesetzt	3.26	278
wahrgenommen	3.26	278
radikale	3.26	278
afrikanischen	3.26	278
busfahrer	3.26	278
kubaner	3.26	278
lagerhalle	3.26	278
verfickt	3.26	278
devil	3.26	278
kris	3.26	278
gisela	3.26	277
ausführlich	3.26	277
bertrand	3.26	277
strikt	3.26	277
assistenzarzt	3.26	277
möwen	3.26	277
cornelius	3.26	277
sparsam	3.26	277
lkws	3.26	277
cesar	3.26	277
wasserhahn	3.26	277
totlachen	3.26	277
mittwochs	3.26	277
gedeihen	3.26	277
nähren	3.26	277
absätze	3.26	277
nützliche	3.26	277
luftangriff	3.26	277
türkischen	3.26	277
anatomie	3.26	277
zugunsten	3.26	277
carmichael	3.26	277
genaugenommen	3.26	277
filmmaterial	3.26	277
fronten	3.26	277
direktors	3.26	277
word	3.26	277
schlächter	3.26	277
petty	3.26	277
huggy	3.26	277
oberkörper	3.26	277
wasserdicht	3.26	277
erpresser	3.26	277
ambrose	3.26	277
hohl	3.26	277
verlangsamt	3.26	277
vorbeizukommen	3.26	277
zeitfenster	3.26	277
haupteingang	3.26	277
holzfäller	3.26	277
anonymer	3.26	277
abgedeckt	3.26	277
clevere	3.26	277
uran	3.26	277
klammer	3.26	277
hockt	3.26	277
idealen	3.26	277
chun	3.26	277
pin	3.26	277
vordringt	3.26	276
stunt	3.26	276
unsterblichen	3.26	276
butters	3.26	276
schrubben	3.26	276
identifikation	3.26	276
weiterspielen	3.26	276
unwetter	3.26	276
sarahs	3.26	276
tänzerinnen	3.26	276
tibet	3.26	276
achtzehn	3.26	276
eignet	3.26	276
stabschef	3.26	276
fabian	3.26	276
swimmingpool	3.26	276
fürstin	3.26	276
überzeuge	3.26	276
regnete	3.26	276
ausgeräumt	3.26	276
infusion	3.26	276
schaufenster	3.26	276
feindseligkeit	3.26	276
aufrufen	3.26	276
gewalttätige	3.26	276
schimpansen	3.26	276
email	3.26	276
verrichten	3.26	276
weilt	3.26	276
science	3.26	276
schritten	3.26	276
bedingt	3.26	276
veraltet	3.26	276
brauner	3.26	276
unterziehen	3.26	276
capitol	3.26	276
garak	3.26	276
furchterregend	3.26	276
ließt	3.26	276
tk	3.26	276
wolfram	3.26	276
eindeutige	3.26	276
einbrüche	3.26	276
gorillas	3.26	276
fields	3.26	276
entzünden	3.26	276
braunes	3.26	276
albuquerque	3.26	276
entkommst	3.26	276
kläger	3.26	276
rühre	3.26	276
ethik	3.26	276
vorsatz	3.26	276
kultiviert	3.26	276
penn	3.26	276
schafen	3.26	276
psychiatrischen	3.26	276
fly	3.26	276
genüge	3.26	276
wings	3.26	275
walk	3.26	275
marktplatz	3.26	275
undenkbar	3.26	275
einstieg	3.26	275
geköpft	3.26	275
heldentaten	3.26	275
feldzug	3.26	275
tugenden	3.26	275
fruchtbar	3.26	275
kain	3.26	275
seriennummer	3.26	275
color	3.26	275
klatscht	3.26	275
gesprächen	3.26	275
buckley	3.26	275
ausbricht	3.26	275
sträfling	3.26	275
kontaktmann	3.26	275
ludo	3.26	275
trumpf	3.26	275
streitereien	3.26	275
barker	3.26	275
schutzschild	3.26	275
lebendiger	3.26	275
überarbeitung	3.26	275
lack	3.26	275
halbem	3.26	275
march	3.26	275
erlernen	3.26	275
leichtfertig	3.26	275
gepriesen	3.26	275
polnisch	3.26	275
rhys	3.26	275
schleunigst	3.26	275
scout	3.26	275
strahlend	3.26	275
patrone	3.26	275
informierte	3.26	275
eifrig	3.26	275
inhaftiert	3.26	275
aufgegriffen	3.26	275
verbotenen	3.26	275
zarten	3.26	275
misses	3.26	275
nukleare	3.26	275
silva	3.26	275
verwarnung	3.26	275
evidence	3.26	274
dougie	3.26	274
dazugehören	3.26	274
marketing	3.26	274
dichte	3.26	274
into	3.26	274
anfreunden	3.26	274
halbbruder	3.26	274
tausender	3.26	274
dover	3.26	274
isa	3.26	274
rückruf	3.26	274
leiseste	3.26	274
jj	3.26	274
biopsie	3.26	274
henrietta	3.26	274
allerhand	3.26	274
protein	3.26	274
zurückkehrte	3.26	274
unecht	3.26	274
verladen	3.26	274
besonderem	3.26	274
unterirdischen	3.26	274
eigenartige	3.26	274
act	3.26	274
tex	3.26	274
psychiaterin	3.26	274
gespült	3.26	274
übermittelt	3.26	274
unterhaltungen	3.26	274
infrastruktur	3.26	274
heimliche	3.26	274
mental	3.26	274
pseudonym	3.26	274
altem	3.26	274
eingetauscht	3.26	274
willkürlich	3.26	274
flüsternd	3.26	274
gastgeberin	3.26	274
homie	3.26	274
dringendes	3.26	274
kongo	3.26	274
verschlossenen	3.26	274
rebell	3.26	274
granny	3.26	274
waldo	3.26	274
aufgestiegen	3.26	273
rausgezogen	3.26	273
twin	3.26	273
gedenkfeier	3.26	273
princess	3.26	273
frustration	3.26	273
amme	3.26	273
lehm	3.26	273
ägypter	3.26	273
friend	3.26	273
trek	3.26	273
hear	3.26	273
spendet	3.26	273
gegenwärtig	3.26	273
arschlöchern	3.26	273
insulin	3.26	273
zeugenschutzprogramm	3.26	273
dukaten	3.26	273
woandershin	3.26	273
komplizin	3.26	273
brain	3.26	273
coke	3.26	273
transaktion	3.26	273
praktikantin	3.26	273
schmach	3.26	273
schneemann	3.26	273
tac	3.26	273
spezialgebiet	3.26	273
weihnachtsfest	3.26	273
verkörpert	3.26	273
schwesterherz	3.26	273
langsamen	3.26	273
mittelsmann	3.25	272
umfrage	3.25	272
maquis	3.25	272
zitronen	3.25	272
nuklearen	3.25	272
zurückkehre	3.25	272
variante	3.25	272
michelangelo	3.25	272
bronze	3.25	272
kadetten	3.25	272
ordentliches	3.25	272
gefährtin	3.25	272
ryder	3.25	272
opposition	3.25	272
missverstehen	3.25	272
lieferant	3.25	272
brünette	3.25	272
rainer	3.25	272
tastatur	3.25	272
beansprucht	3.25	272
nobelpreis	3.25	272
hartley	3.25	272
zügeln	3.25	272
muirfield	3.25	272
dorota	3.25	272
ep	3.25	272
viagra	3.25	272
ziemlichen	3.25	272
abgefackelt	3.25	272
beispielsweise	3.25	272
unklug	3.25	272
nachtwache	3.25	272
polnische	3.25	272
olympiade	3.25	272
veräppeln	3.25	272
marmor	3.25	272
versprecht	3.25	272
größerem	3.25	272
sachsen	3.25	272
wichsen	3.25	272
angelassen	3.25	272
federal	3.25	272
hits	3.25	272
seiest	3.25	272
mu	3.25	272
wohn	3.25	272
betreut	3.25	272
turn	3.25	272
jonesy	3.25	272
verwendete	3.25	272
eleganz	3.25	272
hundefutter	3.25	272
knicks	3.25	272
graves	3.25	272
ophelia	3.25	272
alessandro	3.25	272
gewannen	3.25	272
aufzutreten	3.25	272
eingeschränkt	3.25	272
bürschchen	3.25	272
schwebe	3.25	272
gebirge	3.25	272
hieb	3.25	271
ernsthaften	3.25	271
konsole	3.25	271
puck	3.25	271
einschenken	3.25	271
bernd	3.25	271
erlebst	3.25	271
cavanaugh	3.25	271
augenkontakt	3.25	271
makkaroni	3.25	271
teig	3.25	271
traditionellen	3.25	271
rausreißen	3.25	271
autofahren	3.25	271
neuste	3.25	271
blondinen	3.25	271
gorman	3.25	271
amok	3.25	271
abdrehen	3.25	271
ausgerissen	3.25	271
elektrisches	3.25	271
unterzogen	3.25	271
essens	3.25	271
verlängerung	3.25	271
kontaktperson	3.25	271
50ern	3.25	271
einfachsten	3.25	271
unterlassen	3.25	271
visa	3.25	271
erkrankt	3.25	271
enttarnt	3.25	271
interpretieren	3.25	271
scharfsinnig	3.25	271
ungeheuerlich	3.25	271
gutgehen	3.25	271
plätschern	3.25	270
hilfsbereit	3.25	270
ramos	3.25	270
fahnen	3.25	270
kojoten	3.25	270
farbigen	3.25	270
umzuziehen	3.25	270
abgesessen	3.25	270
jets	3.25	270
thatcher	3.25	270
teppiche	3.25	270
lässig	3.25	270
erfrischung	3.25	270
anordnungen	3.25	270
lateinisch	3.25	270
zugelegt	3.25	270
härtesten	3.25	270
keule	3.25	270
teuflisch	3.25	270
lichtung	3.25	270
vergeigt	3.25	270
künste	3.25	270
mithelfen	3.25	270
anderweitig	3.25	270
blondes	3.25	270
instinktiv	3.25	270
weiches	3.25	270
digitale	3.25	270
inschrift	3.25	270
freeman	3.25	270
wissend	3.25	270
störte	3.25	270
zerstückelt	3.25	270
lawine	3.25	270
einzufangen	3.25	270
verlässlich	3.25	270
wogegen	3.25	270
ausgesperrt	3.25	270
gefärbt	3.25	270
niederlassen	3.25	270
sozial	3.25	270
korrupte	3.25	270
hosenscheißer	3.25	269
konzern	3.25	269
verächtlich	3.25	269
bev	3.25	269
armseligen	3.25	269
ferienlager	3.25	269
hybriden	3.25	269
abschiedsgeschenk	3.25	269
magnet	3.25	269
einzuhalten	3.25	269
hektisch	3.25	269
bio	3.25	269
organisiere	3.25	269
antidepressiva	3.25	269
zugedröhnt	3.25	269
sohns	3.25	269
unbeschreiblich	3.25	269
oberteil	3.25	269
separatisten	3.25	269
kandidatur	3.25	269
zehntausend	3.25	269
legendären	3.25	269
gonzales	3.25	269
torchwood	3.25	269
feuchtigkeit	3.25	269
surrt	3.25	269
dustin	3.25	269
kleinkind	3.25	269
kadaver	3.25	269
milos	3.25	269
kommuniziert	3.25	269
alden	3.25	269
grosses	3.25	269
giorgio	3.25	269
unsensibel	3.25	269
widerwärtig	3.25	269
unreif	3.25	269
fortzusetzen	3.25	269
missfällt	3.25	269
reichste	3.25	269
schnüffler	3.25	269
beadle	3.25	269
potenzielle	3.25	269
gewerkschaften	3.25	269
berufe	3.25	269
hoff	3.25	269
schliessen	3.25	269
residenz	3.25	268
weitergeleitet	3.25	268
match	3.25	268
lestrade	3.25	268
preußen	3.25	268
glaubhaft	3.25	268
regime	3.25	268
jüngster	3.25	268
motors	3.25	268
karaoke	3.25	268
versailles	3.25	268
spirituellen	3.25	268
fbi-agenten	3.25	268
filmt	3.25	268
uther	3.25	268
arabischen	3.25	268
dai	3.25	268
vista	3.25	268
vorstadt	3.25	268
bitt	3.25	268
50er	3.25	268
rhythmische	3.25	268
süd	3.25	268
gatsby	3.25	268
spionierst	3.25	268
isaiah	3.25	268
wärmt	3.25	268
zurückgewiesen	3.25	268
aufzumachen	3.25	268
hercules	3.25	268
solidarität	3.25	268
toleriert	3.25	268
landhaus	3.25	268
feueralarm	3.25	268
vorrichtung	3.25	268
deeks	3.25	268
biff	3.25	268
verstellen	3.25	268
keating	3.25	268
kyoto	3.25	268
ungeeignet	3.25	268
kinch	3.25	268
erwählt	3.25	268
abschlachten	3.25	268
gelber	3.25	267
ausspioniert	3.25	267
hawthorne	3.25	267
falcone	3.25	267
rüpel	3.25	267
schulmädchen	3.25	267
raben	3.25	267
frauenstimme	3.25	267
move	3.25	267
stärkt	3.25	267
sterblich	3.25	267
fächer	3.25	267
dolan	3.25	267
fluten	3.25	267
bosch	3.25	267
emotion	3.25	267
munson	3.25	267
chanel	3.25	267
schusswaffen	3.25	267
währt	3.25	267
übereinstimmen	3.25	267
hefte	3.25	267
rückflug	3.25	267
geburtsdatum	3.25	267
colby	3.25	267
reingetan	3.25	267
nadja	3.25	267
stokes	3.25	267
ausgezahlt	3.25	267
verfolger	3.25	267
katastrophen	3.25	267
furzen	3.25	267
fläche	3.25	267
lala	3.25	267
diplomaten	3.25	267
geschummelt	3.25	267
gruber	3.25	267
untergegangen	3.25	267
floss	3.25	267
bruchbude	3.25	267
stumpf	3.25	267
moby	3.25	267
burkhardt	3.25	267
pip	3.25	267
masturbieren	3.25	267
bolzen	3.25	267
markierungen	3.25	267
amara	3.25	267
unordentlich	3.25	267
verbrenn	3.25	267
dokumentiert	3.25	267
mehmet	3.25	267
anwärter	3.25	267
benahm	3.24	266
kopfverletzung	3.24	266
rausfahren	3.24	266
today	3.24	266
zivile	3.24	266
weicher	3.24	266
offizieren	3.24	266
aufzeichnen	3.24	266
stürze	3.24	266
genesis	3.24	266
hive	3.24	266
heftiges	3.24	266
nächstenliebe	3.24	266
stereoanlage	3.24	266
mueller	3.24	266
durchkämmen	3.24	266
filiale	3.24	266
sampson	3.24	266
generalstaatsanwalt	3.24	266
neutralisieren	3.24	266
rachen	3.24	266
maid	3.24	266
midnight	3.24	266
nominiert	3.24	266
verletze	3.24	266
umgekippt	3.24	266
jadzia	3.24	266
opfert	3.24	266
jean-louis	3.24	266
hernandez	3.24	266
färben	3.24	266
infektionen	3.24	266
übernatürlichen	3.24	266
kündigte	3.24	266
verzeichnet	3.24	266
abtreiben	3.24	266
yorks	3.24	266
cha	3.24	266
lesbische	3.24	266
mcleod	3.24	266
trask	3.24	266
behinderte	3.24	266
abscheuliche	3.24	266
vorbeigefahren	3.24	266
weiterleiten	3.24	266
tracey	3.24	266
trotzen	3.24	266
erektion	3.24	266
showbusiness	3.24	266
dodo	3.24	266
anträge	3.24	266
geleckt	3.24	266
wahrheiten	3.24	266
forschen	3.24	266
tropf	3.24	266
hach	3.24	266
osborne	3.24	266
regale	3.24	266
neustart	3.24	265
moped	3.24	265
adjutant	3.24	265
tanks	3.24	265
hinterausgang	3.24	265
scratch77	3.24	265
bauarbeiter	3.24	265
valeria	3.24	265
mitkriegen	3.24	265
verstarb	3.24	265
schlüpfer	3.24	265
rauszugehen	3.24	265
betäubungsmittel	3.24	265
geleert	3.24	265
exfreund	3.24	265
prognose	3.24	265
teilhaber	3.24	265
passten	3.24	265
veranstaltungen	3.24	265
kannibalen	3.24	265
lieg	3.24	265
caffrey	3.24	265
stewie	3.24	265
strumpfhosen	3.24	265
auslieferung	3.24	265
führers	3.24	265
inhaber	3.24	265
oha	3.24	265
aushilfe	3.24	265
schnitten	3.24	265
aufzudecken	3.24	265
detonation	3.24	265
opfere	3.24	265
lan	3.24	265
enkelkind	3.24	265
auflage	3.24	265
fiasko	3.24	265
rolling	3.24	265
gegenden	3.24	265
verkriechen	3.24	265
glockenläuten	3.24	265
vasquez	3.24	265
alkoholikerin	3.24	265
kavalier	3.24	265
zögert	3.24	265
ferris	3.24	265
nice	3.24	265
auszuruhen	3.24	265
hüpf	3.24	265
liverpool	3.24	265
herden	3.24	265
shine	3.24	264
säulen	3.24	264
elegante	3.24	264
athleten	3.24	264
greenwich	3.24	264
streckt	3.24	264
warmer	3.24	264
applaudiert	3.24	264
abgedrückt	3.24	264
schlussendlich	3.24	264
revolutionäre	3.24	264
ablösen	3.24	264
siegfried	3.24	264
trubel	3.24	264
marionetten	3.24	264
nutzten	3.24	264
auswärts	3.24	264
etikett	3.24	264
teddybär	3.24	264
haargenau	3.24	264
ziva	3.24	264
verstopfung	3.24	264
katarina	3.24	264
kochte	3.24	264
mitarbeit	3.24	264
goldener	3.24	264
neutralen	3.24	264
freche	3.24	264
tommys	3.24	264
kepner	3.24	264
messieurs	3.24	264
deanna	3.24	264
asher	3.24	264
miene	3.24	264
elektronischen	3.24	264
schmollen	3.24	264
zofe	3.24	264
stimmten	3.24	264
zunehmend	3.24	264
zauberin	3.24	264
lastet	3.24	264
drop	3.24	264
goes	3.24	264
rollo	3.24	264
hießen	3.24	264
muslime	3.24	264
ernsthaftes	3.24	264
unglücklicher	3.24	264
sponsoren	3.24	264
verschmelzen	3.24	264
dasitzen	3.24	264
steel	3.24	264
sin	3.24	264
coming	3.24	264
rasenmäher	3.24	264
kräftige	3.24	264
moloch	3.24	264
bureau	3.24	264
aktie	3.24	264
mi6	3.24	264
after	3.24	264
marsha	3.24	263
mietwagen	3.24	263
aufgelesen	3.24	263
heimbringen	3.24	263
liebliche	3.24	263
frauchen	3.24	263
entehrt	3.24	263
beispiele	3.24	263
constantine	3.24	263
funkspruch	3.24	263
konstant	3.24	263
beizutreten	3.24	263
plutonium	3.24	263
rocks	3.24	263
kobolde	3.24	263
geläutet	3.24	263
verhöre	3.24	263
reize	3.24	263
tratsch	3.24	263
bilanz	3.24	263
entwarf	3.24	263
shrek	3.24	263
wühlen	3.24	263
kassierer	3.24	263
konkret	3.24	263
60er	3.24	263
zepter	3.24	263
mühsam	3.24	263
habgier	3.24	263
zusammenfassung	3.24	263
gabi	3.24	263
fluchtversuch	3.24	263
gönn	3.24	263
auszuliefern	3.24	263
gebastelt	3.24	263
other	3.24	263
wohnsitz	3.24	263
ilsa	3.24	263
beginnst	3.24	263
raufkommen	3.24	263
granger	3.24	263
deutsches	3.24	263
gewaltiger	3.24	263
experimentiert	3.24	263
auszulösen	3.24	263
zdf	3.24	263
aufgeschlagen	3.24	263
überraschungsparty	3.24	263
privatschule	3.24	263
lebhafte	3.24	263
langweiliger	3.24	263
kühle	3.24	263
verführerisch	3.24	263
belege	3.24	263
betroffenen	3.24	262
schlucke	3.24	262
auszurauben	3.24	262
geschwader	3.24	262
krawatten	3.24	262
linsen	3.24	262
experimentieren	3.24	262
davidson	3.24	262
clique	3.24	262
misserfolg	3.24	262
auszunutzen	3.24	262
terrain	3.24	262
zeugenaussagen	3.24	262
bubi	3.24	262
ausschwärmen	3.24	262
kleber	3.24	262
anzuhängen	3.24	262
opas	3.24	262
harrington	3.24	262
vermerkt	3.24	262
salam	3.24	262
tischen	3.24	262
drankriegen	3.24	262
sozialarbeiterin	3.24	262
winden	3.24	262
vorgeführt	3.24	262
rege	3.24	262
moi	3.24	262
bösewichte	3.24	262
martinis	3.24	262
entbunden	3.24	262
kampfgeist	3.24	262
fozzie	3.24	262
knusprig	3.24	262
martina	3.24	262
nervengas	3.24	262
konkretes	3.24	262
magischer	3.24	262
ameise	3.24	262
belinda	3.24	262
eileen	3.24	262
rotkäppchen	3.24	262
schufen	3.24	262
clemens	3.24	262
schnelligkeit	3.24	262
legendäre	3.24	262
süss	3.24	262
entkamen	3.24	262
bowie	3.24	262
zwiebel	3.24	262
barlow	3.24	262
investor	3.24	261
montags	3.24	261
diplomatischen	3.24	261
erregend	3.24	261
hauser	3.24	261
polizeistation	3.24	261
größen	3.24	261
pr	3.24	261
rhein	3.24	261
streicht	3.24	261
lebendigen	3.24	261
sozialarbeiter	3.24	261
nachzusehen	3.24	261
brr	3.24	261
entwicklungen	3.24	261
tonys	3.24	261
stromschlag	3.24	261
portrait	3.24	261
erstaunen	3.24	261
gemeinsamkeiten	3.24	261
reisebüro	3.24	261
shaggy	3.24	261
lexikon	3.24	261
komplettes	3.24	261
durchmesser	3.24	261
oberhalb	3.24	261
absorbiert	3.24	261
melrose	3.24	261
vladimir	3.24	261
gamma	3.24	261
edmond	3.24	261
paso	3.24	261
funkeln	3.24	261
entziffern	3.24	261
sucher	3.24	261
schauplatz	3.24	261
hokuspokus	3.24	261
gesten	3.24	261
fortführen	3.24	261
vorigen	3.24	261
krankenhäusern	3.24	261
schuster	3.24	261
geangelt	3.24	261
mooney	3.24	261
airport	3.24	261
abgeschrieben	3.24	261
flurs	3.24	261
90ern	3.24	261
schaffner	3.24	261
quak	3.24	261
trust	3.24	261
dario	3.23	260
unvollständig	3.23	260
woodhouse	3.23	260
darnell	3.23	260
hexenmeister	3.23	260
andauern	3.23	260
ortiz	3.23	260
zachary	3.23	260
kammerjäger	3.23	260
flugblätter	3.23	260
dei	3.23	260
vergleichbar	3.23	260
storybrooke	3.23	260
legale	3.23	260
freeway	3.23	260
carey	3.23	260
klirrt	3.23	260
statthalter	3.23	260
kontaktiere	3.23	260
mitgliedschaft	3.23	260
lissabon	3.23	260
blech	3.23	260
busbahnhof	3.23	260
bade	3.23	260
ersuchen	3.23	260
belügst	3.23	260
finnland	3.23	260
trolle	3.23	260
werter	3.23	260
einerseits	3.23	260
jasons	3.23	260
seriös	3.23	260
skrupel	3.23	260
stilvoll	3.23	260
mcbride	3.23	260
myself	3.23	260
äußerlich	3.23	260
sortiert	3.23	260
rolls	3.23	260
vorhergesagt	3.23	260
bürgen	3.23	260
lenore	3.23	260
kandidatin	3.23	260
kehrst	3.23	260
schminken	3.23	259
rausgerissen	3.23	259
heldenhaft	3.23	259
tücher	3.23	259
abgeblasen	3.23	259
röcke	3.23	259
patrouillen	3.23	259
chucks	3.23	259
anziehung	3.23	259
stangen	3.23	259
entschärft	3.23	259
imitieren	3.23	259
ellenbogen	3.23	259
flink	3.23	259
trommelwirbel	3.23	259
nance	3.23	259
gedächtnisverlust	3.23	259
novak	3.23	259
weltuntergang	3.23	259
anforderungen	3.23	259
christophe	3.23	259
stefano	3.23	259
signieren	3.23	259
troja	3.23	259
nachladen	3.23	259
wellenlänge	3.23	259
hyperraum	3.23	259
mentale	3.23	259
notwendigen	3.23	259
beeinträchtigen	3.23	259
spott	3.23	259
erniedrigen	3.23	259
ronon	3.23	259
forensik	3.23	259
howdy	3.23	259
feuere	3.23	259
aushändigen	3.23	259
baumhaus	3.23	259
anflehen	3.23	259
bewachung	3.23	259
einstellungen	3.23	259
raucher	3.23	259
vergiftete	3.23	259
reparier	3.23	259
gurgel	3.23	259
lilys	3.23	259
einschreiben	3.23	259
margie	3.23	259
vorhersehbar	3.23	259
hendricks	3.23	259
mittelmeer	3.23	259
atticus	3.23	259
meditieren	3.23	259
mendoza	3.23	259
hardware	3.23	259
pfirsiche	3.23	259
jérôme	3.23	259
psychologisch	3.23	258
protestiere	3.23	258
behoben	3.23	258
dienststelle	3.23	258
krusty	3.23	258
anwaltskanzlei	3.23	258
pinkelt	3.23	258
gästehaus	3.23	258
leigh	3.23	258
stricken	3.23	258
mathieu	3.23	258
glatzkopf	3.23	258
passage	3.23	258
lotterie	3.23	258
bereichen	3.23	258
heuchelei	3.23	258
herausforderer	3.23	258
geiselnahme	3.23	258
missgeburt	3.23	258
mitnahm	3.23	258
90er	3.23	258
espen	3.23	258
mischa	3.23	258
programms	3.23	258
dummchen	3.23	258
titelbild	3.23	258
abzuschalten	3.23	258
ständiger	3.23	258
pizzeria	3.23	258
dämliches	3.23	258
jagten	3.23	258
rührei	3.23	258
durchsuche	3.23	258
horatio	3.23	258
child	3.23	258
leitender	3.23	258
hare	3.23	258
erfüllte	3.23	258
wahrhaben	3.23	258
atomwaffen	3.23	258
unsterbliche	3.23	258
catalina	3.23	258
geschütz	3.23	258
emile	3.23	258
snyder	3.23	258
aberglauben	3.23	258
hergefahren	3.23	258
betreuung	3.23	258
navid	3.23	258
innersten	3.23	258
colette	3.23	258
yorkshire	3.23	258
kugelschreiber	3.23	258
wahrsager	3.23	258
winziger	3.23	258
abschütteln	3.23	257
lukes	3.23	257
unerfahren	3.23	257
übersteht	3.23	257
günstiger	3.23	257
homosexuelle	3.23	257
reisepass	3.23	257
medaillen	3.23	257
erhältst	3.23	257
juristische	3.23	257
kreuzer	3.23	257
lehrbuch	3.23	257
befreite	3.23	257
tel	3.23	257
weinkeller	3.23	257
reisender	3.23	257
täuschst	3.23	257
barmann	3.23	257
blowjob	3.23	257
schraubenschlüssel	3.23	257
brautjungfern	3.23	257
laberst	3.23	257
trend	3.23	257
gleichermaßen	3.23	257
sexuelles	3.23	257
steuerzahler	3.23	257
zähmen	3.23	257
wesens	3.23	257
mächtiges	3.23	257
münster	3.23	257
zustimmt	3.23	257
raumstation	3.23	257
schmerzlich	3.23	257
eignen	3.23	257
hinzuzufügen	3.23	257
laurence	3.23	257
gewalttätigen	3.23	257
robertson	3.23	257
innenminister	3.23	257
durchzusetzen	3.23	257
taj	3.23	257
winseln	3.23	257
pflegeeltern	3.23	257
kugelsichere	3.23	257
lakaien	3.23	257
juristischen	3.23	257
vorort	3.23	257
eddies	3.23	257
einstürzen	3.23	257
durchzustehen	3.23	257
xiang	3.23	257
verspannt	3.23	257
asiatische	3.23	257
diplomat	3.23	256
koscher	3.23	256
cristal	3.23	256
todestag	3.23	256
gag	3.23	256
ausbilden	3.23	256
schäfer	3.23	256
brighton	3.23	256
erscheine	3.23	256
durchbrennen	3.23	256
einzug	3.23	256
betrügerin	3.23	256
freiwilliger	3.23	256
massiv	3.23	256
zugucken	3.23	256
skifahren	3.23	256
hampshire	3.23	256
kompetenz	3.23	256
zerfällt	3.23	256
help	3.23	256
geordnet	3.23	256
idiotischen	3.23	256
einkauf	3.23	256
prototypen	3.23	256
katholik	3.23	256
herrchen	3.23	256
door	3.23	256
requisiten	3.23	256
conner	3.23	256
versinken	3.23	256
arroganter	3.23	256
kerry	3.23	256
särge	3.23	256
clouseau	3.23	256
aufwächst	3.23	256
vermischen	3.23	256
untoten	3.23	256
fong	3.23	256
gigantischen	3.23	256
seltsamerweise	3.23	256
schnappst	3.23	256
sanften	3.23	256
abwehren	3.23	256
manns	3.23	256
galen	3.23	256
ts	3.23	256
tonfall	3.23	256
oberster	3.23	255
blättern	3.23	255
behinderten	3.23	255
crème	3.23	255
verschlimmert	3.23	255
talentierte	3.23	255
prison	3.23	255
saustall	3.23	255
existierst	3.23	255
kera	3.23	255
taggart	3.23	255
vermacht	3.23	255
freinehmen	3.23	255
übersetzer	3.23	255
erbärmlicher	3.23	255
natascha	3.23	255
ehrenwerter	3.23	255
argh	3.23	255
jock	3.23	255
paulus	3.23	255
allerbesten	3.23	255
belieben	3.23	255
absteigen	3.23	255
vermieden	3.23	255
jfk	3.23	255
strassen	3.23	255
fluges	3.23	255
wegmachen	3.23	255
flughäfen	3.23	255
verfall	3.23	255
aramis	3.23	255
erniedrigung	3.23	255
improvisiert	3.23	255
ehrenmann	3.23	255
klaps	3.23	255
duran	3.23	255
bums	3.23	255
oberbefehlshaber	3.23	255
cry	3.23	255
kennenlernt	3.23	255
kirsche	3.23	255
neunte	3.23	255
wildschwein	3.23	255
waggon	3.23	255
anmaßend	3.23	255
card	3.23	255
susanna	3.23	255
nähere	3.23	255
winnie	3.23	255
ahab	3.23	255
konkurrieren	3.23	255
überfluss	3.23	255
bradshaw	3.23	255
anastasia	3.22	254
entfachen	3.22	254
handschlag	3.22	254
farmen	3.22	254
bekämpfe	3.22	254
freedom	3.22	254
lahme	3.22	254
everything	3.22	254
nachgefragt	3.22	254
cabe	3.22	254
teufelskerl	3.22	254
auggie	3.22	254
helium	3.22	254
obduktion	3.22	254
jarl	3.22	254
europäer	3.22	254
bucky	3.22	254
faktoren	3.22	254
amir	3.22	254
nazir	3.22	254
bagel	3.22	254
wi	3.22	254
rülpst	3.22	254
prinzessinnen	3.22	254
schema	3.22	254
falschem	3.22	254
rausgeflogen	3.22	254
tijuana	3.22	254
flaggen	3.22	254
geimpft	3.22	254
pfütze	3.22	254
anzuwenden	3.22	254
dokumenten	3.22	254
hervorrufen	3.22	254
exzentrisch	3.22	254
eunice	3.22	254
bedeutender	3.22	254
kettensäge	3.22	254
mortimer	3.22	254
fusel	3.22	254
chgreen	3.22	254
stopft	3.22	254
schätzung	3.22	254
verwetten	3.22	254
annahm	3.22	254
missgeschick	3.22	254
grieche	3.22	254
hippies	3.22	254
nordens	3.22	254
spaziert	3.22	254
knabbern	3.22	254
alis	3.22	254
reinschauen	3.22	254
gegossen	3.22	254
wogen	3.22	254
irrenanstalt	3.22	254
stehengeblieben	3.22	254
earth	3.22	254
unbehaglich	3.22	253
wirkten	3.22	253
goldmine	3.22	253
berufliche	3.22	253
community	3.22	253
là	3.22	253
gejammer	3.22	253
arthritis	3.22	253
einzutreten	3.22	253
vorgespielt	3.22	253
gewöhnst	3.22	253
eingrenzen	3.22	253
beehren	3.22	253
königreichs	3.22	253
tauche	3.22	253
abweisen	3.22	253
prior	3.22	253
angewendet	3.22	253
mandarin	3.22	253
lisbeth	3.22	253
spontane	3.22	253
watkins	3.22	253
seitlich	3.22	253
raleigh	3.22	253
trinkwasser	3.22	253
scheißhaufen	3.22	253
hütet	3.22	253
verkehren	3.22	253
bewunderer	3.22	253
absage	3.22	253
bedingungslos	3.22	253
lüfte	3.22	253
cornell	3.22	253
vermutete	3.22	253
dias	3.22	253
gladiatoren	3.22	253
kompetent	3.22	253
stramm	3.22	253
browning	3.22	253
katastrophal	3.22	253
viola	3.22	253
divya	3.22	253
mundgeruch	3.22	252
leugne	3.22	252
kratz	3.22	252
navigator	3.22	252
fahrgäste	3.22	252
menschenmenge	3.22	252
fehlschlag	3.22	252
petersen	3.22	252
ausgetrocknet	3.22	252
vorlieben	3.22	252
entdecke	3.22	252
goldman	3.22	252
heffernan	3.22	252
sweeney	3.22	252
rockfish	3.22	252
gladiator	3.22	252
zwillingsbruder	3.22	252
vorläufige	3.22	252
lore	3.22	252
ahne	3.22	252
gemeinheit	3.22	252
louvre	3.22	252
phlox	3.22	252
schloß	3.22	252
larkin	3.22	252
widerfährt	3.22	252
grundstücke	3.22	252
weggegeben	3.22	252
ankündigen	3.22	252
loki	3.22	252
müllhalde	3.22	252
startete	3.22	252
höheres	3.22	252
cricket	3.22	252
killarney	3.22	252
küssten	3.22	252
maßnahme	3.22	252
paranormale	3.22	252
franny	3.22	252
einschlag	3.22	252
reichtümer	3.22	252
carters	3.22	252
erdlinge	3.22	252
ad	3.22	252
durchfallen	3.22	252
trockne	3.22	252
macbeth	3.22	252
aluminium	3.22	252
raina	3.22	252
mythen	3.22	252
hochnehmen	3.22	252
ausgangspunkt	3.22	252
mausetot	3.22	251
augenlicht	3.22	251
implantat	3.22	251
zweifelsohne	3.22	251
leier	3.22	251
dannys	3.22	251
durchwühlt	3.22	251
taktischen	3.22	251
keiko	3.22	251
minbari	3.22	251
battle	3.22	251
unerwartetes	3.22	251
unserm	3.22	251
spannender	3.22	251
säbel	3.22	251
finstere	3.22	251
anreiz	3.22	251
20er	3.22	251
enthauptet	3.22	251
krächzt	3.22	251
pops	3.22	251
lockern	3.22	251
ausweichmanöver	3.22	251
kippt	3.22	251
leichenbeschauer	3.22	251
primitiven	3.22	251
nog	3.22	251
algorithmus	3.22	251
bändigen	3.22	251
besitztümer	3.22	251
adligen	3.22	251
telefongesellschaft	3.22	251
philosophen	3.22	251
proctor	3.22	251
ertrinke	3.22	251
überbringe	3.22	251
cinnamon	3.22	251
abgehakt	3.22	251
zutat	3.22	251
überheblich	3.22	251
japans	3.22	251
getippt	3.22	251
freundliches	3.22	251
fluß	3.22	251
arbeitszeit	3.22	251
verdirbst	3.22	251
wuff	3.22	251
überfahrt	3.22	250
damian	3.22	250
gigantisch	3.22	250
anpacken	3.22	250
verreckt	3.22	250
tarnen	3.22	250
dhs	3.22	250
kabelfernsehen	3.22	250
kiew	3.22	250
mitgehört	3.22	250
ausstrecken	3.22	250
ampulle	3.22	250
autopsiebericht	3.22	250
cecile	3.22	250
umschalten	3.22	250
myra	3.22	250
korporal	3.22	250
brandstifter	3.22	250
sissi	3.22	250
grotesk	3.22	250
gill	3.22	250
hochmut	3.22	250
entdeckungen	3.22	250
zwillingen	3.22	250
ausnehmen	3.22	250
aussprache	3.22	250
anlegt	3.22	250
käsekuchen	3.22	250
hochgeht	3.22	250
verrats	3.22	250
winslow	3.22	250
wilcox	3.22	250
bestellst	3.22	250
verlesen	3.22	250
raunen	3.22	250
ninjas	3.22	250
kopfschuss	3.22	250
körbe	3.22	250
ferngespräch	3.22	250
erkälten	3.22	250
lockvogel	3.22	250
handelst	3.22	250
entzieht	3.22	250
jingle	3.22	250
dachs	3.22	250
düsteren	3.22	250
should	3.22	250
wirtin	3.22	249
voreiligen	3.22	249
deutschlands	3.22	249
gogh	3.22	249
mj	3.22	249
ausgehst	3.22	249
reuben	3.22	249
hingehörst	3.22	249
harem	3.22	249
quadrat	3.22	249
krüger	3.22	249
liebespaar	3.22	249
rundgang	3.22	249
aufgegabelt	3.22	249
jahreszeiten	3.22	249
wilma	3.22	249
todsicher	3.22	249
überrumpelt	3.22	249
gespalten	3.22	249
flippe	3.22	249
groschen	3.22	249
getragene	3.22	249
türkische	3.22	249
smart	3.22	249
verwählt	3.22	249
dubenko	3.22	249
kenobi	3.22	249
übereinkunft	3.22	249
inside	3.22	249
auszuprobieren	3.22	249
vereinigen	3.22	249
zögere	3.22	249
israelis	3.22	249
junggesellenabschied	3.22	249
dancing	3.22	249
verhaltens	3.22	249
offensichtlichen	3.22	249
schleppst	3.22	249
gebühr	3.22	249
verzogen	3.22	249
idaho	3.22	249
bezweifeln	3.22	249
mateo	3.22	249
makel	3.22	249
gemeines	3.21	248
museen	3.21	248
fahrräder	3.21	248
anzustarren	3.21	248
klopfe	3.21	248
warehouse	3.21	248
clementine	3.21	248
p.s.	3.21	248
straßensperre	3.21	248
absichern	3.21	248
platzpatronen	3.21	248
aufschließen	3.21	248
vertrauter	3.21	248
ballistik	3.21	248
moleküle	3.21	248
kadett	3.21	248
reim	3.21	248
anspielung	3.21	248
spendiert	3.21	248
gesundheitsamt	3.21	248
lieferst	3.21	248
heimatland	3.21	248
feuerschutz	3.21	248
stachel	3.21	248
bemerkten	3.21	248
india	3.21	248
adressiert	3.21	248
bankraub	3.21	248
bedford	3.21	248
widerlegen	3.21	248
pfarrhaus	3.21	248
nasser	3.21	248
lebensjahr	3.21	248
schönere	3.21	248
verbrennung	3.21	248
köln	3.21	248
clennam	3.21	248
favoriten	3.21	248
brut	3.21	248
gaststar	3.21	248
matthias	3.21	248
bittere	3.21	248
kreuzverhör	3.21	248
ortes	3.21	248
aw	3.21	248
nächtlichen	3.21	248
verschließt	3.21	248
stießen	3.21	248
mätresse	3.21	248
lebenskraft	3.21	248
nagus	3.21	248
lebrac	3.21	248
nachdenklich	3.21	248
messern	3.21	248
pfeiffer	3.21	248
dvds	3.21	248
kurzsichtig	3.21	248
horrorfilm	3.21	248
fürsorglich	3.21	247
schmal	3.21	247
betragen	3.21	247
custer	3.21	247
weiterentwickelt	3.21	247
vorlesungen	3.21	247
beobachtest	3.21	247
marnie	3.21	247
büsche	3.21	247
bettwäsche	3.21	247
cove	3.21	247
abenteurer	3.21	247
area	3.21	247
wirds	3.21	247
einsen	3.21	247
erstarrt	3.21	247
schülerinnen	3.21	247
dschinn	3.21	247
abgespielt	3.21	247
boogie	3.21	247
reportage	3.21	247
rosalee	3.21	247
car	3.21	247
überm	3.21	247
glotze	3.21	247
fotografin	3.21	247
yellow	3.21	247
segelt	3.21	247
vicomedia	3.21	247
umkleide	3.21	247
runterlassen	3.21	247
before	3.21	247
lone	3.21	247
röchelt	3.21	247
denkweise	3.21	247
cyborg	3.21	247
lektüre	3.21	247
jean-paul	3.21	247
karat	3.21	247
gordo	3.21	247
ertrug	3.21	247
türklopfen	3.21	247
standest	3.21	246
psychischen	3.21	246
sensei	3.21	246
unrechtes	3.21	246
thronfolger	3.21	246
vorschnell	3.21	246
sinnlosen	3.21	246
glut	3.21	246
albany	3.21	246
mitbringt	3.21	246
geraden	3.21	246
eröffnete	3.21	246
skizze	3.21	246
belügt	3.21	246
herstellt	3.21	246
forrester	3.21	246
sendungen	3.21	246
minneapolis	3.21	246
dans	3.21	246
dukat	3.21	246
deserteur	3.21	246
gleichheit	3.21	246
goldfisch	3.21	246
typischen	3.21	246
entgegenkommen	3.21	246
beobachtungen	3.21	246
janie	3.21	246
verschreckt	3.21	246
gregson	3.21	246
praktikanten	3.21	246
globus	3.21	246
venice	3.21	246
bruderherz	3.21	246
riviera	3.21	246
stammes	3.21	246
ungnade	3.21	246
nemo	3.21	246
delgado	3.21	246
comedy	3.21	246
lorenz	3.21	246
tone	3.21	246
festhält	3.21	246
selbständig	3.21	246
flüchtet	3.21	246
konstruktion	3.21	246
beschwöre	3.21	246
nestor	3.21	246
gefühllos	3.21	246
kayla	3.21	246
offenem	3.21	246
quadratmeter	3.21	246
cardassianischen	3.21	246
ólafur	3.21	246
starbucks	3.21	246
notsignal	3.21	246
patent	3.21	246
sähen	3.21	246
kleinem	3.21	246
vielzahl	3.21	246
programmierung	3.21	246
künstlerische	3.21	246
fulton	3.21	246
attraktiven	3.21	246
parallel	3.21	246
roulette	3.21	246
fremdsprache	3.21	246
nachzugehen	3.21	246
draufgänger	3.21	246
herumliegen	3.21	246
wandschrank	3.21	245
sinneswandel	3.21	245
blutverlust	3.21	245
izzie	3.21	245
bleich	3.21	245
versunken	3.21	245
hingestellt	3.21	245
hunderttausende	3.21	245
aufschlussreich	3.21	245
fehlerhaft	3.21	245
rainbow	3.21	245
vergeude	3.21	245
hah	3.21	245
herrichten	3.21	245
bryant	3.21	245
bronson	3.21	245
commodus	3.21	245
innereien	3.21	245
biker	3.21	245
kopfüber	3.21	245
essenz	3.21	245
erzählung	3.21	245
gepisst	3.21	245
lügendetektor	3.21	245
zusage	3.21	245
orchestermusik	3.21	245
spital	3.21	245
senkt	3.21	245
rowan	3.21	245
briefmarke	3.21	245
tadellos	3.21	245
japanischer	3.21	245
covenant	3.21	245
jemma	3.21	245
verkommen	3.21	245
chemotherapie	3.21	245
pennys	3.21	245
greendale	3.21	245
glänzenden	3.21	245
cats	3.21	245
auftragen	3.21	245
heimkehr	3.21	245
kriterien	3.21	245
chowllye	3.21	245
beschnitten	3.21	245
demjenigen	3.21	245
haas	3.21	245
versagte	3.21	245
toben	3.21	245
laufbursche	3.21	245
batiatus	3.21	245
afrikaner	3.21	245
aufbleiben	3.21	244
bankkonten	3.21	244
drohst	3.21	244
kaiserschnitt	3.21	244
taschentücher	3.21	244
reily	3.21	244
lakai	3.21	244
friedensangebot	3.21	244
überziehen	3.21	244
ortega	3.21	244
helme	3.21	244
depot	3.21	244
wick	3.21	244
travers	3.21	244
zurückdrehen	3.21	244
geklebt	3.21	244
tunnels	3.21	244
windig	3.21	244
aufgebe	3.21	244
lieblingsfilm	3.21	244
macdonald	3.21	244
betreuen	3.21	244
karotte	3.21	244
zigeunerin	3.21	244
vergaser	3.21	244
rumläuft	3.21	244
zweige	3.21	244
allahs	3.21	244
aimee	3.21	244
ignacio	3.21	244
gewerbe	3.21	244
bao	3.21	244
zufällige	3.21	244
beschämend	3.21	244
blossom	3.21	244
wunderkind	3.21	244
verteile	3.21	244
rupfen	3.21	244
alba	3.21	244
reingeraten	3.21	244
präsent	3.21	244
vermieterin	3.21	244
hörtest	3.21	244
stoned	3.21	244
labors	3.21	244
fallengelassen	3.21	244
einar	3.21	244
dorian	3.21	244
nato	3.21	244
rausschneiden	3.21	244
erbschaft	3.21	244
rauschgift	3.21	244
basieren	3.21	244
vorsichtsmaßnahmen	3.21	244
liang	3.21	244
fromm	3.21	244
aneurysma	3.20	243
cnn	3.20	243
unehrlich	3.20	243
friedlicher	3.20	243
joss	3.20	243
aussehenden	3.20	243
mikroskop	3.20	243
berechnung	3.20	243
krücken	3.20	243
redewendung	3.20	243
verantwortungslos	3.20	243
richtest	3.20	243
dreifache	3.20	243
beauftragen	3.20	243
unterhält	3.20	243
rätselhaft	3.20	243
wertschätzung	3.20	243
lausigen	3.20	243
missverständnisse	3.20	243
weggehst	3.20	243
geschminkt	3.20	243
bezirksstaatsanwalt	3.20	243
geldautomaten	3.20	243
verhielt	3.20	243
infiltriert	3.20	243
kati	3.20	243
gelaber	3.20	243
pflegerin	3.20	243
strolch	3.20	243
ji	3.20	243
gelehrter	3.20	243
cheung	3.20	243
beinhalten	3.20	243
effekte	3.20	243
eingelebt	3.20	243
calder	3.20	243
vandalismus	3.20	243
andersherum	3.20	243
fete	3.20	243
sprühen	3.20	243
kappa	3.20	243
brandneu	3.20	243
leichenwagen	3.20	243
autohupe	3.20	243
erhöre	3.20	243
vorliegt	3.20	243
ducky	3.20	243
bajoraner	3.20	243
inspizieren	3.20	243
camper	3.20	243
himmlischer	3.20	243
butterfly	3.20	243
tapete	3.20	243
connell	3.20	243
hasan	3.20	243
saddam	3.20	243
driscoll	3.20	243
palmen	3.20	243
kip	3.20	243
enthüllung	3.20	242
fontaine	3.20	242
zusammengebracht	3.20	242
stripperinnen	3.20	242
rührst	3.20	242
strömt	3.20	242
rumpelstilzchen	3.20	242
dreifach	3.20	242
durchgehalten	3.20	242
renata	3.20	242
goldberg	3.20	242
gaulle	3.20	242
alone	3.20	242
köche	3.20	242
bessie	3.20	242
ballerina	3.20	242
johnsons	3.20	242
gekrönt	3.20	242
frisör	3.20	242
landry	3.20	242
geräten	3.20	242
marquise	3.20	242
groben	3.20	242
massiven	3.20	242
wurscht	3.20	242
goodbye	3.20	242
darzustellen	3.20	242
öffneten	3.20	242
künftig	3.20	242
anbeten	3.20	242
bodyguards	3.20	242
ebenbild	3.20	242
nachlässt	3.20	242
clarkson	3.20	242
stolperte	3.20	242
gerichtsgebäude	3.20	242
versuchter	3.20	242
besuchszeit	3.20	242
ernennung	3.20	242
rausgenommen	3.20	242
starks	3.20	242
klingonische	3.20	242
fasten	3.20	242
behauptungen	3.20	242
zuchthaus	3.20	242
verwalten	3.20	242
strafverfolgung	3.20	242
glühen	3.20	242
schüssen	3.20	242
terminator	3.20	241
millionäre	3.20	241
charaktere	3.20	241
kerngesund	3.20	241
hilflosen	3.20	241
reisten	3.20	241
kleopatra	3.20	241
füller	3.20	241
filmstars	3.20	241
lebenslange	3.20	241
ausfällt	3.20	241
mitschüler	3.20	241
einfühlsam	3.20	241
auszutauschen	3.20	241
teuflische	3.20	241
tube	3.20	241
salsa	3.20	241
elfenbein	3.20	241
fury	3.20	241
überzahl	3.20	241
marias	3.20	241
beruhigung	3.20	241
anlassen	3.20	241
medina	3.20	241
vernarrt	3.20	241
sämtlichen	3.20	241
amos	3.20	241
meteor	3.20	241
pures	3.20	241
weihnachtsfeier	3.20	241
banküberfall	3.20	241
geplanten	3.20	241
äußersten	3.20	241
versage	3.20	241
entstellt	3.20	241
ip-adresse	3.20	241
pinkel	3.20	241
winterfell	3.20	241
pflegefamilie	3.20	241
rekrut	3.20	241
chefredakteur	3.20	241
fasste	3.20	241
goldie	3.20	241
olson	3.20	241
anwalts	3.20	241
wettrennen	3.20	241
molesley	3.20	241
gemach	3.20	241
klingelton	3.20	241
unschädlich	3.20	241
kontakten	3.20	241
undicht	3.20	241
zeitlich	3.20	241
petze	3.20	241
sowjetische	3.20	241
bunte	3.20	241
karla	3.20	240
jaaa	3.20	240
rasierer	3.20	240
hygiene	3.20	240
unterbinden	3.20	240
elternhaus	3.20	240
alyssa	3.20	240
eingebuchtet	3.20	240
kies	3.20	240
längeren	3.20	240
durchleben	3.20	240
aufsitzen	3.20	240
umzudrehen	3.20	240
pah	3.20	240
ergriff	3.20	240
bildfläche	3.20	240
lieblingslied	3.20	240
vertrauens	3.20	240
hobbes	3.20	240
babysitterin	3.20	240
godfrey	3.20	240
wohlbefinden	3.20	240
gekehrt	3.20	240
prächtige	3.20	240
ensemble	3.20	240
bewerbungsgespräch	3.20	240
aufbruch	3.20	240
schlafmütze	3.20	240
abgehen	3.20	240
hetty	3.20	240
unwissenheit	3.20	240
offizielles	3.20	240
senil	3.20	240
vernachlässigen	3.20	240
richters	3.20	240
feiertagen	3.20	240
doktortitel	3.20	240
pd	3.20	240
grünschnabel	3.20	240
erträgst	3.20	240
verschworen	3.20	240
selbstwertgefühl	3.20	240
übertreten	3.20	240
cholera	3.20	240
schulzeit	3.20	239
shana	3.20	239
rhett	3.20	239
besiegte	3.20	239
nahrungsmittel	3.20	239
schriftrolle	3.20	239
intus	3.20	239
bono	3.20	239
violette	3.20	239
geleit	3.20	239
aeryn	3.20	239
intervention	3.20	239
stolzen	3.20	239
inszenierung	3.20	239
automatik	3.20	239
bewertet	3.20	239
ridley	3.20	239
bettlaken	3.20	239
johnnie	3.20	239
knut	3.20	239
schauspielerinnen	3.20	239
schlafsack	3.20	239
abschleppwagen	3.20	239
schläfrig	3.20	239
verblassen	3.20	239
wait	3.20	239
selbstgespräche	3.20	239
drogenhändler	3.20	239
mayfield	3.20	239
stockton	3.20	239
festnahmen	3.20	239
lock	3.20	239
bey	3.20	239
freudig	3.20	239
flegel	3.20	239
schornstein	3.20	239
inventur	3.20	239
beaumont	3.20	239
empfiehlt	3.20	239
reflex	3.20	239
ist-	3.20	239
schäbigen	3.20	239
beleidigst	3.20	239
implantate	3.20	239
vorgarten	3.20	239
kambodscha	3.20	239
korken	3.20	239
publik	3.20	239
rauchte	3.20	239
wirjetzt	3.20	239
vergiftung	3.20	239
halliwell	3.20	239
tragischer	3.20	239
lähmung	3.20	239
barclay	3.20	239
annabel	3.20	239
identifizierte	3.20	239
cem	3.20	239
entfacht	3.20	239
lauras	3.20	239
hinterteil	3.20	239
beugt	3.20	239
gleise	3.20	239
schwängern	3.20	239
attila	3.20	239
murtaugh	3.20	239
verspüren	3.20	238
privatjet	3.20	238
polizeipräsident	3.20	238
kapitulieren	3.20	238
ck	3.20	238
hemingway	3.20	238
guatemala	3.20	238
speichel	3.20	238
radikal	3.20	238
nachmachen	3.20	238
jährlichen	3.20	238
emir	3.20	238
geschwür	3.20	238
gewissenhaft	3.20	238
organisierten	3.20	238
lebendes	3.20	238
gewichte	3.20	238
späte	3.20	238
stühlen	3.20	238
nicaragua	3.20	238
tape	3.20	238
kennenlernst	3.20	238
auszumachen	3.20	238
fleischer	3.20	238
pose	3.20	238
telepathie	3.20	238
schiefgegangen	3.20	238
krümmen	3.20	238
unruhestifter	3.20	238
schlagsahne	3.20	238
cincinnati	3.20	238
schizophrenie	3.20	238
arabische	3.20	238
wäschst	3.20	238
fist	3.20	238
zustände	3.20	238
mannomann	3.20	238
jockey	3.20	238
stärkeren	3.20	238
solchem	3.20	238
deckname	3.20	238
gedämpft	3.20	238
aushält	3.20	238
populär	3.20	238
montagmorgen	3.20	238
verdankt	3.20	238
füllung	3.20	238
bela	3.20	238
muhammad	3.20	238
abweichung	3.19	237
wegzuwerfen	3.19	237
beliebter	3.19	237
hoffmann	3.19	237
angebunden	3.19	237
sensible	3.19	237
wirksam	3.19	237
hinterlass	3.19	237
hochschule	3.19	237
bartholomew	3.19	237
historisch	3.19	237
förster	3.19	237
low	3.19	237
sicherheitsgründen	3.19	237
patmore	3.19	237
präfekt	3.19	237
wortspiel	3.19	237
quetschen	3.19	237
terra	3.19	237
alva	3.19	237
verlangten	3.19	237
nachhinein	3.19	237
verfolgungsjagd	3.19	237
durchlassen	3.19	237
auskennen	3.19	237
zuckerwatte	3.19	237
wiedergekommen	3.19	237
zugibt	3.19	237
cao	3.19	237
demütig	3.19	237
saw	3.19	237
komponist	3.19	237
berühmteste	3.19	237
emotionaler	3.19	237
erschüttern	3.19	237
daedalus	3.19	237
snob	3.19	237
tae	3.19	237
zurückkamen	3.19	237
grover	3.19	237
rettungsboot	3.19	237
levi	3.19	237
politikern	3.19	237
spritzer	3.19	237
bevorstehenden	3.19	237
blasphemie	3.19	237
tintenfisch	3.19	237
rocket	3.19	237
garnicht	3.19	237
gardinen	3.19	237
umschauen	3.19	237
web	3.19	237
direktion	3.19	237
intime	3.19	237
unvergesslich	3.19	237
birnen	3.19	237
buche	3.19	237
bierchen	3.19	237
heiler	3.19	237
sündigen	3.19	237
gönne	3.19	236
untergeschoss	3.19	236
medizinmann	3.19	236
friends	3.19	236
auszureden	3.19	236
schnalle	3.19	236
kontrollierte	3.19	236
frites	3.19	236
skizzen	3.19	236
jimmys	3.19	236
geschwänzt	3.19	236
verflixte	3.19	236
regent	3.19	236
hadley	3.19	236
cartman	3.19	236
verschlüsselte	3.19	236
liebchen	3.19	236
django	3.19	236
matsch	3.19	236
häfen	3.19	236
lokomotive	3.19	236
frohen	3.19	236
erfahrene	3.19	236
singles	3.19	236
vorübergehende	3.19	236
strukturen	3.19	236
zen	3.19	236
hybrid	3.19	236
sprangen	3.19	236
voss	3.19	236
format	3.19	236
emmet	3.19	236
pickup	3.19	236
dumpfes	3.19	236
böden	3.19	236
beliebteste	3.19	236
zentralen	3.19	236
petition	3.19	236
silvio	3.19	236
reinem	3.19	236
besagte	3.19	236
beauftragte	3.19	236
überwache	3.19	236
wähl	3.19	236
leipzig	3.19	236
lebzeiten	3.19	236
donau	3.19	236
interviewt	3.19	236
brustwarzen	3.19	236
sicherheitskameras	3.19	236
trenne	3.19	235
chevalier	3.19	235
frust	3.19	235
ertönen	3.19	235
ableben	3.19	235
kletterte	3.19	235
camillo	3.19	235
schlürfen	3.19	235
wegfliegen	3.19	235
hänsel	3.19	235
radikalen	3.19	235
schatzi	3.19	235
zwo	3.19	235
bennie	3.19	235
ric	3.19	235
künftigen	3.19	235
passender	3.19	235
shuttles	3.19	235
gleiches	3.19	235
parsons	3.19	235
entertainment	3.19	235
verbreitete	3.19	235
nickel	3.19	235
vorgemacht	3.19	235
delegation	3.19	235
laufend	3.19	235
ignoranz	3.19	235
christmas	3.19	235
eloise	3.19	235
müden	3.19	235
rizzo	3.19	235
patron	3.19	235
markenzeichen	3.19	235
wiederholte	3.19	235
verbitte	3.19	235
while	3.19	235
wachposten	3.19	235
sondereinheit	3.19	235
verweilen	3.19	235
dampfer	3.19	235
portionen	3.19	235
renovierung	3.19	235
motivieren	3.19	235
verhängt	3.19	235
kirsten	3.19	235
sodbrennen	3.19	235
aufforderung	3.19	235
wonne	3.19	235
derrick	3.19	235
ausgleichen	3.19	235
totschlagen	3.19	235
schlägen	3.19	235
bobbi	3.19	235
pförtner	3.19	235
tiefstem	3.19	235
erschwert	3.19	235
rin	3.19	235
claes	3.19	235
kroch	3.19	235
befürchtete	3.19	235
ki	3.19	235
modul	3.19	235
crest	3.19	235
lichtgeschwindigkeit	3.19	235
district	3.19	235
verheirateter	3.19	234
chilton	3.19	234
oak	3.19	234
übermütig	3.19	234
tofu	3.19	234
anzugehen	3.19	234
neutrale	3.19	234
heulsuse	3.19	234
mossad	3.19	234
anrecht	3.19	234
clifton	3.19	234
polnischen	3.19	234
dickkopf	3.19	234
trauzeugin	3.19	234
northern	3.19	234
zweihundert	3.19	234
stickstoff	3.19	234
blitzen	3.19	234
roxanne	3.19	234
stube	3.19	234
infizierte	3.19	234
chevron	3.19	234
katya	3.19	234
dre	3.19	234
dwayne	3.19	234
schlumpf	3.19	234
bundespolizei	3.19	234
erwies	3.19	234
gezüchtet	3.19	234
aufdrängen	3.19	234
anhaltspunkte	3.19	234
hierüber	3.19	234
ablehnt	3.19	234
passierschein	3.19	234
cécile	3.19	234
eulen	3.19	234
gewürze	3.19	234
versionen	3.19	234
startbereit	3.19	234
kaffeemaschine	3.19	234
rastet	3.19	234
georgetown	3.19	234
hobson	3.19	234
landstraße	3.19	234
lazarett	3.19	234
eisenkraut	3.19	234
thunder	3.19	234
elin	3.19	234
süsse	3.19	234
gegenwärtigen	3.19	234
monatlich	3.19	234
cordy	3.19	234
arabien	3.19	234
unbestimmte	3.19	234
fitch	3.19	234
mathematiker	3.19	234
machenschaften	3.19	234
zuständigen	3.19	234
armselige	3.19	234
bekifft	3.19	234
obdachloser	3.19	234
antonius	3.19	233
alibis	3.19	233
teuflischen	3.19	233
try	3.19	233
bestrafe	3.19	233
leugnet	3.19	233
michaela	3.19	233
chiefs	3.19	233
weingut	3.19	233
geistlichen	3.19	233
schubert	3.19	233
reibt	3.19	233
ungeschützt	3.19	233
adaption	3.19	233
anspannung	3.19	233
ha-ha	3.19	233
hehler	3.19	233
wirs	3.19	233
shen	3.19	233
armbrust	3.19	233
widerliches	3.19	233
aggressive	3.19	233
tomorrow	3.19	233
bugs	3.19	233
gruseligen	3.19	233
beleg	3.19	233
autodiebstahl	3.19	233
skitter	3.19	233
ruhst	3.19	233
glieder	3.19	233
meldeten	3.19	233
aii	3.19	233
gespuckt	3.19	233
narn	3.19	233
herumläuft	3.19	233
kostenlosen	3.19	233
käfige	3.19	233
maud	3.19	233
eingangstür	3.19	233
verweisen	3.19	233
kandidiert	3.19	233
infarkt	3.19	233
tussis	3.19	233
kaputtes	3.19	233
nicola	3.19	233
abbauen	3.19	233
hausfrauen	3.19	233
dichten	3.19	233
exekutiert	3.19	233
lösch	3.19	233
detektei	3.19	233
merle	3.19	233
plagt	3.19	233
avon	3.19	233
egoismus	3.19	233
ausgebreitet	3.19	233
stéphane	3.19	233
weigerst	3.19	233
schockieren	3.19	233
intensität	3.19	233
stapeln	3.19	233
überwiegend	3.19	233
leave	3.18	232
dickerchen	3.18	232
ehrliches	3.18	232
serviere	3.18	232
kulturelle	3.18	232
kenia	3.18	232
carlson	3.18	232
einzusteigen	3.18	232
mahoney	3.18	232
bezweifele	3.18	232
geheimagent	3.18	232
aida	3.18	232
gebiss	3.18	232
diktatur	3.18	232
zimperlich	3.18	232
städtischen	3.18	232
videokamera	3.18	232
steche	3.18	232
symbolisiert	3.18	232
holloway	3.18	232
raptor	3.18	232
schei	3.18	232
arkansas	3.18	232
polizeibeamter	3.18	232
genützt	3.18	232
transmitter	3.18	232
taugenichts	3.18	232
thorn	3.18	232
speedy	3.18	232
jürgen	3.18	232
wiederbeleben	3.18	232
ness	3.18	232
vorgesetzte	3.18	232
zugute	3.18	232
befriedigend	3.18	232
trade	3.18	232
unterliegen	3.18	232
abfackeln	3.18	232
verschwundene	3.18	232
éch	3.18	232
versöhnt	3.18	232
gequatscht	3.18	232
fänd	3.18	232
anmacht	3.18	232
blutspuren	3.18	232
nachteile	3.18	232
rey	3.18	232
henne	3.18	232
instinkten	3.18	232
gegners	3.18	232
durchsuchungsbeschluss	3.18	232
erhaben	3.18	232
hinfort	3.18	232
tad	3.18	232
babs	3.18	232
hatun	3.18	232
syndrom	3.18	232
schläfchen	3.18	232
gewissensbisse	3.18	232
hunderttausend	3.18	232
idiotische	3.18	232
gestillt	3.18	232
tansy	3.18	232
streuen	3.18	232
zusammenpassen	3.18	232
selbstmordversuch	3.18	231
clarice	3.18	231
glee	3.18	231
ahmad	3.18	231
rausgerutscht	3.18	231
abgelöst	3.18	231
aa	3.18	231
amore	3.18	231
röntgenbilder	3.18	231
aufgetrieben	3.18	231
vancouver	3.18	231
unerwünscht	3.18	231
popeye	3.18	231
smalltalk	3.18	231
inhumans	3.18	231
hodge	3.18	231
niederlagen	3.18	231
latinum	3.18	231
burrito	3.18	231
seelenverwandte	3.18	231
hausfriedensbruch	3.18	231
putsch	3.18	231
serling	3.18	231
tao	3.18	231
umarmungen	3.18	231
states	3.18	231
pavillon	3.18	231
verirren	3.18	231
jährliche	3.18	231
willig	3.18	231
börsenaufsicht	3.18	231
gut.	3.18	231
yusuf	3.18	231
italienischer	3.18	231
beschuldige	3.18	231
angeschnallt	3.18	231
sioux	3.18	231
sägewerk	3.18	231
bettina	3.18	231
begrenzte	3.18	231
zusammensein	3.18	231
leibliche	3.18	231
kommunistischen	3.18	231
sabbat	3.18	231
späße	3.18	231
unterleib	3.18	231
pfefferspray	3.18	231
gegenseitigkeit	3.18	231
jungchen	3.18	231
bestseller	3.18	231
bereitest	3.18	231
parke	3.18	231
gaia	3.18	231
gestatte	3.18	231
schleich	3.18	231
unterbrich	3.18	231
pfosten	3.18	231
gertrud	3.18	231
ekelig	3.18	231
roge	3.18	231
kolumbus	3.18	231
wörtern	3.18	231
abgehackt	3.18	231
geschleudert	3.18	230
holocaust	3.18	230
gebenedeit	3.18	230
kriegern	3.18	230
atwood	3.18	230
vereinigt	3.18	230
klimpern	3.18	230
geeignete	3.18	230
unbewusst	3.18	230
wusch	3.18	230
losen	3.18	230
fluggesellschaft	3.18	230
clair	3.18	230
genen	3.18	230
hera	3.18	230
einzuholen	3.18	230
lebenserhaltung	3.18	230
blaze	3.18	230
entsprechende	3.18	230
bettelt	3.18	230
amtszeit	3.18	230
schliesslich	3.18	230
feierten	3.18	230
monterey	3.18	230
auswirken	3.18	230
waschbären	3.18	230
steward	3.18	230
fei	3.18	230
jeanie	3.18	230
erhoffen	3.18	230
iv.	3.18	230
wirtshaus	3.18	230
zollen	3.18	230
erdrosselt	3.18	230
elisa	3.18	230
honolulu	3.18	230
dienten	3.18	230
dos	3.18	230
wohltätigkeit	3.18	230
augenblicken	3.18	230
schillinger	3.18	230
heide	3.18	230
schämte	3.18	230
geritzt	3.18	230
eisenhower	3.18	230
mäusen	3.18	230
sozialamt	3.18	230
krächzen	3.18	230
clave	3.18	230
arrangiere	3.18	230
weisse	3.18	230
verringert	3.18	230
klapsmühle	3.18	229
tosh	3.18	229
coffee	3.18	229
quarter	3.18	229
nachfahren	3.18	229
pferdes	3.18	229
geschwiegen	3.18	229
qui	3.18	229
safari	3.18	229
todmüde	3.18	229
doktors	3.18	229
inbegriffen	3.18	229
vollzeit	3.18	229
saturn	3.18	229
rafe	3.18	229
bane	3.18	229
berühr	3.18	229
wegsperren	3.18	229
janes	3.18	229
wachhund	3.18	229
vorschule	3.18	229
horne	3.18	229
angetrauten	3.18	229
heule	3.18	229
gebettelt	3.18	229
einwand	3.18	229
woo	3.18	229
argumentieren	3.18	229
telefonierte	3.18	229
aroma	3.18	229
geller	3.18	229
zirpen	3.18	229
vorausgesagt	3.18	229
protestanten	3.18	229
masern	3.18	229
gardens	3.18	229
lion	3.18	229
stichwunden	3.18	229
hiroshi	3.18	229
erdbeere	3.18	229
marshalls	3.18	229
beleidige	3.18	229
schnattern	3.18	229
copperfield	3.18	229
treibende	3.18	229
bzw.	3.18	229
hämisch	3.18	229
moritz	3.18	229
auszieht	3.18	229
glückseligkeit	3.18	229
mischst	3.18	229
historischer	3.18	229
schwedischen	3.18	229
disqualifiziert	3.18	229
managerin	3.18	228
schlaflosigkeit	3.18	228
anbeißen	3.18	228
wöchentlich	3.18	228
anspricht	3.18	228
sharona	3.18	228
tea	3.18	228
doña	3.18	228
außenteam	3.18	228
gieß	3.18	228
flowers	3.18	228
kämpferin	3.18	228
zimmernummer	3.18	228
castor	3.18	228
chefarzt	3.18	228
vakuum	3.18	228
bret	3.18	228
übernahmen	3.18	228
abwechselnd	3.18	228
garnichts	3.18	228
fortan	3.18	228
säen	3.18	228
bekleidet	3.18	228
geflüstert	3.18	228
gespött	3.18	228
drovers	3.18	228
metal	3.18	228
geschädigt	3.18	228
memme	3.18	228
wrestling	3.18	228
organische	3.18	228
bens	3.18	228
enid	3.18	228
ozeans	3.18	228
vermessen	3.18	228
abhängigkeit	3.18	228
steg	3.18	228
zuruck	3.18	228
nützlicher	3.18	228
dörfern	3.18	228
kaktus	3.18	228
abräumen	3.18	228
krummen	3.18	228
min.	3.18	228
ruine	3.18	228
mähen	3.18	228
soho	3.18	228
bolt	3.18	228
sprechanlage	3.18	228
einzuwenden	3.18	228
verdrückt	3.18	228
horoskop	3.18	228
verspüre	3.18	228
miauen	3.18	228
irma	3.18	228
skateboard	3.18	228
arterien	3.18	227
auffordern	3.18	227
olé	3.18	227
birkhoff	3.18	227
grollt	3.18	227
freundlicherweise	3.18	227
erotische	3.18	227
intelligenten	3.18	227
alaikum	3.18	227
costello	3.18	227
kaputter	3.18	227
purple	3.18	227
erhob	3.18	227
rar	3.18	227
verbleib	3.18	227
begriffe	3.18	227
elektromagnetische	3.18	227
ausrutscher	3.18	227
arg	3.18	227
agenda	3.18	227
trennte	3.18	227
vollkommene	3.18	227
englisches	3.18	227
forum	3.18	227
hierzubleiben	3.18	227
zuleide	3.18	227
quo	3.18	227
letzen	3.18	227
aufkreuzt	3.18	227
ergründen	3.18	227
zahnseide	3.18	227
brände	3.18	227
japanern	3.18	227
ziffern	3.18	227
delfin	3.18	227
mußten	3.18	227
zwanziger	3.18	227
lockere	3.18	227
komponiert	3.18	227
ipad	3.18	227
linse	3.18	227
eingesehen	3.18	227
stellvertretenden	3.18	227
wog	3.18	227
ferngesehen	3.18	227
genaueres	3.18	227
ehrwürdige	3.18	227
jang	3.18	227
intellekt	3.18	227
gestrickt	3.18	227
nackter	3.18	227
schmeichelt	3.18	227
smokey	3.18	227
essenszeit	3.18	227
verdeckten	3.17	226
another	3.17	226
schwartz	3.17	226
cannes	3.17	226
bauarbeiten	3.17	226
irrsinnig	3.17	226
gehindert	3.17	226
cid	3.17	226
wexler	3.17	226
crassus	3.17	226
antikörper	3.17	226
stellungen	3.17	226
living	3.17	226
unterliegt	3.17	226
entfallen	3.17	226
camden	3.17	226
nil	3.17	226
durchgestanden	3.17	226
erlebten	3.17	226
langt	3.17	226
metallisches	3.17	226
gesandten	3.17	226
verwaltet	3.17	226
rumzuhängen	3.17	226
verbände	3.17	226
pritchard	3.17	226
florian	3.17	226
stripclub	3.17	226
unterschätze	3.17	226
bediensteten	3.17	226
schöpft	3.17	226
amour	3.17	226
regele	3.17	226
lowry	3.17	226
zusammensetzung	3.17	226
hintergedanken	3.17	226
intellektuellen	3.17	226
dekorieren	3.17	226
brandi	3.17	226
religiöser	3.17	226
minderheit	3.17	226
strong	3.17	226
string	3.17	226
voraussetzung	3.17	226
ruthie	3.17	226
zoff	3.17	226
shore	3.17	226
scheusal	3.17	226
hinterlegt	3.17	226
zusammengekommen	3.17	226
draufgegangen	3.17	226
mans	3.17	226
schnallt	3.17	226
teen	3.17	226
gesichtserkennung	3.17	226
zeitreise	3.17	226
begründet	3.17	226
gestreift	3.17	226
rourke	3.17	226
ungewissheit	3.17	226
zurückzuhalten	3.17	226
anwesende	3.17	226
harfe	3.17	226
konzentrierst	3.17	226
goldstücke	3.17	226
macker	3.17	225
tappen	3.17	225
rechtmäßige	3.17	225
durchzugehen	3.17	225
bräuchtest	3.17	225
doktoren	3.17	225
effektiver	3.17	225
runtergekommen	3.17	225
herholen	3.17	225
violine	3.17	225
künftige	3.17	225
fallt	3.17	225
devereaux	3.17	225
weitergemacht	3.17	225
recep	3.17	225
raja	3.17	225
fortgegangen	3.17	225
hide	3.17	225
gutheißen	3.17	225
kriegsheld	3.17	225
ministerin	3.17	225
vorwahl	3.17	225
eroberer	3.17	225
verführung	3.17	225
wegschmeißen	3.17	225
s.t.a.r.	3.17	225
oberkommando	3.17	225
vereinbarten	3.17	225
verkackt	3.17	225
hauptkommissar	3.17	225
zellenblock	3.17	225
füllte	3.17	225
schlachter	3.17	225
nabelschnur	3.17	225
kritische	3.17	225
jing	3.17	225
unschön	3.17	225
dauerhafte	3.17	225
nieten	3.17	225
ermessen	3.17	225
jesses	3.17	225
titte	3.17	225
auslaufen	3.17	225
erbt	3.17	225
ohhh	3.17	225
eingeschleust	3.17	225
wegnimmt	3.17	225
visite	3.17	225
provokation	3.17	225
gören	3.17	225
spezieller	3.17	225
lieblinge	3.17	225
erwärmung	3.17	225
waller	3.17	225
justizminister	3.17	225
sandalen	3.17	225
zurückgelegt	3.17	225
hineinziehen	3.17	225
yves	3.17	224
doppeltes	3.17	224
schmarotzer	3.17	224
frida	3.17	224
massenhaft	3.17	224
vorzutäuschen	3.17	224
bohannon	3.17	224
cochran	3.17	224
showgeschäft	3.17	224
amandas	3.17	224
fredrik	3.17	224
hochgeladen	3.17	224
festessen	3.17	224
gekürzt	3.17	224
vergnügungspark	3.17	224
gestaltet	3.17	224
hardison	3.17	224
anstoß	3.17	224
generatoren	3.17	224
mobiltelefon	3.17	224
gustavo	3.17	224
eingewilligt	3.17	224
seeleute	3.17	224
sättigung	3.17	224
rütteln	3.17	224
hinausgehen	3.17	224
hiesige	3.17	224
ergib	3.17	224
bösartige	3.17	224
bäng	3.17	224
orpheus	3.17	224
aufzulösen	3.17	224
verstärker	3.17	224
umkleideraum	3.17	224
puzzles	3.17	224
spießig	3.17	224
sparrow	3.17	224
großzügiger	3.17	224
buchstabiert	3.17	224
infiltrieren	3.17	224
gaga	3.17	224
miterleben	3.17	224
aufsichtsrat	3.17	224
salzwasser	3.17	224
matheson	3.17	224
colleges	3.17	224
sana	3.17	224
ralf	3.17	224
schwärmen	3.17	224
geleiten	3.17	224
tach	3.17	224
stehend	3.17	224
schrotthaufen	3.17	224
schneien	3.17	224
trikot	3.17	224
siehste	3.17	224
gnädigste	3.17	224
autogramme	3.17	224
herauszufordern	3.17	224
feeling	3.17	224
suspendierung	3.17	224
lasten	3.17	224
triebwerk	3.17	224
sold	3.17	224
bowen	3.17	224
kidnapping	3.17	224
wartung	3.17	224
endgültigen	3.17	224
maskierte	3.17	224
faulpelz	3.17	224
spaßen	3.17	224
gewässern	3.17	224
katia	3.17	224
marisa	3.17	224
bellheim	3.17	224
zusammengesetzt	3.17	224
surfer	3.17	224
abzuwarten	3.17	223
geeigneten	3.17	223
vorhersehen	3.17	223
schwindet	3.17	223
anschaue	3.17	223
kittchen	3.17	223
einsturz	3.17	223
blöcke	3.17	223
verehre	3.17	223
flo	3.17	223
verbreitung	3.17	223
eidechse	3.17	223
rays	3.17	223
vertuschung	3.17	223
wegkommt	3.17	223
vollziehen	3.17	223
übergelaufen	3.17	223
durchsickern	3.17	223
schädlich	3.17	223
benehme	3.17	223
jeher	3.17	223
vorwarnen	3.17	223
cheerleaderin	3.17	223
durchschnittliche	3.17	223
trager	3.17	223
flores	3.17	223
straftäter	3.17	223
wußten	3.17	223
amazonas	3.17	223
gerichtsdiener	3.17	223
konkrete	3.17	223
breiter	3.17	223
mata	3.17	223
zaubertrick	3.17	223
arbeitslosigkeit	3.17	223
weihwasser	3.17	223
krepiert	3.17	223
willenskraft	3.17	223
anrichtet	3.17	223
zahm	3.17	223
bartlett	3.17	223
klebrig	3.17	223
rumfahren	3.17	223
abrechnen	3.17	223
ausbluten	3.17	223
records	3.17	223
vo	3.17	223
wörtchen	3.17	223
faber	3.17	223
nutzlose	3.17	223
abnimmt	3.17	223
allererste	3.17	223
langfristig	3.17	223
kessler	3.17	223
pipeline	3.17	223
predigten	3.17	223
prügelt	3.17	223
taler	3.17	223
thermometer	3.17	223
gehaltsliste	3.17	223
feuerholz	3.17	223
vulkanische	3.17	223
verrückteste	3.17	223
j.p.	3.17	223
fruchtblase	3.17	223
wehrlos	3.17	223
nationalhymne	3.17	223
mccabe	3.17	223
durftest	3.17	223
bindungen	3.17	223
quartal	3.17	223
kitchen	3.17	223
leckerbissen	3.17	223
beliebte	3.17	223
guru	3.17	223
rommel	3.17	223
unabhängigen	3.17	223
wirkliches	3.17	223
hassten	3.17	222
wegräumen	3.17	222
klinische	3.17	222
sees	3.17	222
isles	3.17	222
merrick	3.17	222
wimper	3.17	222
moreau	3.17	222
minimal	3.17	222
heimatschutz	3.17	222
weiterlaufen	3.17	222
partisanen	3.17	222
İbrahim	3.17	222
bourne	3.17	222
mistvieh	3.17	222
lundy	3.17	222
kalinda	3.17	222
zylon	3.17	222
intellektuelle	3.17	222
großzügiges	3.17	222
riesenfehler	3.17	222
ulrich	3.17	222
pfote	3.17	222
vornehme	3.17	222
symbolisch	3.17	222
berüchtigte	3.17	222
lutscht	3.17	222
reib	3.17	222
divine	3.17	222
rome	3.17	222
schlafend	3.17	222
mitnehme	3.17	222
absaugen	3.17	222
grundlegende	3.17	222
untersuchungshaft	3.17	222
gesimst	3.17	222
jacksons	3.17	222
scharfer	3.17	222
gemischte	3.17	222
nachgegeben	3.17	222
klassisches	3.17	222
klapse	3.17	222
totenwache	3.17	222
dreams	3.17	222
schliche	3.17	222
ausgespielt	3.17	222
ungewiss	3.17	222
feger	3.17	222
äußeres	3.17	222
giuseppe	3.17	222
hauptdarsteller	3.17	222
ungeduld	3.17	222
glatter	3.17	222
lieblich	3.17	222
redding	3.17	222
chekov	3.17	222
ausbreitet	3.17	222
eilmeldung	3.17	222
menschenrechte	3.17	222
ausgerottet	3.17	222
häppchen	3.17	222
verrücktheit	3.17	222
hinterhältige	3.16	221
schwerhörig	3.16	221
chemikalie	3.16	221
spieluhr	3.16	221
übereinander	3.16	221
empfehlungsschreiben	3.16	221
verzweifelter	3.16	221
malia	3.16	221
zeitig	3.16	221
gilligan	3.16	221
hingeben	3.16	221
abhaust	3.16	221
rechtliche	3.16	221
spaziergänge	3.16	221
färbt	3.16	221
statistisch	3.16	221
schleimer	3.16	221
aufzubrechen	3.16	221
lederjacke	3.16	221
mittagszeit	3.16	221
zerotollerance	3.16	221
lautstärke	3.16	221
ermüdend	3.16	221
gratuliert	3.16	221
windpocken	3.16	221
sternschnuppe	3.16	221
bigfoot	3.16	221
chateau	3.16	221
postfach	3.16	221
verfällt	3.16	221
schaltete	3.16	221
schleuse	3.16	221
glatte	3.16	221
kommende	3.16	221
lavinia	3.16	221
ehrenwerten	3.16	221
joffrey	3.16	221
feds	3.16	221
hildy	3.16	221
millers	3.16	221
id	3.16	221
prozesse	3.16	221
abc	3.16	221
geschüttet	3.16	221
köstliche	3.16	221
benötigte	3.16	221
staten	3.16	221
späteren	3.16	221
plattenspieler	3.16	221
wiederzufinden	3.16	221
tripper	3.16	221
bedeutenden	3.16	221
staatssekretär	3.16	221
übrige	3.16	221
demenz	3.16	221
wartezeit	3.16	221
namensschild	3.16	221
psychose	3.16	221
lallt	3.16	221
flemming	3.16	221
verschlimmern	3.16	221
kruste	3.16	221
blutproben	3.16	221
guerrero	3.16	221
blinker	3.16	221
alk	3.16	221
diesjährigen	3.16	221
verliebst	3.16	221
jemen	3.16	220
propeller	3.16	220
abzusagen	3.16	220
spendiere	3.16	220
flachen	3.16	220
begutachten	3.16	220
empor	3.16	220
santino	3.16	220
garza	3.16	220
bescheidener	3.16	220
stützt	3.16	220
lebensmittelvergiftung	3.16	220
kanadischen	3.16	220
orient	3.16	220
vizepräsidentin	3.16	220
netze	3.16	220
hierbehalten	3.16	220
unterbesetzt	3.16	220
fleisches	3.16	220
riskierte	3.16	220
ehemals	3.16	220
anzuschreien	3.16	220
schiene	3.16	220
vogue	3.16	220
auseinandernehmen	3.16	220
cruise	3.16	220
merry	3.16	220
selena	3.16	220
einzuziehen	3.16	220
trompetet	3.16	220
schießereien	3.16	220
una	3.16	220
victory	3.16	220
balg	3.16	220
zeigefinger	3.16	220
unterstehen	3.16	220
waffel	3.16	220
panikattacke	3.16	220
eingeäschert	3.16	220
kampflos	3.16	220
genfer	3.16	220
kato	3.16	220
forensische	3.16	220
unzerstörbar	3.16	220
miterlebt	3.16	220
kinderheim	3.16	220
tyrell	3.16	220
bethlehem	3.16	220
schutzlos	3.16	220
technisches	3.16	220
tendenz	3.16	220
siehts	3.16	220
fürchteten	3.16	220
uhura	3.16	220
entschloss	3.16	220
beruflichen	3.16	220
muttertag	3.16	220
orgelmusik	3.16	220
aktionäre	3.16	220
arthurs	3.16	220
ausgewichen	3.16	220
adebisi	3.16	220
gotta	3.16	220
minenfeld	3.16	220
gewählte	3.16	220
kilogramm	3.16	220
paragraph	3.16	220
irrational	3.16	220
schulabschluss	3.16	220
eureka	3.16	220
ergaben	3.16	220
ziggy	3.16	219
sylar	3.16	219
festgebunden	3.16	219
gul	3.16	219
zügig	3.16	219
hochverrats	3.16	219
schwebte	3.16	219
seilen	3.16	219
strip	3.16	219
brokkoli	3.16	219
ozzie	3.16	219
salzig	3.16	219
foyer	3.16	219
feierst	3.16	219
italienisches	3.16	219
veränderten	3.16	219
sippe	3.16	219
unauffindbar	3.16	219
knappen	3.16	219
abblitzen	3.16	219
ähh	3.16	219
brautpaar	3.16	219
veteran	3.16	219
eskaliert	3.16	219
unterredung	3.16	219
zurückzugewinnen	3.16	219
nagellack	3.16	219
burn	3.16	219
zehnte	3.16	219
colton	3.16	219
straftaten	3.16	219
sies	3.16	219
majid	3.16	219
caputo	3.16	219
krempel	3.16	219
inga	3.16	219
solls	3.16	219
lelouch	3.16	219
intensive	3.16	219
wischt	3.16	219
frischfleisch	3.16	219
digger	3.16	219
proteine	3.16	219
storch	3.16	219
sternzeichen	3.16	219
terrorisiert	3.16	219
marthe	3.16	219
bridges	3.16	219
elsie	3.16	219
ruiz	3.16	219
klarem	3.16	219
kugelsicher	3.16	219
klassenkameraden	3.16	219
manson	3.16	219
c4	3.16	219
vorschau	3.16	218
verbrennst	3.16	218
zusammentreffen	3.16	218
türmen	3.16	218
dampfen	3.16	218
beschmutzen	3.16	218
risa	3.16	218
signiert	3.16	218
umzusetzen	3.16	218
podium	3.16	218
clovis	3.16	218
margaux	3.16	218
äußerste	3.16	218
zurückzulassen	3.16	218
verändere	3.16	218
ergebnissen	3.16	218
langweiliges	3.16	218
goethe	3.16	218
weii	3.16	218
unternimm	3.16	218
überrannt	3.16	218
hysterie	3.16	218
abspielt	3.16	218
without	3.16	218
klau	3.16	218
menschenseele	3.16	218
bewegend	3.16	218
konsequenz	3.16	218
aufgeregtes	3.16	218
sicherungen	3.16	218
nichtsdestotrotz	3.16	218
tig	3.16	218
inventar	3.16	218
wegweiser	3.16	218
zutrauen	3.16	218
sinnvolles	3.16	218
verborgene	3.16	218
wissenschaftlern	3.16	218
einzuschlafen	3.16	218
kareem	3.16	218
kommentieren	3.16	218
inkompetent	3.16	218
tätowieren	3.16	218
tigers	3.16	218
mets	3.16	218
träge	3.16	218
leiblichen	3.16	218
anmache	3.16	218
bedürfnissen	3.16	218
tätowierungen	3.16	218
reifer	3.16	218
königlich	3.16	218
zwinkern	3.16	218
fußballspiel	3.16	218
hamid	3.16	218
laub	3.16	218
dix	3.16	218
reeves	3.16	218
flipp	3.16	218
auguste	3.16	218
zivilisierte	3.16	218
robe	3.16	218
betrugs	3.16	217
erhöhung	3.16	217
verbundenen	3.16	217
far	3.16	217
clément	3.16	217
boutique	3.16	217
verlogene	3.16	217
eintrittskarte	3.16	217
braxton	3.16	217
verfüge	3.16	217
mordopfer	3.16	217
lombard	3.16	217
asa	3.16	217
verspeist	3.16	217
grösste	3.16	217
quecksilber	3.16	217
anzustellen	3.16	217
hocherfreut	3.16	217
pancakes	3.16	217
duett	3.16	217
jüngerer	3.16	217
aufzusuchen	3.16	217
digitalen	3.16	217
flöten	3.16	217
marla	3.16	217
besetzten	3.16	217
hungrige	3.16	217
rach	3.16	217
prominente	3.16	217
aldo	3.16	217
eingelöst	3.16	217
hitchcock	3.16	217
namaste	3.16	217
rousseau	3.16	217
organismen	3.16	217
j.b.	3.16	217
sonnenbrand	3.16	217
ermittle	3.16	217
kingsley	3.16	217
brite	3.16	217
sozialversicherungsnummer	3.16	217
gasthof	3.16	217
brenzlig	3.16	217
batista	3.16	217
ruiniere	3.16	217
spritz	3.16	217
nunmehr	3.16	217
gerichtsverfahren	3.16	217
empfing	3.16	217
absurde	3.16	217
liebesbrief	3.16	217
mycroft	3.16	217
schäfchen	3.16	217
gelobe	3.16	217
unterdrückten	3.16	217
maßen	3.15	216
geschlechts	3.15	216
tribüne	3.15	216
verzerrte	3.15	216
kiosk	3.15	216
root	3.15	216
energisch	3.15	216
geplagt	3.15	216
row	3.15	216
korrigiere	3.15	216
magneten	3.15	216
kriegten	3.15	216
abrupt	3.15	216
gewaltiges	3.15	216
brewer	3.15	216
radioaktivität	3.15	216
verordnung	3.15	216
waldemar	3.15	216
chick	3.15	216
südwesten	3.15	216
beraterin	3.15	216
vermögens	3.15	216
münztelefon	3.15	216
guthrie	3.15	216
maklerin	3.15	216
verwandelst	3.15	216
weller	3.15	216
sato	3.15	216
gekettet	3.15	216
lam	3.15	216
inkompetenz	3.15	216
entflohen	3.15	216
angewandt	3.15	216
bern	3.15	216
ausgewiesen	3.15	216
aviv	3.15	216
glüht	3.15	216
flüchtete	3.15	216
wachdienst	3.15	216
schießstand	3.15	216
gedärme	3.15	216
kreativen	3.15	216
leia	3.15	216
schüttel	3.15	216
hecke	3.15	216
maxim	3.15	216
londo	3.15	216
weinberg	3.15	216
fitness	3.15	216
aschenputtel	3.15	216
nichtig	3.15	216
sprengkopf	3.15	216
sensibler	3.15	216
referat	3.15	216
abhacken	3.15	216
blutkörperchen	3.15	216
fortpflanzung	3.15	215
casinos	3.15	215
nnen	3.15	215
verhörraum	3.15	215
beziehungsweise	3.15	215
bobbys	3.15	215
sonnig	3.15	215
bali	3.15	215
rückfahrt	3.15	215
schlosses	3.15	215
durchlebt	3.15	215
harker	3.15	215
schlafengehen	3.15	215
whitehall	3.15	215
gebrochenem	3.15	215
pond	3.15	215
muh	3.15	215
aktivierung	3.15	215
wettstreit	3.15	215
ausgearbeitet	3.15	215
weather	3.15	215
vorankommen	3.15	215
deadline	3.15	215
vorfinden	3.15	215
cornelia	3.15	215
reinhauen	3.15	215
verlegung	3.15	215
wahrsagerin	3.15	215
gwendolyn	3.15	215
unartig	3.15	215
geburtsort	3.15	215
sofortigen	3.15	215
schwätzer	3.15	215
leader	3.15	215
königen	3.15	215
wüßte	3.15	215
alleingang	3.15	215
phänomenal	3.15	215
keeler	3.15	215
ti	3.15	215
krankenakte	3.15	215
dobey	3.15	215
swift	3.15	215
45er	3.15	215
rätseln	3.15	215
gewinnerin	3.15	215
schmiede	3.15	215
seal	3.15	215
gerutscht	3.15	215
systematisch	3.15	215
absteige	3.15	215
nachzuholen	3.15	215
xiao	3.15	215
lexington	3.15	215
witzfigur	3.15	215
einschläfern	3.15	215
erörtern	3.15	215
bloßgestellt	3.15	215
schweinestall	3.15	215
versteigert	3.15	215
tampa	3.15	215
maßstab	3.15	215
verstorbener	3.15	215
belegschaft	3.15	215
finley	3.15	215
argo	3.15	215
sunnydale	3.15	214
grässliche	3.15	214
scharade	3.15	214
carr	3.15	214
abzuschneiden	3.15	214
runtergeholt	3.15	214
körpertemperatur	3.15	214
konzentrierte	3.15	214
leif	3.15	214
drenton	3.15	214
privatbesitz	3.15	214
totem	3.15	214
untertreibung	3.15	214
dazugehört	3.15	214
abzüge	3.15	214
schusswunden	3.15	214
durchgeknallte	3.15	214
lungenkrebs	3.15	214
apartments	3.15	214
leim	3.15	214
beiträge	3.15	214
gefälligkeit	3.15	214
bärchen	3.15	214
versetzte	3.15	214
rohe	3.15	214
aufsteht	3.15	214
mesa	3.15	214
regenmantel	3.15	214
vorkommnisse	3.15	214
jazzmusik	3.15	214
arrangierte	3.15	214
vader	3.15	214
anzügen	3.15	214
charmanten	3.15	214
apostel	3.15	214
unendlichkeit	3.15	214
geldgeber	3.15	214
biologischer	3.15	214
kelvin	3.15	214
synagoge	3.15	214
shadowhunter	3.15	214
stringer	3.15	214
blendet	3.15	214
entzündung	3.15	214
erforschung	3.15	214
berüchtigten	3.15	214
cousinen	3.15	214
konzerne	3.15	214
untertasse	3.15	214
schnitzel	3.15	214
fehlgeschlagen	3.15	214
erkaufen	3.15	214
gangstern	3.15	214
briareos	3.15	214
hundesohn	3.15	214
dableiben	3.15	214
ml	3.15	214
hierauf	3.15	214
reichs	3.15	214
kinderleicht	3.15	214
atom	3.15	214
bewunderte	3.15	214
bedrängen	3.15	214
unerwarteten	3.15	214
dickschädel	3.15	214
gesuchte	3.15	213
ventura	3.15	213
hahaha	3.15	213
baumarkt	3.15	213
blindheit	3.15	213
melonen	3.15	213
herald	3.15	213
aggressiver	3.15	213
gebohrt	3.15	213
heiligtum	3.15	213
samariter	3.15	213
yay	3.15	213
eingeht	3.15	213
unantastbar	3.15	213
wiederkommst	3.15	213
hallt	3.15	213
bra	3.15	213
schwungvolle	3.15	213
candice	3.15	213
almeida	3.15	213
pantoffeln	3.15	213
frazier	3.15	213
handgelenke	3.15	213
verschweigt	3.15	213
short	3.15	213
gerate	3.15	213
dramatischer	3.15	213
frodo	3.15	213
jüngling	3.15	213
snart	3.15	213
vorstrafenregister	3.15	213
geschäftsfrau	3.15	213
schufte	3.15	213
stalingrad	3.15	213
rissen	3.15	213
metatron	3.15	213
bekanntes	3.15	213
überredete	3.15	213
freimachen	3.15	213
verona	3.15	213
durchzukommen	3.15	213
zahnstocher	3.15	213
under	3.15	213
doppel	3.15	213
madge	3.15	213
swing	3.15	213
abgebissen	3.15	213
stadtteil	3.15	213
gifte	3.15	213
ichabod	3.15	213
betonung	3.15	213
dringenden	3.15	213
volkoff	3.15	213
sporthalle	3.15	213
sos	3.15	213
übernehmt	3.15	213
kopierer	3.15	213
meinungsverschiedenheit	3.15	213
baumeln	3.15	213
aufgeschnappt	3.15	213
unterzeichne	3.15	213
betätigen	3.15	213
erklärten	3.15	213
übernachte	3.15	213
wendepunkt	3.15	213
kenner	3.15	213
eskortieren	3.15	213
angefreundet	3.15	213
medizinstudium	3.15	213
halbschwester	3.15	213
praktiziert	3.15	213
phantombild	3.15	213
funktionsfähig	3.15	213
katakomben	3.15	213
klügsten	3.15	213
tänze	3.15	212
nutzung	3.15	212
arbeitszeiten	3.15	212
kanbei	3.15	212
nationaler	3.15	212
klan	3.15	212
anordnen	3.15	212
rechtfertigung	3.15	212
frühestens	3.15	212
gelangte	3.15	212
wertvollste	3.15	212
sachs	3.15	212
gerüche	3.15	212
takes	3.15	212
großmeister	3.15	212
arsen	3.15	212
mordversuch	3.15	212
unfruchtbar	3.15	212
donnert	3.15	212
symptomen	3.15	212
effizienter	3.15	212
humbert	3.15	212
vonda	3.15	212
aufmachst	3.15	212
versinkt	3.15	212
morgige	3.15	212
energien	3.15	212
tönen	3.15	212
impotent	3.15	212
polizeisirenen	3.15	212
quill	3.15	212
mordfälle	3.15	212
houdini	3.15	212
kulisse	3.15	212
mundharmonika	3.15	212
maschinengewehre	3.15	212
zauberkraft	3.15	212
anbeginn	3.15	212
verfangen	3.15	212
borden	3.15	212
symbionten	3.15	212
gedämpfte	3.15	212
blutzucker	3.15	212
mcnulty	3.15	212
bräuche	3.15	212
sonnenfinsternis	3.15	212
vergessenheit	3.15	212
margaritas	3.15	212
mordnacht	3.15	212
patenonkel	3.15	212
vergeudest	3.15	212
skynet	3.15	212
dienstlich	3.15	212
gerd	3.15	212
strippen	3.15	212
ägyptische	3.15	212
motte	3.15	212
fragezeichen	3.15	212
rennstrecke	3.15	212
ellison	3.15	212
invisible	3.15	212
perseus	3.15	212
kolonisten	3.15	212
autofahrer	3.15	212
bahre	3.15	212
grossmutter	3.15	212
möglichstes	3.15	212
vorzugehen	3.15	212
gewandert	3.15	212
luxemburg	3.15	212
rausgeschnitten	3.15	212
celine	3.15	212
zugetragen	3.15	212
klemmen	3.15	212
schrien	3.15	212
waffensysteme	3.15	212
schar	3.14	211
emails	3.14	211
jean-pierre	3.14	211
leidenschaften	3.14	211
sketch	3.14	211
hoshi	3.14	211
samuels	3.14	211
rolex	3.14	211
windelweich	3.14	211
zuwenden	3.14	211
herankommen	3.14	211
sgc	3.14	211
bestatter	3.14	211
relais	3.14	211
cardiff	3.14	211
schlingel	3.14	211
meckert	3.14	211
schlauen	3.14	211
flüche	3.14	211
annäherung	3.14	211
ausverkauf	3.14	211
morrow	3.14	211
rings	3.14	211
anatomy	3.14	211
christoph	3.14	211
respektierst	3.14	211
ruinierte	3.14	211
wohlfahrt	3.14	211
frenchy	3.14	211
mädchenname	3.14	211
umtauschen	3.14	211
dichtmachen	3.14	211
jegliches	3.14	211
ramses	3.14	211
abscheulichen	3.14	211
raubtiere	3.14	211
newport	3.14	211
ladenbesitzer	3.14	211
umzukehren	3.14	211
tieres	3.14	211
tumult	3.14	211
eintausend	3.14	211
sterbende	3.14	211
verloben	3.14	211
belagert	3.14	211
entfalten	3.14	211
zehntel	3.14	211
druiden	3.14	211
begehre	3.14	211
gelauscht	3.14	211
bu	3.14	211
arc	3.14	211
sensor	3.14	211
romain	3.14	211
emilia	3.14	211
wide	3.14	211
inszenieren	3.14	211
akzeptierte	3.14	211
clancy	3.14	211
geldwäsche	3.14	211
wertsachen	3.14	211
japsen	3.14	211
ausreißer	3.14	211
vorgeladen	3.14	211
emmas	3.14	211
anarchy	3.14	211
staatsgefängnis	3.14	211
casablanca	3.14	211
ca	3.14	211
bestimmst	3.14	211
fäusten	3.14	211
erloschen	3.14	211
einchecken	3.14	211
jaye	3.14	211
übeltäter	3.14	211
verteilung	3.14	211
waverly	3.14	210
aufrichtiges	3.14	210
komponenten	3.14	210
lesung	3.14	210
diggle	3.14	210
raines	3.14	210
dempsey	3.14	210
swann	3.14	210
aufzuwachsen	3.14	210
jr.	3.14	210
feuerball	3.14	210
autopilot	3.14	210
barnum	3.14	210
überlistet	3.14	210
verdienste	3.14	210
verstörend	3.14	210
schaltkreise	3.14	210
rhode	3.14	210
straight	3.14	210
heißesten	3.14	210
pünktlichkeit	3.14	210
dynamik	3.14	210
schlafsaal	3.14	210
verweht	3.14	210
knochenmark	3.14	210
dokumentieren	3.14	210
enttäuschst	3.14	210
hub	3.14	210
häusliche	3.14	210
ködern	3.14	210
flugzeugs	3.14	210
sub	3.14	210
unterirdisch	3.14	210
elvira	3.14	210
genagelt	3.14	210
universal	3.14	210
egoist	3.14	210
preisgeld	3.14	210
gelehrten	3.14	210
definiere	3.14	210
unerlaubt	3.14	210
ausgetrunken	3.14	210
dresden	3.14	210
a.j.	3.14	210
absperren	3.14	210
gia	3.14	210
fliegender	3.14	210
valencia	3.14	210
lahmen	3.14	210
absicherung	3.14	210
oftmals	3.14	210
pfiffe	3.14	210
gekniffen	3.14	210
ballard	3.14	210
orchideen	3.14	210
chino	3.14	210
rausgeben	3.14	210
early	3.14	210
engländerin	3.14	210
rausgebracht	3.14	210
triaden	3.14	210
dingsbums	3.14	210
lebendiges	3.14	210
begreif	3.14	210
gründliche	3.14	210
schrumpfen	3.14	210
juliana	3.14	210
königlicher	3.14	210
dooley	3.14	210
ausreißen	3.14	210
sterblicher	3.14	210
reifenspuren	3.14	210
grille	3.14	210
frierst	3.14	209
barksdale	3.14	209
potts	3.14	209
edelsteine	3.14	209
opie	3.14	209
sturer	3.14	209
nordamerika	3.14	209
gründung	3.14	209
fake	3.14	209
bombenleger	3.14	209
nordosten	3.14	209
riverside	3.14	209
sonnencreme	3.14	209
besichtigung	3.14	209
stillgelegt	3.14	209
bora	3.14	209
zahlreichen	3.14	209
cleopatra	3.14	209
opferte	3.14	209
erlass	3.14	209
watt	3.14	209
verlernt	3.14	209
schubst	3.14	209
lampenfieber	3.14	209
atf	3.14	209
untersteht	3.14	209
deutliche	3.14	209
kleidet	3.14	209
beträchtliche	3.14	209
reibungslos	3.14	209
fliesen	3.14	209
pelzmantel	3.14	209
shot	3.14	209
codewort	3.14	209
brenn	3.14	209
mats	3.14	209
eintraf	3.14	209
vale	3.14	209
gulden	3.14	209
tollsten	3.14	209
grundsatz	3.14	209
prärie	3.14	209
passagieren	3.14	209
dehydriert	3.14	209
giftigen	3.14	209
dna-test	3.14	209
allerlei	3.14	209
blonder	3.14	209
heizen	3.14	209
panische	3.14	209
flipper	3.14	209
mumbai	3.14	209
verhandle	3.14	209
liebesbriefe	3.14	209
abscheu	3.14	209
crewe	3.14	209
transaktionen	3.14	209
sorgfalt	3.14	209
einzurichten	3.14	209
verkünde	3.14	209
ausübung	3.14	209
hungrigen	3.14	209
else	3.14	209
kanadische	3.14	209
betrachtete	3.14	209
ausbringen	3.14	209
dornen	3.14	209
mcnally	3.14	209
zahnspange	3.14	209
trainierte	3.14	209
khalid	3.14	209
sieges	3.14	209
mathis	3.14	209
einfiel	3.14	209
stünden	3.14	209
ignorant	3.14	209
bewache	3.14	209
col.	3.14	209
wiley	3.14	209
sancho	3.14	209
paten	3.14	209
furzt	3.14	209
doofen	3.14	209
rupien	3.14	209
heimkommt	3.14	209
getaucht	3.14	209
probierst	3.14	209
ehesten	3.14	208
beeindruckender	3.14	208
sozialhilfe	3.14	208
phönix	3.14	208
injizieren	3.14	208
crunch	3.14	208
absprache	3.14	208
unzähligen	3.14	208
verschlüsselung	3.14	208
camping	3.14	208
tratschen	3.14	208
hereingekommen	3.14	208
asiatischen	3.14	208
spann	3.14	208
stoßstange	3.14	208
gesellschaftliche	3.14	208
freiheitsstatue	3.14	208
lehnst	3.14	208
dolls	3.14	208
trinkspruch	3.14	208
lamb	3.14	208
schläuche	3.14	208
bemerke	3.14	208
importiert	3.14	208
tauschte	3.14	208
totenschein	3.14	208
gähnt	3.14	208
analysen	3.14	208
gelenkt	3.14	208
sperrgebiet	3.14	208
chrissy	3.14	208
dancer	3.14	208
christin	3.14	208
codename	3.14	208
shapiro	3.14	208
kürzeren	3.14	208
expandieren	3.14	208
hingekommen	3.14	208
leichtigkeit	3.14	208
täters	3.14	208
delaware	3.14	208
wil	3.14	208
juri	3.14	208
berechtigte	3.14	208
atombomben	3.14	208
geschoss	3.14	208
gebrochener	3.14	208
detailliert	3.14	208
zuwider	3.14	208
duval	3.14	208
erdenkliche	3.14	208
ausspucken	3.14	208
banal	3.14	208
38er	3.14	208
gehege	3.14	208
angewidert	3.14	208
besänftigen	3.14	208
schlafende	3.14	208
zivil	3.14	208
odile	3.14	208
unheilbar	3.14	208
liberalen	3.14	208
mass	3.14	208
kombinieren	3.14	208
projektor	3.14	208
prominenten	3.14	208
magistrat	3.14	208
hinfliegen	3.14	208
hauptverdächtige	3.14	208
süleyman	3.14	208
drumherum	3.14	208
conde	3.14	208
bagels	3.14	208
globe	3.13	207
ripped	3.13	207
umgesetzt	3.13	207
found	3.13	207
stunts	3.13	207
quälst	3.13	207
zivilen	3.13	207
überschwemmt	3.13	207
verhafteten	3.13	207
kompensieren	3.13	207
stifler	3.13	207
spatzen	3.13	207
reinwaschen	3.13	207
fairness	3.13	207
wiederbelebt	3.13	207
olivenöl	3.13	207
stasi	3.13	207
kamp	3.13	207
verbannung	3.13	207
sommerhaus	3.13	207
motten	3.13	207
sonnabend	3.13	207
sacha	3.13	207
äste	3.13	207
vergöttert	3.13	207
nachgelassen	3.13	207
einsames	3.13	207
flüssigkeiten	3.13	207
mako	3.13	207
howell	3.13	207
achilles	3.13	207
leitest	3.13	207
begnügen	3.13	207
weltfrieden	3.13	207
gebügelt	3.13	207
betraf	3.13	207
schlüsselbein	3.13	207
entsetzen	3.13	207
gareth	3.13	207
radiosender	3.13	207
falte	3.13	207
schleppe	3.13	207
lilien	3.13	207
sonar	3.13	207
mitsamt	3.13	207
albernes	3.13	207
klingone	3.13	207
verscheuchen	3.13	207
beef	3.13	207
chinas	3.13	207
runternehmen	3.13	207
überdrüssig	3.13	207
zurückbringt	3.13	207
heimlichen	3.13	207
entlasse	3.13	207
befleckt	3.13	207
hochachtung	3.13	207
themse	3.13	207
sonderangebot	3.13	207
runterziehen	3.13	207
gestürmt	3.13	207
rosenberg	3.13	207
stephens	3.13	207
prachtstück	3.13	207
voraussagen	3.13	207
celsius	3.13	207
kerstin	3.13	207
lebensretter	3.13	207
assad	3.13	207
vertieft	3.13	207
wahnsinns	3.13	207
lämmer	3.13	207
plausibel	3.13	207
eishockey	3.13	207
prüde	3.13	207
shredder	3.13	207
frauenheld	3.13	207
londons	3.13	207
leistest	3.13	207
anwohner	3.13	207
wett	3.13	207
wichita	3.13	207
nutzlosen	3.13	207
verzehren	3.13	207
briefing	3.13	207
rückenschmerzen	3.13	207
pluto	3.13	207
verkrochen	3.13	207
stammelt	3.13	207
ravi	3.13	207
auspeitschen	3.13	207
creed	3.13	207
augenbinde	3.13	206
one-night-stand	3.13	206
schmeckte	3.13	206
osaka	3.13	206
bong	3.13	206
tags	3.13	206
osama	3.13	206
nachos	3.13	206
yourself	3.13	206
anstrengenden	3.13	206
verbarg	3.13	206
harmloser	3.13	206
lacy	3.13	206
russin	3.13	206
hochgenommen	3.13	206
kribbeln	3.13	206
krippe	3.13	206
glorreiche	3.13	206
pia	3.13	206
sparta	3.13	206
herumführen	3.13	206
beuge	3.13	206
geistreich	3.13	206
räche	3.13	206
arlington	3.13	206
m-hm	3.13	206
übst	3.13	206
nordwesten	3.13	206
schüttet	3.13	206
entsprechenden	3.13	206
weiterkommen	3.13	206
schwertern	3.13	206
fa	3.13	206
boxt	3.13	206
ausgetragen	3.13	206
ipod	3.13	206
laguerta	3.13	206
unbeliebt	3.13	206
belgier	3.13	206
armbänder	3.13	206
rettungsteam	3.13	206
hering	3.13	206
schlachthaus	3.13	206
königreiche	3.13	206
attraktion	3.13	206
zugesetzt	3.13	206
prüf	3.13	206
fotografien	3.13	206
schreckens	3.13	206
versicherte	3.13	206
oil	3.13	206
reportern	3.13	206
gleichgültigkeit	3.13	206
beschuldigst	3.13	206
mosby	3.13	206
fidel	3.13	206
neandertaler	3.13	206
rudert	3.13	206
jumbo	3.13	206
roper	3.13	206
reserven	3.13	206
hingetan	3.13	206
strategien	3.13	206
spaßvogel	3.13	206
übermäßig	3.13	206
undankbarer	3.13	206
karas	3.13	206
schusswechsel	3.13	206
circle	3.13	206
vielem	3.13	206
thierry	3.13	206
gegoogelt	3.13	206
deutete	3.13	206
umgegangen	3.13	206
ausspielen	3.13	206
sägen	3.13	206
emmy	3.13	206
zola	3.13	205
dilaurentis	3.13	205
markham	3.13	205
frisiert	3.13	205
kontaminiert	3.13	205
abgeschafft	3.13	205
breeland	3.13	205
vamos	3.13	205
begierig	3.13	205
running	3.13	205
ratgeber	3.13	205
sports	3.13	205
eingestürzt	3.13	205
goose	3.13	205
kompliziertes	3.13	205
märkte	3.13	205
spielern	3.13	205
flugtickets	3.13	205
phryne	3.13	205
qualvoll	3.13	205
disko	3.13	205
auflöst	3.13	205
exotisch	3.13	205
soziopath	3.13	205
desert	3.13	205
soso	3.13	205
iggy	3.13	205
fummel	3.13	205
einwickeln	3.13	205
waschraum	3.13	205
birch	3.13	205
ebbe	3.13	205
stinke	3.13	205
schälen	3.13	205
wanderung	3.13	205
schatulle	3.13	205
einlädt	3.13	205
vorhabt	3.13	205
perücken	3.13	205
magnum	3.13	205
klicks	3.13	205
bewaffnen	3.13	205
myron	3.13	205
comet	3.13	205
mille	3.13	205
säugling	3.13	205
flüchtiger	3.13	205
pfeifer	3.13	205
leistete	3.13	205
absolution	3.13	205
tampons	3.13	205
scheußliche	3.13	205
stripper	3.13	205
typhus	3.13	205
calais	3.13	205
rigsby	3.13	205
gerollt	3.13	205
gealtert	3.13	205
vergewaltigte	3.13	205
umgebaut	3.13	205
doktorarbeit	3.13	205
verbrauchen	3.13	205
bistro	3.13	205
ergreifend	3.13	205
jeweiligen	3.13	205
demokratischen	3.13	205
sechzig	3.13	205
campingplatz	3.13	205
tierchen	3.13	204
meier	3.13	204
aufzureißen	3.13	204
landon	3.13	204
oger	3.13	204
osiris	3.13	204
aufgekreuzt	3.13	204
watch	3.13	204
cupcake	3.13	204
gemieden	3.13	204
crowder	3.13	204
aufpasse	3.13	204
passagierliste	3.13	204
eingelocht	3.13	204
irwin	3.13	204
grenzenlos	3.13	204
lourdes	3.13	204
orientalische	3.13	204
legendär	3.13	204
konservativ	3.13	204
trauere	3.13	204
erstklassiger	3.13	204
cup	3.13	204
krumme	3.13	204
ängstigen	3.13	204
glühbirnen	3.13	204
anlügst	3.13	204
vicodin	3.13	204
liebtest	3.13	204
mülltonnen	3.13	204
auszubrechen	3.13	204
barren	3.13	204
karel	3.13	204
keil	3.13	204
andrei	3.13	204
witzen	3.13	204
leary	3.13	204
knirps	3.13	204
rüben	3.13	204
zahnschmerzen	3.13	204
männliches	3.13	204
orgasmen	3.13	204
obszön	3.13	204
postiert	3.13	204
wiedervereinigung	3.13	204
keane	3.13	204
herausgekommen	3.13	204
navigation	3.13	204
ablenkungen	3.13	204
konserven	3.13	204
rausgeht	3.13	204
heimgekommen	3.13	204
bergman	3.13	204
chronicle	3.13	204
runterfahren	3.13	204
verspürt	3.13	204
korrespondenz	3.13	204
dunphy	3.13	204
einbuchten	3.13	204
schuß	3.13	204
dieu	3.13	204
keyes	3.13	204
lasset	3.13	204
kommunion	3.13	204
elektrisch	3.13	204
dum	3.13	204
abschiedskuss	3.13	204
wissenschaftlicher	3.13	204
marker	3.13	204
fertigen	3.13	204
gerechter	3.13	204
lichtern	3.13	204
getankt	3.13	204
ratsam	3.13	204
hiv	3.13	204
beschämen	3.13	204
marcellus	3.13	204
jean-claude	3.13	204
raumfahrt	3.13	204
ferienhaus	3.13	204
alexei	3.13	204
stevenson	3.13	203
erklingen	3.13	203
bestimmter	3.13	203
eigensinnig	3.13	203
durchmache	3.13	203
möwe	3.13	203
durchnässt	3.13	203
grundregeln	3.13	203
empfahl	3.13	203
carina	3.13	203
rind	3.13	203
leidenschaftliche	3.13	203
umzingeln	3.13	203
zugetan	3.13	203
heimatwelt	3.13	203
bienenstock	3.13	203
verwechselst	3.13	203
glühwürmchen	3.13	203
teint	3.13	203
corky	3.13	203
drahtzieher	3.13	203
sesshaft	3.13	203
jörg	3.13	203
berichterstattung	3.13	203
cady	3.13	203
überreicht	3.13	203
durchgesetzt	3.13	203
gebeichtet	3.13	203
leeds	3.13	203
vierteldollar	3.13	203
fliehe	3.13	203
testosteron	3.13	203
mitnimmst	3.13	203
klacks	3.13	203
folgender	3.13	203
begegne	3.13	203
drastisch	3.13	203
nebenzimmer	3.13	203
sahara	3.13	203
gaumen	3.13	203
twain	3.13	203
fae	3.13	203
hervorragenden	3.13	203
spray	3.13	203
kannste	3.13	203
kellys	3.13	203
damaligen	3.13	203
aron	3.13	203
deponiert	3.13	203
botwin	3.13	203
ekstase	3.13	203
raupe	3.13	203
kruger	3.13	203
pforte	3.13	203
umschreiben	3.13	203
kopfes	3.13	203
taylors	3.13	203
grässlichen	3.13	203
garnelen	3.13	203
tschetschenien	3.13	203
zurücklegen	3.13	203
stopfe	3.13	203
angemessenen	3.13	203
durchbohrt	3.13	203
gesichts	3.13	203
strikte	3.13	203
triebe	3.13	203
signalton	3.13	203
hühnerstall	3.13	203
scarlet	3.13	203
entgegennehmen	3.13	203
seidenen	3.13	203
hergeführt	3.13	203
kevins	3.13	203
schalen	3.13	203
staatsanwalts	3.12	202
rap	3.12	202
cholesterin	3.12	202
verficktes	3.12	202
stinkreich	3.12	202
rovere	3.12	202
anka	3.12	202
nope	3.12	202
beiwohnen	3.12	202
irdische	3.12	202
beulen	3.12	202
aufstände	3.12	202
delores	3.12	202
fanfaren	3.12	202
hochhaus	3.12	202
pfau	3.12	202
schott	3.12	202
nashville	3.12	202
keaton	3.12	202
parkett	3.12	202
drohten	3.12	202
entrissen	3.12	202
zuordnen	3.12	202
mothra	3.12	202
gemeinden	3.12	202
nachhelfen	3.12	202
höchstgeschwindigkeit	3.12	202
kriegsrecht	3.12	202
polizeischutz	3.12	202
grizzly	3.12	202
vorgeschmack	3.12	202
körperteil	3.12	202
spargel	3.12	202
polizeiwagen	3.12	202
smithers	3.12	202
schulhof	3.12	202
does	3.12	202
geladene	3.12	202
nervosität	3.12	202
biegt	3.12	202
patrice	3.12	202
mamis	3.12	202
schwillt	3.12	202
zimmers	3.12	202
typisches	3.12	202
schöneren	3.12	202
unnötigen	3.12	202
ausgehandelt	3.12	202
spuk	3.12	202
noblen	3.12	202
rattern	3.12	202
ausgebildete	3.12	202
verdie	3.12	202
diskriminierung	3.12	202
geschehnisse	3.12	202
bestimmungen	3.12	202
sammelst	3.12	202
schmuggel	3.12	202
wasserstoff	3.12	202
retro	3.12	202
chefingenieur	3.12	202
schlimmeren	3.12	202
noelle	3.12	202
sternenbasis	3.12	202
waffenkammer	3.12	202
bent	3.12	202
kongressabgeordneter	3.12	202
apache	3.12	202
kontaktierte	3.12	202
u-boote	3.12	202
abspringen	3.12	202
unausstehlich	3.12	202
gekennzeichnet	3.12	202
kaut	3.12	202
unit	3.12	202
ablösung	3.12	202
verletzend	3.12	202
hombre	3.12	202
abs	3.12	202
commodore	3.12	202
tunneln	3.12	202
krabbe	3.12	202
befragungen	3.12	202
gefangenenlager	3.12	201
mascha	3.12	201
dürfe	3.12	201
überfällt	3.12	201
nerys	3.12	201
schulz	3.12	201
indian	3.12	201
herzogs	3.12	201
verscheucht	3.12	201
marsianer	3.12	201
flush	3.12	201
market	3.12	201
nachgeschaut	3.12	201
bischen	3.12	201
feierliche	3.12	201
endspiel	3.12	201
plünderer	3.12	201
abreibung	3.12	201
filmst	3.12	201
fairchild	3.12	201
gandalf	3.12	201
beschäftigte	3.12	201
prüfte	3.12	201
maskell	3.12	201
trödeln	3.12	201
modernes	3.12	201
manuelle	3.12	201
zerschnitten	3.12	201
geschmeidig	3.12	201
füsse	3.12	201
säuft	3.12	201
beständig	3.12	201
bandagen	3.12	201
fokussiert	3.12	201
strahlende	3.12	201
fügte	3.12	201
magnolia	3.12	201
simba	3.12	201
dödel	3.12	201
entsetzliche	3.12	201
bind	3.12	201
altmodischen	3.12	201
ritten	3.12	201
gesellschaften	3.12	201
schreitet	3.12	201
tania	3.12	201
cbs	3.12	201
anteilnahme	3.12	201
hausbesuche	3.12	201
kabul	3.12	201
human	3.12	201
ahnungslos	3.12	201
train	3.12	201
garner	3.12	201
ungeschoren	3.12	201
brannten	3.12	201
weißbrot	3.12	201
keats	3.12	201
wettet	3.12	201
rooney	3.12	201
drogentest	3.12	201
urwald	3.12	201
berühmtesten	3.12	201
aufzuhängen	3.12	201
ausgewechselt	3.12	201
unbegreiflich	3.12	201
kriminelles	3.12	201
horton	3.12	201
lights	3.12	201
hungersnot	3.12	201
anzapfen	3.12	201
schwierigkeit	3.12	201
sandrine	3.12	201
indirekt	3.12	200
dröhnt	3.12	200
seher	3.12	200
klingonischen	3.12	200
alleinerziehende	3.12	200
holde	3.12	200
gebrüllt	3.12	200
scheidungspapiere	3.12	200
vorlaut	3.12	200
noir	3.12	200
verspeisen	3.12	200
matratzen	3.12	200
ausgehend	3.12	200
einzugreifen	3.12	200
fürchterlichen	3.12	200
verduften	3.12	200
pilatus	3.12	200
tiefgarage	3.12	200
radioaktive	3.12	200
nanntest	3.12	200
häuten	3.12	200
dinnerparty	3.12	200
maurer	3.12	200
bernhard	3.12	200
danton	3.12	200
armseliger	3.12	200
myka	3.12	200
tricorder	3.12	200
schulbus	3.12	200
unterbreiten	3.12	200
stefanie	3.12	200
unangenehmen	3.12	200
zurücklehnen	3.12	200
neurotisch	3.12	200
shea	3.12	200
chillen	3.12	200
salim	3.12	200
bewahrte	3.12	200
bombay	3.12	200
corbett	3.12	200
goodwin	3.12	200
moya	3.12	200
plunder	3.12	200
unfallort	3.12	200
ozeane	3.12	200
komplizierten	3.12	200
würdevoll	3.12	200
frisbee	3.12	200
füchse	3.12	200
kletter	3.12	200
gewaltverbrechen	3.12	200
gummibärchen	3.12	200
mercury	3.12	200
schuhgröße	3.12	200
lawton	3.12	200
sprechende	3.12	200
verbundenheit	3.12	200
saftig	3.12	200
erotisch	3.12	200
loyaler	3.12	200
sudan	3.12	200
scotts	3.12	200
sandmann	3.12	200
dehnen	3.12	200
gel	3.12	200
finanzminister	3.12	200
armbanduhr	3.12	200
kostbares	3.12	199
durchsuch	3.12	199
racker	3.12	199
r-gespräch	3.12	199
datenbanken	3.12	199
roses	3.12	199
wohlwollen	3.12	199
schnappten	3.12	199
gewischt	3.12	199
abzuwenden	3.12	199
latino	3.12	199
selbstjustizler	3.12	199
bright	3.12	199
brustkrebs	3.12	199
wynonna	3.12	199
präpariert	3.12	199
goebbels	3.12	199
abstieg	3.12	199
zuverlässige	3.12	199
blitzschnell	3.12	199
birmingham	3.12	199
eidesstattliche	3.12	199
ryland	3.12	199
leningrad	3.12	199
anschließt	3.12	199
internationales	3.12	199
gleichberechtigung	3.12	199
innenseite	3.12	199
anlocken	3.12	199
zurückfallen	3.12	199
vermählung	3.12	199
gebeugt	3.12	199
tough	3.12	199
kammern	3.12	199
beantwortest	3.12	199
coburn	3.12	199
erfahrenen	3.12	199
coast	3.12	199
gehoben	3.12	199
verlogener	3.12	199
klopfst	3.12	199
sehenswürdigkeiten	3.12	199
pettersson	3.12	199
kidnappen	3.12	199
schwierigsten	3.12	199
riesenspaß	3.12	199
schmeckst	3.12	199
verholfen	3.12	199
projekts	3.12	199
dodgers	3.12	199
entferntes	3.12	199
gustave	3.12	199
fleckchen	3.12	199
abgelegenen	3.12	199
gelüftet	3.12	199
plädoyer	3.12	199
brauen	3.12	199
weißem	3.12	199
ger	3.12	199
hooper	3.12	199
fändest	3.12	199
kode	3.12	199
empfangsdame	3.12	199
gesuch	3.12	199
doppelmord	3.12	199
abgewendet	3.12	199
verkürzen	3.12	199
abenteuern	3.12	199
lockte	3.12	199
fragtest	3.12	199
zwillingsschwester	3.12	199
jaa	3.12	199
abgefuckt	3.12	199
jonglieren	3.12	199
waffenlager	3.12	199
mögest	3.12	199
überschreitet	3.12	199
parameter	3.12	199
gletscher	3.12	199
strände	3.12	198
schweigst	3.12	198
aal	3.12	198
frederic	3.12	198
dienstaufsicht	3.12	198
notausgang	3.12	198
gutaussehender	3.12	198
fabio	3.12	198
voila	3.12	198
landeplatz	3.12	198
heranzukommen	3.12	198
mavis	3.12	198
wahllos	3.12	198
blühende	3.12	198
mackey	3.12	198
personenschutz	3.12	198
zweikampf	3.12	198
auspuff	3.12	198
neigungen	3.12	198
huntington	3.12	198
meryl	3.12	198
dumbledore	3.12	198
anmerkungen	3.12	198
vordermann	3.12	198
rächer	3.12	198
pflaume	3.12	198
längen	3.12	198
nähme	3.12	198
woll	3.12	198
strategisch	3.12	198
reifenquietschen	3.12	198
einbringt	3.12	198
quint	3.12	198
stoffwechsel	3.12	198
reinzugehen	3.12	198
parole	3.12	198
energy	3.12	198
zerbrich	3.12	198
hergerichtet	3.12	198
auszuüben	3.12	198
macleish	3.12	198
dramatischen	3.12	198
unverwundbar	3.12	198
ereignete	3.12	198
tippt	3.12	198
gewissens	3.12	198
gestaltwandler	3.12	198
verdrücken	3.12	198
hazard	3.12	198
mithören	3.12	198
verhaftete	3.12	198
aufregenden	3.12	198
faschist	3.12	198
überlegenheit	3.12	198
musketier	3.12	198
schatzkammer	3.12	198
strumpfhose	3.12	198
begegnungen	3.12	198
schleusen	3.12	198
dyson	3.12	198
romans	3.12	198
kronleuchter	3.12	198
hashtag	3.12	198
brautkleid	3.12	198
bobbie	3.12	198
verstellt	3.12	198
pein	3.12	198
spannt	3.12	198
beowulf	3.11	197
senora	3.11	197
vermasselst	3.11	197
übersät	3.11	197
werken	3.11	197
zerfressen	3.11	197
billings	3.11	197
eisberg	3.11	197
sprechstunde	3.11	197
aperitif	3.11	197
quieken	3.11	197
selbstmörder	3.11	197
weltweite	3.11	197
adèle	3.11	197
flotten	3.11	197
priscilla	3.11	197
schwenken	3.11	197
kokon	3.11	197
zaubersprüche	3.11	197
gedenke	3.11	197
tov	3.11	197
durchquert	3.11	197
hex	3.11	197
würdiger	3.11	197
verhaltet	3.11	197
ausziehe	3.11	197
hochklettern	3.11	197
robust	3.11	197
ehrenvoll	3.11	197
simulieren	3.11	197
bombenanschlag	3.11	197
gräbern	3.11	197
ordne	3.11	197
türke	3.11	197
vordere	3.11	197
karnickel	3.11	197
belgrad	3.11	197
dona	3.11	197
verbandszeug	3.11	197
annimmst	3.11	197
beschädigte	3.11	197
speise	3.11	197
winke	3.11	197
rosenkranz	3.11	197
verkehrsunfall	3.11	197
schwarzem	3.11	197
einbeziehen	3.11	197
heimzuzahlen	3.11	197
schönheiten	3.11	197
wechselst	3.11	197
sphäre	3.11	197
vielfalt	3.11	197
derby	3.11	197
landei	3.11	197
zerkratzt	3.11	197
gewünschte	3.11	197
modenschau	3.11	197
inkognito	3.11	197
zusammenstoß	3.11	197
todesopfer	3.11	197
mixen	3.11	197
backt	3.11	197
klischees	3.11	197
blanchard	3.11	197
bereitwillig	3.11	197
auszugleichen	3.11	197
projekten	3.11	197
aquaman	3.11	197
jüdischer	3.11	197
interface	3.11	197
ausspionieren	3.11	197
auffrischen	3.11	197
legalen	3.11	197
königliches	3.11	197
wiederaufbau	3.11	197
vorbeikam	3.11	197
überresten	3.11	197
mobil	3.11	197
drecksäcke	3.11	197
viertes	3.11	197
mordanklage	3.11	197
cory	3.11	197
schwertkämpfer	3.11	197
überließ	3.11	197
unterbricht	3.11	197
zutrifft	3.11	197
bube	3.11	197
reinfallen	3.11	197
verschaffte	3.11	197
erfolgte	3.11	197
verwundert	3.11	197
gebar	3.11	197
hingewiesen	3.11	197
lauer	3.11	197
militärischer	3.11	197
rashid	3.11	196
roderick	3.11	196
gelobte	3.11	196
ankläger	3.11	196
gemächer	3.11	196
nachgegangen	3.11	196
echtem	3.11	196
musikalische	3.11	196
bildete	3.11	196
pulsadern	3.11	196
vermöbeln	3.11	196
eingänge	3.11	196
verdauung	3.11	196
hingehöre	3.11	196
marlon	3.11	196
nola	3.11	196
verstimmt	3.11	196
vorzuwerfen	3.11	196
sogleich	3.11	196
jimi	3.11	196
schwärmt	3.11	196
säuberung	3.11	196
hexenjagd	3.11	196
steuererklärung	3.11	196
entschädigen	3.11	196
dirigent	3.11	196
barbier	3.11	196
nordafrika	3.11	196
caro	3.11	196
lügendetektortest	3.11	196
ausgespuckt	3.11	196
reichst	3.11	196
praktischen	3.11	196
herauszukommen	3.11	196
sure	3.11	196
auferlegt	3.11	196
soziales	3.11	196
aufregendste	3.11	196
einflussreiche	3.11	196
drängte	3.11	196
darth	3.11	196
dantes	3.11	196
homosexuellen	3.11	196
homosexualität	3.11	196
knirschen	3.11	196
treffens	3.11	196
ryo	3.11	196
exfreundin	3.11	196
edelmann	3.11	196
damaskus	3.11	196
interpretiert	3.11	196
gerichtsverhandlung	3.11	196
locksley	3.11	196
liebevoller	3.11	196
ausflüge	3.11	196
huber	3.11	196
vorhatten	3.11	196
anschalten	3.11	196
curzon	3.11	196
bürokraten	3.11	196
ministerpräsident	3.11	196
idris	3.11	196
praktikant	3.11	196
hilferuf	3.11	196
yolanda	3.11	196
zugeschaut	3.11	196
paxton	3.11	196
anziehe	3.11	196
großmama	3.11	196
geknutscht	3.11	196
frecher	3.11	196
esmeralda	3.11	196
verstummen	3.11	196
helsing	3.11	196
alleinige	3.11	196
glasgow	3.11	196
geländewagen	3.11	196
chopin	3.11	196
view	3.11	196
mutant	3.11	196
rechtsabteilung	3.11	196
ressler	3.11	196
tyrone	3.11	196
schleppte	3.11	196
oberstleutnant	3.11	196
weggeschmissen	3.11	195
hörnern	3.11	195
henriette	3.11	195
meeresgrund	3.11	195
aufgeschmissen	3.11	195
mild	3.11	195
bestückt	3.11	195
hausen	3.11	195
widmung	3.11	195
freihalten	3.11	195
gendarm	3.11	195
duften	3.11	195
spiritus	3.11	195
gefüllte	3.11	195
terrance	3.11	195
vorige	3.11	195
class	3.11	195
weissen	3.11	195
milchshake	3.11	195
delhi	3.11	195
priesterin	3.11	195
hatice	3.11	195
bescheuerter	3.11	195
dreifachen	3.11	195
latinos	3.11	195
vermählt	3.11	195
zwangsjacke	3.11	195
besagten	3.11	195
rune	3.11	195
johnston	3.11	195
staatspolizei	3.11	195
shep	3.11	195
gottlosen	3.11	195
bajoranischen	3.11	195
vincenzo	3.11	195
croissants	3.11	195
weitermacht	3.11	195
hitomi	3.11	195
epoche	3.11	195
kelzi	3.11	195
glücksfall	3.11	195
babi	3.11	195
anging	3.11	195
spirale	3.11	195
ausgestoßen	3.11	195
verstaut	3.11	195
wiederbelebung	3.11	195
kauderwelsch	3.11	195
blutergüsse	3.11	195
rückfällig	3.11	195
andeutungen	3.11	195
motels	3.11	195
verpacken	3.11	195
exzellenter	3.11	195
cummings	3.11	195
männerstimme	3.11	195
wichtigtuer	3.11	195
rowena	3.11	195
waterloo	3.11	195
auftauchten	3.11	195
ansammlung	3.11	195
hinblick	3.11	195
keim	3.11	195
warteschleife	3.11	195
wehrte	3.11	195
zeiger	3.11	195
welles	3.11	195
guillermo	3.11	195
zeitlupe	3.11	195
notiere	3.11	195
generaldirektor	3.11	195
abschrecken	3.11	195
witziges	3.11	195
kreist	3.11	195
archäologen	3.11	195
valentin	3.11	195
gefischt	3.11	195
reizvoll	3.11	195
pfefferminz	3.11	195
enttäuschungen	3.11	195
hufeisen	3.11	195
berechne	3.11	195
unvermeidbar	3.11	195
speisekammer	3.11	194
bypass	3.11	194
grober	3.11	194
peinlichen	3.11	194
schwiegereltern	3.11	194
schließung	3.11	194
fotografiere	3.11	194
kolben	3.11	194
senioren	3.11	194
luftröhre	3.11	194
unglaubwürdig	3.11	194
drummer	3.11	194
puppenspieler	3.11	194
erics	3.11	194
zahlten	3.11	194
entbehrlich	3.11	194
gegenüberstellung	3.11	194
benebelt	3.11	194
athlet	3.11	194
gemordet	3.11	194
kriegs	3.11	194
degradiert	3.11	194
anmutig	3.11	194
hooky81	3.11	194
erstickte	3.11	194
anbelangt	3.11	194
nor	3.11	194
analytiker	3.11	194
hecht	3.11	194
vereinigte	3.11	194
heißem	3.11	194
traumfrau	3.11	194
wenigkeit	3.11	194
rentier	3.11	194
anspielungen	3.11	194
egoistischer	3.11	194
worth	3.11	194
grossvater	3.11	194
woah	3.11	194
dmitri	3.11	194
laus	3.11	194
pianist	3.11	194
hinken	3.11	194
gestein	3.11	194
anschaust	3.11	194
geringen	3.11	194
graffiti	3.11	194
gredenko	3.11	194
elendes	3.11	194
wußtest	3.11	194
lira	3.11	194
bewegten	3.11	194
körpersprache	3.11	194
fertigzumachen	3.11	194
büschen	3.11	194
muhen	3.11	194
kürzungen	3.11	194
halsschlagader	3.11	194
meadows	3.11	194
tris	3.11	194
gebratene	3.11	194
grundsätze	3.11	194
insassin	3.11	194
bootshaus	3.11	194
talenten	3.11	194
knüpfen	3.11	194
zaster	3.11	194
tiberius	3.11	194
bitches	3.11	194
kriech	3.11	194
grabt	3.11	194
ausfall	3.11	194
schleiche	3.11	194
petey	3.11	194
haftbefehle	3.11	194
mistress	3.10	193
germain	3.10	193
pflaumen	3.10	193
blackjack	3.10	193
mckenzie	3.10	193
umsteigen	3.10	193
dumpfe	3.10	193
durchsichtig	3.10	193
sozialismus	3.10	193
schlumpfine	3.10	193
shiro	3.10	193
uterus	3.10	193
spiegelt	3.10	193
jetzige	3.10	193
nahrungskette	3.10	193
vollzählig	3.10	193
bah	3.10	193
schulglocke	3.10	193
rosewood	3.10	193
erleidet	3.10	193
verunglückt	3.10	193
begleiterin	3.10	193
babette	3.10	193
ausflüchte	3.10	193
auszuweichen	3.10	193
stolpert	3.10	193
southern	3.10	193
edinburgh	3.10	193
bergauf	3.10	193
fogg	3.10	193
inständig	3.10	193
arbeitslose	3.10	193
hands	3.10	193
fortgeschrittene	3.10	193
aufbaut	3.10	193
mündel	3.10	193
kiffer	3.10	193
chinesin	3.10	193
untertan	3.10	193
sense	3.10	193
aberjetzt	3.10	193
because	3.10	193
schönheitssalon	3.10	193
kollision	3.10	193
unehrenhaft	3.10	193
rauszubringen	3.10	193
blümchen	3.10	193
gefördert	3.10	193
rechtlichen	3.10	193
enkeln	3.10	193
sister	3.10	193
caruso	3.10	193
erledigte	3.10	193
qiu	3.10	193
beklauen	3.10	193
schmecke	3.10	193
bunten	3.10	193
olymp	3.10	193
skulpturen	3.10	193
salomon	3.10	193
aufgespießt	3.10	193
sicherheitsstufe	3.10	193
british	3.10	193
herausstellen	3.10	193
technischer	3.10	193
astor	3.10	193
geduldet	3.10	193
raster	3.10	193
verdammen	3.10	193
lästige	3.10	193
valentino	3.10	193
bewerfen	3.10	193
angenehmes	3.10	193
umgestellt	3.10	193
hingesetzt	3.10	193
kosmische	3.10	192
nebenwirkung	3.10	192
mattie	3.10	192
eintrittskarten	3.10	192
korsett	3.10	192
killian	3.10	192
mächten	3.10	192
dialyse	3.10	192
unergründlich	3.10	192
kämmen	3.10	192
flight	3.10	192
farnsworth	3.10	192
oren	3.10	192
keksen	3.10	192
reptilien	3.10	192
nasir	3.10	192
lannister	3.10	192
albrecht	3.10	192
zutun	3.10	192
pen	3.10	192
zwickmühle	3.10	192
weiterkämpfen	3.10	192
variablen	3.10	192
alonzo	3.10	192
wimpern	3.10	192
bewährt	3.10	192
herumfahren	3.10	192
hymne	3.10	192
überschreiben	3.10	192
brittany	3.10	192
léon	3.10	192
bücken	3.10	192
zumuten	3.10	192
gebannt	3.10	192
regionen	3.10	192
mette	3.10	192
bewies	3.10	192
quaken	3.10	192
dächern	3.10	192
kemp	3.10	192
rog	3.10	192
zusammenhängen	3.10	192
einzelzimmer	3.10	192
erwähnung	3.10	192
reinplatzen	3.10	192
amador	3.10	192
christensen	3.10	192
ladens	3.10	192
pyjamas	3.10	192
montage	3.10	192
untergebenen	3.10	192
sentimentale	3.10	192
lenkst	3.10	192
punktzahl	3.10	192
spöttisch	3.10	192
todkrank	3.10	192
entzwei	3.10	192
mar	3.10	192
paparazzi	3.10	192
lyman	3.10	192
kraftvoll	3.10	192
erdulden	3.10	192
motorengeräusch	3.10	192
proteste	3.10	192
wandelnde	3.10	192
unscharf	3.10	192
beale	3.10	192
festgenagelt	3.10	192
raue	3.10	192
gemütlicher	3.10	192
überzeugender	3.10	191
claires	3.10	191
rankin	3.10	191
haferbrei	3.10	191
lächelnd	3.10	191
macke	3.10	191
stoppte	3.10	191
entspannter	3.10	191
fotzen	3.10	191
dig	3.10	191
wlan	3.10	191
beherbergen	3.10	191
mikrofilm	3.10	191
verschwörer	3.10	191
angesehener	3.10	191
prudence	3.10	191
jägern	3.10	191
chaz	3.10	191
ulf	3.10	191
tung	3.10	191
gestärkt	3.10	191
gesehnt	3.10	191
meyers	3.10	191
tagung	3.10	191
dänische	3.10	191
wäret	3.10	191
leibes	3.10	191
burma	3.10	191
werbespots	3.10	191
ausbeutung	3.10	191
corp	3.10	191
prix	3.10	191
corax	3.10	191
gottheit	3.10	191
einzigartiges	3.10	191
gomorrha	3.10	191
wachleute	3.10	191
hatschi	3.10	191
viktoria	3.10	191
step	3.10	191
kopftuch	3.10	191
magenschmerzen	3.10	191
maui	3.10	191
animation	3.10	191
präsidentschaft	3.10	191
sokrates	3.10	191
geheimdienstes	3.10	191
breen	3.10	191
erging	3.10	191
aufzumuntern	3.10	191
manifest	3.10	191
deckard	3.10	191
holder	3.10	191
fugen	3.10	191
dränge	3.10	191
gemeinnützige	3.10	191
augenzeuge	3.10	191
inferno	3.10	191
saxon	3.10	191
darwyn	3.10	191
billys	3.10	191
quacksalber	3.10	191
supermann	3.10	191
edo	3.10	191
verschaffe	3.10	191
mitmachst	3.10	191
sekretärinnen	3.10	191
charlottes	3.10	191
schärfste	3.10	191
winterschlaf	3.10	191
r2-d2	3.10	191
bristol	3.10	191
rutschig	3.10	191
verknüpft	3.10	191
gesellschaftlichen	3.10	191
alexa	3.10	191
schröder	3.10	191
duscht	3.10	191
elektronisches	3.10	191
annahmen	3.10	191
ampeln	3.10	191
violetta	3.10	191
cardassianische	3.10	191
zed	3.10	191
gestreckt	3.10	191
gesehn	3.10	191
dildo	3.10	191
robins	3.10	191
drehbücher	3.10	191
versagst	3.10	191
herrscherin	3.10	191
layla	3.10	191
tichy	3.10	191
tollpatsch	3.10	191
hausschuhe	3.10	191
stadtrand	3.10	191
anstarrt	3.10	191
flop	3.10	191
biografie	3.10	191
lei	3.10	191
rockefeller	3.10	191
account	3.10	191
kluft	3.10	191
herrentoilette	3.10	191
stöcke	3.10	191
zeichnete	3.10	191
hörbar	3.10	191
gelbes	3.10	191
angebliche	3.10	191
beschleunigung	3.10	191
geistlicher	3.10	191
deniz	3.10	191
uhrwerk	3.10	190
gründet	3.10	190
nagt	3.10	190
aufmunterung	3.10	190
joni	3.10	190
spulen	3.10	190
beleuchtet	3.10	190
einmaliges	3.10	190
carlyle	3.10	190
anzuklagen	3.10	190
verlorener	3.10	190
hubbard	3.10	190
bereichern	3.10	190
ausgeschieden	3.10	190
kanten	3.10	190
bedank	3.10	190
wahrsten	3.10	190
kriegers	3.10	190
massenmörder	3.10	190
stäbchen	3.10	190
outfits	3.10	190
gassen	3.10	190
arlo	3.10	190
lunte	3.10	190
poole	3.10	190
ausgezeichneten	3.10	190
unkosten	3.10	190
nahaufnahme	3.10	190
schwankt	3.10	190
bände	3.10	190
teiepathen	3.10	190
elinor	3.10	190
hochfahren	3.10	190
formieren	3.10	190
luden	3.10	190
arrogante	3.10	190
konvention	3.10	190
vene	3.10	190
doakes	3.10	190
ihresgleichen	3.10	190
hochjagen	3.10	190
beurlaubt	3.10	190
aufsagen	3.10	190
telefonanruf	3.10	190
drogendezernat	3.10	190
garry	3.10	190
kubanische	3.10	190
cornwall	3.10	190
andie	3.10	190
jh	3.10	190
flache	3.10	190
vip	3.10	190
gattung	3.10	190
dealt	3.10	190
einzuschlagen	3.10	190
versammelten	3.10	190
fleischbällchen	3.10	190
ausräumen	3.10	190
banjo	3.10	190
zögerst	3.10	190
engels	3.10	190
gegenübertreten	3.10	190
ehelichen	3.10	190
skinny	3.10	190
petit	3.10	190
leitenden	3.10	190
delle	3.10	190
fleiß	3.10	190
marin	3.10	190
maple	3.10	190
alberner	3.10	189
belangen	3.10	189
verfault	3.10	189
est-ce	3.10	189
ta-da	3.10	189
chloroform	3.10	189
othello	3.10	189
herausfindest	3.10	189
eklige	3.10	189
vermiss	3.10	189
aufgefangen	3.10	189
ergo	3.10	189
unerbittlich	3.10	189
dew	3.10	189
hort	3.10	189
weiterzuleben	3.10	189
pfadfindern	3.10	189
vorstellst	3.10	189
cicero	3.10	189
beschützte	3.10	189
nassau	3.10	189
überraschende	3.10	189
gräben	3.10	189
patriotismus	3.10	189
edelstein	3.10	189
siegreich	3.10	189
überwindet	3.10	189
labern	3.10	189
ausfahren	3.10	189
ausziehst	3.10	189
einbruchs	3.10	189
herzversagen	3.10	189
professorin	3.10	189
fletch	3.10	189
fairfax	3.10	189
bath	3.10	189
report	3.10	189
ärschen	3.10	189
chrissie	3.10	189
refrain	3.10	189
oscars	3.10	189
gezeiten	3.10	189
nominierung	3.10	189
badet	3.10	189
unternimmst	3.10	189
praktischer	3.10	189
buick	3.10	189
vernaschen	3.10	189
attrappe	3.10	189
schwächt	3.10	189
pick-up	3.10	189
liebender	3.10	189
tickst	3.10	189
shack	3.10	189
heimkehren	3.10	189
lavendel	3.10	189
niederknien	3.10	189
musikalisch	3.10	189
vertagen	3.10	189
natalia	3.10	189
wunderst	3.10	189
beast	3.10	189
flammenwerfer	3.10	189
menschenfleisch	3.10	189
larissa	3.10	189
kandidiere	3.10	189
verfassen	3.10	189
agha	3.10	189
sadist	3.10	189
bremst	3.10	189
druckerei	3.10	189
sorglos	3.10	189
aufzuheitern	3.10	189
notlage	3.10	189
vorabend	3.10	189
nervöser	3.10	189
dalek	3.10	189
bauchnabel	3.10	189
braven	3.10	189
purcell	3.10	189
altman	3.10	189
professors	3.10	189
abzubrechen	3.10	189
instagram	3.10	189
festnetz	3.09	188
brillen	3.09	188
zählung	3.09	188
alimente	3.09	188
scheckbuch	3.09	188
wren	3.09	188
abrakadabra	3.09	188
präziser	3.09	188
upon	3.09	188
erreger	3.09	188
posaune	3.09	188
schlaff	3.09	188
abgetaucht	3.09	188
karrieren	3.09	188
erstbesten	3.09	188
anhatte	3.09	188
hitzkopf	3.09	188
streits	3.09	188
arbeiterklasse	3.09	188
geizhals	3.09	188
nordseite	3.09	188
erwischten	3.09	188
rorys	3.09	188
gouvernante	3.09	188
malloy	3.09	188
handgranate	3.09	188
abzusetzen	3.09	188
manticore	3.09	188
magnetische	3.09	188
nummernschilder	3.09	188
überfiel	3.09	188
heilsarmee	3.09	188
spült	3.09	188
anschrift	3.09	188
fragmente	3.09	188
angegangen	3.09	188
fantomas	3.09	188
protestiert	3.09	188
hinterließen	3.09	188
shaft	3.09	188
großzügigen	3.09	188
hervorgerufen	3.09	188
statur	3.09	188
walkie-talkie	3.09	188
lima	3.09	188
crosby	3.09	188
whit	3.09	188
multiple	3.09	188
runterfallen	3.09	188
radioaktiv	3.09	188
zunehmen	3.09	188
beate	3.09	188
gerichtstermin	3.09	188
saure	3.09	188
kristin	3.09	188
zurückkehrst	3.09	188
defensive	3.09	188
androiden	3.09	188
voreinander	3.09	188
virginie	3.09	188
umbau	3.09	188
widmete	3.09	188
metier	3.09	188
lacrosse	3.09	188
dalia	3.09	188
naher	3.09	188
fortuna	3.09	188
brando	3.09	188
diktieren	3.09	188
widerstands	3.09	188
igel	3.09	188
vorbildlich	3.09	188
quincy	3.09	188
rawls	3.09	188
kampfgeräusche	3.09	188
zertrümmern	3.09	188
verwehren	3.09	188
unterstützte	3.09	188
adelaide	3.09	188
ponys	3.09	188
stetig	3.09	188
belegte	3.09	188
schlussfolgerungen	3.09	188
aktiver	3.09	188
simuliert	3.09	188
avi	3.09	188
umgewandelt	3.09	188
everest	3.09	188
jennys	3.09	188
prophezeit	3.09	188
schranken	3.09	188
liiert	3.09	188
gabeln	3.09	188
spezial	3.09	187
haupttor	3.09	187
cougar	3.09	187
einnimmt	3.09	187
michail	3.09	187
profite	3.09	187
lassie	3.09	187
hausmann	3.09	187
modifiziert	3.09	187
shining	3.09	187
nakamura	3.09	187
terence	3.09	187
schmerzes	3.09	187
konkurs	3.09	187
revolte	3.09	187
verhängnis	3.09	187
bürgerrechte	3.09	187
einmischt	3.09	187
überbracht	3.09	187
rassisten	3.09	187
gesaugt	3.09	187
lebensgefährlich	3.09	187
tiefste	3.09	187
pines	3.09	187
teer	3.09	187
schlüsseln	3.09	187
frühzeitig	3.09	187
kapituliert	3.09	187
christentum	3.09	187
erweise	3.09	187
unausweichlich	3.09	187
heavy	3.09	187
kates	3.09	187
ultimativen	3.09	187
anbot	3.09	187
manor	3.09	187
zuge	3.09	187
aorta	3.09	187
abtei	3.09	187
potenziellen	3.09	187
rollin	3.09	187
durchsuchten	3.09	187
aufrechtzuerhalten	3.09	187
beendest	3.09	187
ankommst	3.09	187
dickinson	3.09	187
asia	3.09	187
lennon	3.09	187
billionen	3.09	187
sehnte	3.09	187
geplante	3.09	187
nr	3.09	187
kontonummer	3.09	187
tinker	3.09	187
jer	3.09	187
peel	3.09	187
warnungen	3.09	187
gönnt	3.09	187
swat	3.09	187
koje	3.09	187
lkw-fahrer	3.09	187
fieses	3.09	187
maximilian	3.09	187
demokratische	3.09	187
gran	3.09	187
ausrotten	3.09	187
brice	3.09	187
blutete	3.09	187
derzeitige	3.09	187
ureinwohner	3.09	187
geschrumpft	3.09	187
holm	3.09	187
nachforschen	3.09	187
wirres	3.09	187
hellwach	3.09	187
anklagepunkte	3.09	187
möbeln	3.09	187
any	3.09	187
blindgänger	3.09	187
ausrufen	3.09	187
reinkomme	3.09	187
kojote	3.09	187
papierkorb	3.09	187
zusammenkunft	3.09	187
schlimmstenfalls	3.09	187
oaks	3.09	187
schwänzt	3.09	186
bleiche	3.09	186
kommune	3.09	186
metaphern	3.09	186
dienstplan	3.09	186
jakes	3.09	186
sansa	3.09	186
lämmchen	3.09	186
looking	3.09	186
irres	3.09	186
gefängnissen	3.09	186
tata	3.09	186
tagt	3.09	186
ausgerufen	3.09	186
geschaltet	3.09	186
erstreckt	3.09	186
wirtschaftliche	3.09	186
umschläge	3.09	186
schmiergeld	3.09	186
anstellst	3.09	186
isolde	3.09	186
gazelle	3.09	186
peralta	3.09	186
ayla	3.09	186
gebongt	3.09	186
abenden	3.09	186
schlägereien	3.09	186
adressbuch	3.09	186
geschiedene	3.09	186
ballsaal	3.09	186
forderst	3.09	186
armando	3.09	186
unterirdische	3.09	186
trostlos	3.09	186
unwirklich	3.09	186
abstechen	3.09	186
ganges	3.09	186
bergwerk	3.09	186
bewerbungen	3.09	186
gewürgt	3.09	186
bekenne	3.09	186
doppelleben	3.09	186
bridger	3.09	186
prentiss	3.09	186
yuji	3.09	186
rauszuhalten	3.09	186
pasadena	3.09	186
räumst	3.09	186
vergleicht	3.09	186
volvo	3.09	186
geschätzten	3.09	186
gerätst	3.09	186
potentiellen	3.09	186
rennens	3.09	186
aloha	3.09	186
assistenzärzte	3.09	186
gefertigt	3.09	186
unwissend	3.09	186
abgelegen	3.09	186
pronto	3.09	186
teheran	3.09	186
sox	3.09	186
optimal	3.09	186
handschuhen	3.09	186
symphonie	3.09	186
killt	3.09	186
tuberkulose	3.09	186
corbin	3.09	186
institute	3.09	186
erstaunliches	3.09	186
postkutsche	3.09	186
löhne	3.09	186
trockenes	3.09	186
jukebox	3.09	186
duldet	3.09	186
überbieten	3.09	186
auftauche	3.09	186
einsatzkommando	3.09	186
einschränkungen	3.09	186
reizbar	3.09	186
klugheit	3.09	186
goldes	3.09	186
bettes	3.09	186
eindrücke	3.09	186
zeugenschutz	3.09	186
perser	3.09	186
herzklopfen	3.09	186
hasta	3.09	186
berauscht	3.09	186
erstaunlichen	3.09	186
citizen	3.09	186
prächtigen	3.09	186
irischer	3.09	186
impfen	3.09	186
demonstriert	3.09	186
leerem	3.09	186
dooku	3.09	186
barabbas	3.09	186
begleitete	3.09	186
akute	3.09	186
colbert	3.09	186
overall	3.09	186
sozialer	3.09	186
verdopple	3.09	186
plastiktüte	3.09	186
betreibe	3.09	186
groves	3.09	186
waffenruhe	3.09	185
guys	3.09	185
krimi	3.09	185
ilja	3.09	185
sayonara	3.09	185
vermählen	3.09	185
deckst	3.09	185
wrong	3.09	185
optische	3.09	185
räubern	3.09	185
kürzester	3.09	185
mayfair	3.09	185
rebbekah	3.09	185
nashorn	3.09	185
unheimliches	3.09	185
barbarisch	3.09	185
bello	3.09	185
gerinnsel	3.09	185
eintauchen	3.09	185
werfer	3.09	185
neurologische	3.09	185
vorzunehmen	3.09	185
fuentes	3.09	185
kapazität	3.09	185
beschwerst	3.09	185
wascht	3.09	185
wickel	3.09	185
comes	3.09	185
dandy	3.09	185
zwingend	3.09	185
unterzubringen	3.09	185
giacomo	3.09	185
richardson	3.09	185
duo	3.09	185
angewohnheiten	3.09	185
qué	3.09	185
zusatz	3.09	185
daniela	3.09	185
blutiger	3.09	185
biere	3.09	185
cable	3.09	185
übernehm	3.09	185
unregelmäßig	3.09	185
grigori	3.09	185
zugezogen	3.09	185
beaufsichtigen	3.09	185
beckman	3.09	185
weihen	3.09	185
chr.	3.09	185
melodien	3.09	185
austeilen	3.09	185
lothar	3.09	185
dräng	3.09	185
erblickt	3.09	185
standards	3.09	185
unheimlichen	3.09	185
vorbeikomme	3.09	185
wickelt	3.09	185
steves	3.09	185
ev	3.09	185
tätest	3.09	185
andres	3.09	185
verschon	3.09	185
donaldson	3.09	185
überwachungsvideos	3.09	185
tres	3.09	185
schwachsinnig	3.09	185
enkeltochter	3.09	185
bootsmann	3.09	185
vorhut	3.09	185
wohlbehalten	3.09	185
fußfessel	3.09	185
durchschaue	3.09	185
presley	3.09	185
hilflose	3.09	185
kassiererin	3.09	185
beabsichtigen	3.09	185
pour	3.09	185
lonely	3.09	185
nutzloser	3.09	185
schnurrt	3.09	185
militärpolizei	3.09	185
löschte	3.09	185
galavan	3.09	185
intelligentes	3.09	185
raketenwerfer	3.09	185
dirne	3.09	185
verlorenes	3.09	185
verschmiert	3.09	185
erhebliche	3.09	185
holprig	3.09	185
mysteriöser	3.08	184
piste	3.08	184
comtesse	3.08	184
verbirgst	3.08	184
ausnutzt	3.08	184
interessenten	3.08	184
rapper	3.08	184
reflektiert	3.08	184
track	3.08	184
kot	3.08	184
geldstrafe	3.08	184
uhh	3.08	184
jims	3.08	184
weltweiten	3.08	184
daníel	3.08	184
isaak	3.08	184
ds	3.08	184
endeffekt	3.08	184
cbi	3.08	184
schläfe	3.08	184
amazing	3.08	184
hochnäsig	3.08	184
navi	3.08	184
armleuchter	3.08	184
frettchen	3.08	184
komitees	3.08	184
minivan	3.08	184
ställe	3.08	184
hüllen	3.08	184
sprengung	3.08	184
stabile	3.08	184
entern	3.08	184
aussahen	3.08	184
ungerade	3.08	184
galileo	3.08	184
bankiers	3.08	184
takeshi	3.08	184
übern	3.08	184
anonymität	3.08	184
väterchen	3.08	184
formt	3.08	184
undankbare	3.08	184
entferntesten	3.08	184
yee	3.08	184
verträgst	3.08	184
obendrauf	3.08	184
laternen	3.08	184
caracas	3.08	184
anzuerkennen	3.08	184
karsten	3.08	184
chf6bd15	3.08	184
geboxt	3.08	184
hellsehen	3.08	184
taser	3.08	184
verhandelbar	3.08	184
dios	3.08	184
sprengköpfe	3.08	184
erntet	3.08	184
institutionen	3.08	184
morgans	3.08	184
ozzy	3.08	184
überbrücken	3.08	184
rettungsaktion	3.08	184
barber	3.08	184
weckruf	3.08	184
gestohlenes	3.08	184
nahkampf	3.08	184
anleihen	3.08	184
schimanski	3.08	184
spooner	3.08	184
dominus	3.08	184
schlümpfe	3.08	184
ungewohnt	3.08	184
schwachstellen	3.08	184
begibt	3.08	184
zpm	3.08	184
round	3.08	184
kensi	3.08	184
eingabe	3.08	184
chardonnay	3.08	184
sperrte	3.08	183
roastbeef	3.08	183
konstantinopel	3.08	183
wundersame	3.08	183
holla	3.08	183
dia	3.08	183
ergänzen	3.08	183
lebensraum	3.08	183
niederen	3.08	183
poeten	3.08	183
derartiges	3.08	183
spule	3.08	183
audi	3.08	183
crowe	3.08	183
erfahrt	3.08	183
elwood	3.08	183
mittellos	3.08	183
clubhaus	3.08	183
bernice	3.08	183
ausm	3.08	183
vee	3.08	183
verabscheut	3.08	183
lebensmitteln	3.08	183
kincaid	3.08	183
entreißen	3.08	183
schütte	3.08	183
erzfeind	3.08	183
konfiszieren	3.08	183
race	3.08	183
gekreuzigt	3.08	183
völkermord	3.08	183
fehlverhalten	3.08	183
ersetze	3.08	183
verschiebt	3.08	183
hypotheken	3.08	183
ausschlagen	3.08	183
vorgänge	3.08	183
ulrike	3.08	183
bezichtigt	3.08	183
nilsson	3.08	183
abbeißen	3.08	183
beschreibe	3.08	183
quintus	3.08	183
angefallen	3.08	183
flugsteig	3.08	183
larsen	3.08	183
delirium	3.08	183
erklimmen	3.08	183
besinnung	3.08	183
inaktiv	3.08	183
arkham	3.08	183
vikar	3.08	183
diskutiere	3.08	183
verstauen	3.08	183
liegend	3.08	183
managen	3.08	183
standesamt	3.08	183
widert	3.08	183
drosseln	3.08	183
wehre	3.08	183
gudrun	3.08	183
jefe	3.08	183
feindliches	3.08	183
augapfel	3.08	183
massagen	3.08	183
staubig	3.08	183
gegebenen	3.08	183
nichten	3.08	183
bannister	3.08	183
besuchern	3.08	183
sindbad	3.08	183
elektrischer	3.08	183
didier	3.08	183
bonsoir	3.08	183
utopia	3.08	183
pssst	3.08	183
zonen	3.08	183
rangegangen	3.08	183
berühmtes	3.08	183
dämmert	3.08	183
wirr	3.08	183
kubrick	3.08	183
tempus	3.08	183
bene	3.08	183
unmöglichen	3.08	183
genossin	3.08	183
gekippt	3.08	183
ballade	3.08	183
aufdrehen	3.08	183
gewogen	3.08	183
bezwungen	3.08	183
schall	3.08	182
umfassende	3.08	182
hundescheiße	3.08	182
überwachungsvideo	3.08	182
verbogen	3.08	182
shatterhand	3.08	182
zugangscode	3.08	182
anzweifeln	3.08	182
their	3.08	182
labert	3.08	182
notre	3.08	182
höllische	3.08	182
antritt	3.08	182
verde	3.08	182
vorab	3.08	182
gesetzlosen	3.08	182
unsinnig	3.08	182
kartoffelbrei	3.08	182
familientradition	3.08	182
butcher	3.08	182
fatal	3.08	182
payne	3.08	182
abendmahl	3.08	182
chamberlain	3.08	182
tigger	3.08	182
teamwork	3.08	182
verdientes	3.08	182
barsch	3.08	182
weltrekord	3.08	182
norweger	3.08	182
getränkt	3.08	182
ldee	3.08	182
sha	3.08	182
polier	3.08	182
late	3.08	182
grammatik	3.08	182
eingesammelt	3.08	182
ängstigt	3.08	182
vergelten	3.08	182
wiederholst	3.08	182
aufschieben	3.08	182
polizeiauto	3.08	182
heuschrecken	3.08	182
wolowitz	3.08	182
ausbrach	3.08	182
meeresfrüchte	3.08	182
massiert	3.08	182
blies	3.08	182
veronika	3.08	182
schauer	3.08	182
loco	3.08	182
fung	3.08	182
toulouse	3.08	182
jetlag	3.08	182
kategorien	3.08	182
unverständlicher	3.08	182
verwüstung	3.08	182
besiegten	3.08	182
schmerzvoll	3.08	182
wachsende	3.08	182
sicherheiten	3.08	182
sera	3.08	182
dossier	3.08	182
hawke	3.08	182
hepp	3.08	182
cartoons	3.08	182
guardian	3.08	182
whole	3.08	182
rückenmark	3.08	182
benito	3.08	182
kaltmachen	3.08	182
fahrenden	3.08	182
taro	3.08	182
äther	3.08	182
savitar	3.08	182
fluchtplan	3.08	182
familiengeschichte	3.08	182
universen	3.08	182
berman	3.08	182
orientieren	3.08	182
formell	3.08	182
ärmsten	3.08	182
schnapsladen	3.08	182
scheißangst	3.08	182
herumschnüffeln	3.08	182
falltür	3.08	182
jammerlappen	3.08	182
echse	3.08	182
suspendieren	3.08	182
zielort	3.08	182
routen	3.08	182
wai	3.08	181
chill	3.08	181
untertrieben	3.08	181
asphalt	3.08	181
delfino	3.08	181
kriegerin	3.08	181
libanon	3.08	181
bunch	3.08	181
exotischen	3.08	181
lian	3.08	181
neunzehn	3.08	181
freispruch	3.08	181
kyoko	3.08	181
städtchen	3.08	181
dokumentarfilm	3.08	181
bosco	3.08	181
klubs	3.08	181
dart	3.08	181
gelutscht	3.08	181
scheuen	3.08	181
halbtot	3.08	181
sodom	3.08	181
agiert	3.08	181
ähnlichkeiten	3.08	181
salute	3.08	181
vorgegeben	3.08	181
atome	3.08	181
überladen	3.08	181
anhieb	3.08	181
jalousien	3.08	181
einsiedler	3.08	181
rotem	3.08	181
crenshaw	3.08	181
wilsons	3.08	181
piazza	3.08	181
widerspreche	3.08	181
ueo	3.08	181
scheidungen	3.08	181
sprengsatz	3.08	181
einschränken	3.08	181
pioniere	3.08	181
algen	3.08	181
shu	3.08	181
erhöhten	3.08	181
schmerzhafte	3.08	181
hinschauen	3.08	181
aufregst	3.08	181
bulldozer	3.08	181
versklavt	3.08	181
zerschmettern	3.08	181
extremer	3.08	181
eingebung	3.08	181
auszurichten	3.08	181
vorzumachen	3.08	181
ankomme	3.08	181
myles	3.08	181
gefunkt	3.08	181
nerds	3.08	181
zeugnisse	3.08	181
spirituell	3.08	181
spürten	3.08	181
amys	3.08	181
angemessener	3.08	181
familiäre	3.08	181
außendienst	3.08	181
konsequent	3.08	181
kälber	3.08	181
fresno	3.08	181
miyagi	3.08	181
capitan	3.08	181
trace	3.08	181
frischling	3.08	181
rumgelaufen	3.08	181
pochen	3.08	181
terroristin	3.08	181
balthasar	3.08	181
sanderson	3.08	181
sweets	3.08	181
herausgerissen	3.08	181
achtern	3.08	181
vermeide	3.08	181
kronprinz	3.08	181
knistert	3.08	181
auslegen	3.08	181
freimaurer	3.08	181
asservatenkammer	3.08	181
arvin	3.08	181
wiederwahl	3.08	181
cherie	3.08	181
unterdrückte	3.08	181
hörgerät	3.08	181
kaspar	3.08	181
python	3.08	181
jämmerlichen	3.08	181
schmalen	3.08	181
gegenüberstehen	3.08	181
oase	3.07	180
brandneuen	3.07	180
haften	3.07	180
hindeuten	3.07	180
abhandlung	3.07	180
macarthur	3.07	180
arminius	3.07	180
ie	3.07	180
stadtzentrum	3.07	180
händedruck	3.07	180
lefty	3.07	180
unbehagen	3.07	180
johansson	3.07	180
indiskret	3.07	180
durchschlagen	3.07	180
sphärische	3.07	180
nachkomme	3.07	180
scavo	3.07	180
seals	3.07	180
intellektuell	3.07	180
förderung	3.07	180
mariah	3.07	180
claudio	3.07	180
kostenloses	3.07	180
laderaum	3.07	180
unterzahl	3.07	180
kinderarzt	3.07	180
blum	3.07	180
gesprächs	3.07	180
matter	3.07	180
borland	3.07	180
unterschlagen	3.07	180
soo	3.07	180
hilfsmittel	3.07	180
nachwelt	3.07	180
beneidet	3.07	180
guan	3.07	180
einträge	3.07	180
schluckte	3.07	180
lie	3.07	180
flippen	3.07	180
ibrahim	3.07	180
empfänglich	3.07	180
erkenntlich	3.07	180
jaz	3.07	180
saiten	3.07	180
gehaltsscheck	3.07	180
schnauben	3.07	180
injektionen	3.07	180
abfallen	3.07	180
andersen	3.07	180
bungalow	3.07	180
brauchbares	3.07	180
scrabble	3.07	180
ausgeschlafen	3.07	180
schotte	3.07	180
golfschläger	3.07	180
hartford	3.07	180
koennen	3.07	180
quick	3.07	180
unterlaufen	3.07	180
strophe	3.07	180
mountains	3.07	180
montague	3.07	180
erstklassigen	3.07	180
untergekommen	3.07	180
genauigkeit	3.07	180
pizzen	3.07	180
ausgehungert	3.07	180
giselle	3.07	180
anziehst	3.07	180
lichtschalter	3.07	180
vita	3.07	180
schwerem	3.07	180
mitspielt	3.07	180
streikt	3.07	180
gemailt	3.07	180
rollins	3.07	180
mansfield	3.07	180
renner	3.07	180
pflichtverteidiger	3.07	180
arigold	3.07	180
edwina	3.07	180
buchhandlung	3.07	180
angehören	3.07	180
bannon	3.07	180
mme	3.07	180
eau	3.07	180
besuchs	3.07	180
geschwistern	3.07	180
zensur	3.07	180
junggesellenparty	3.07	180
gekappt	3.07	180
bäuerin	3.07	180
transportmittel	3.07	180
halbe-halbe	3.07	180
klinks	3.07	180
chat	3.07	180
mahnung	3.07	180
heimsuchen	3.07	180
stritt	3.07	180
domingo	3.07	180
vorherige	3.07	180
hodges	3.07	179
apfelsaft	3.07	179
kommunistische	3.07	179
fußgänger	3.07	179
schräger	3.07	179
köstlichen	3.07	179
faser	3.07	179
platzte	3.07	179
gelassenheit	3.07	179
pilzen	3.07	179
flirte	3.07	179
klebte	3.07	179
nutz	3.07	179
hansi	3.07	179
pornografie	3.07	179
stolzes	3.07	179
riesending	3.07	179
gruseliger	3.07	179
allerwichtigste	3.07	179
ironischerweise	3.07	179
bereicherung	3.07	179
allgemeines	3.07	179
jam	3.07	179
bauchweh	3.07	179
unentbehrlich	3.07	179
simeon	3.07	179
wechselbalg	3.07	179
bowlingbahn	3.07	179
forensiker	3.07	179
nährt	3.07	179
genevieve	3.07	179
scheißhaus	3.07	179
zirka	3.07	179
r2	3.07	179
bestem	3.07	179
ausspannen	3.07	179
range	3.07	179
hanni	3.07	179
abgefallen	3.07	179
drogerie	3.07	179
ägyptischen	3.07	179
programmierer	3.07	179
macher	3.07	179
pieps	3.07	179
scheiterte	3.07	179
moneten	3.07	179
flying	3.07	179
spice	3.07	179
beschäftigter	3.07	179
arrestzelle	3.07	179
phänomene	3.07	179
besiegeln	3.07	179
rothstein	3.07	179
hirngespinst	3.07	179
gleitet	3.07	179
raumes	3.07	179
erzengel	3.07	179
lamar	3.07	179
zora	3.07	179
otter	3.07	179
touché	3.07	179
sung	3.07	179
japanisches	3.07	179
regelmäßige	3.07	179
getrübt	3.07	179
excalibur	3.07	179
task	3.07	179
magister	3.07	179
verhältnissen	3.07	179
meng	3.07	179
justice	3.07	179
akademiker	3.07	179
verrätern	3.07	179
juarez	3.07	179
gläsern	3.07	179
yoshida	3.07	179
gehäuse	3.07	179
kettenreaktion	3.07	179
waits	3.07	179
aufnahm	3.07	179
staudamm	3.07	179
conan	3.07	179
streitigkeiten	3.07	179
felle	3.07	179
baal	3.07	179
scanne	3.07	179
sellerie	3.07	178
bescheißt	3.07	178
peitschen	3.07	178
wickham	3.07	178
prostata	3.07	178
diagramm	3.07	178
sonnigen	3.07	178
allez	3.07	178
alligatoren	3.07	178
arbeitende	3.07	178
albaner	3.07	178
nötigung	3.07	178
coles	3.07	178
frl	3.07	178
infolge	3.07	178
zuges	3.07	178
dupree	3.07	178
vordringen	3.07	178
gefielen	3.07	178
erhitzt	3.07	178
rochelle	3.07	178
charity	3.07	178
jahrelange	3.07	178
ausarbeiten	3.07	178
fifth	3.07	178
morgendämmerung	3.07	178
demoliert	3.07	178
suzaku	3.07	178
aasgeier	3.07	178
stampfen	3.07	178
widmet	3.07	178
überrasche	3.07	178
project	3.07	178
beeilst	3.07	178
steuerberater	3.07	178
rät	3.07	178
abhaken	3.07	178
abgegangen	3.07	178
charmeur	3.07	178
irish	3.07	178
bekehren	3.07	178
player	3.07	178
austreiben	3.07	178
jodie	3.07	178
spielhalle	3.07	178
regenwald	3.07	178
belanglos	3.07	178
bills	3.07	178
kollateralschaden	3.07	178
olivers	3.07	178
imitation	3.07	178
einschaltquoten	3.07	178
eiskalte	3.07	178
urkomisch	3.07	178
ärgerst	3.07	178
bemerkst	3.07	178
zurückspulen	3.07	178
anzuzünden	3.07	178
begrenzten	3.07	178
hanks	3.07	178
zuende	3.07	178
liebstes	3.07	178
graues	3.07	178
stärkung	3.07	178
garantien	3.07	178
vorgefunden	3.07	178
armaturenbrett	3.07	178
schwimmst	3.07	178
studentinnen	3.07	178
gefangennahme	3.07	178
voice	3.07	178
extrablatt	3.07	178
wartend	3.07	178
dip	3.07	178
rückspiegel	3.07	178
vorherbestimmt	3.07	178
karpfen	3.07	178
judge	3.07	178
sperrstunde	3.07	178
monitore	3.07	178
tully	3.07	178
eddi	3.07	178
bluttests	3.07	178
baton	3.07	178
fraktur	3.07	178
alben	3.07	178
regenten	3.07	178
kreuzfeuer	3.07	178
wegsehen	3.07	178
vivien	3.07	178
dreizack	3.07	178
shark	3.07	177
ausreicht	3.07	177
wolkenkratzer	3.07	177
radios	3.07	177
fingers	3.07	177
schiefläuft	3.07	177
ausstieg	3.07	177
zusammenarbeitet	3.07	177
subs	3.07	177
schönling	3.07	177
avalon	3.07	177
geldprobleme	3.07	177
formwandler	3.07	177
resync	3.07	177
ballkönigin	3.07	177
medusa	3.07	177
lobet	3.07	177
ivo	3.07	177
ausgelaugt	3.07	177
burbank	3.07	177
killers	3.07	177
kali	3.07	177
stickig	3.07	177
mega	3.07	177
someone	3.07	177
arschkriecher	3.07	177
bestrahlung	3.07	177
nachrichtendienst	3.07	177
brownie	3.07	177
abgefunden	3.07	177
bastille	3.07	177
pott	3.07	177
yoda	3.07	177
zusammenhänge	3.07	177
bockmist	3.07	177
unkompliziert	3.07	177
jeffries	3.07	177
bildeten	3.07	177
puma	3.07	177
gestörte	3.07	177
ankunftszeit	3.07	177
plymouth	3.07	177
durchkämmt	3.07	177
verbesserte	3.07	177
plattenfirma	3.07	177
direktive	3.07	177
nütze	3.07	177
zusammenhängt	3.07	177
eisbären	3.07	177
vergesslich	3.07	177
harmlosen	3.07	177
gebrauchte	3.07	177
empörung	3.07	177
sonntagmorgen	3.07	177
kapitol	3.07	177
santo	3.07	177
kastriert	3.07	177
verstöße	3.07	177
polizeibeamte	3.07	177
entsinne	3.07	177
töpfchen	3.07	177
nötigste	3.07	177
gremium	3.07	177
herzliche	3.07	177
taff	3.07	177
viereinhalb	3.07	177
mitfühlend	3.07	177
rachels	3.07	177
polizeiliche	3.07	177
geschwafel	3.07	177
abzuwehren	3.07	177
bewohnern	3.07	177
einzuschalten	3.07	177
softitler	3.07	177
vie	3.07	177
bleistifte	3.07	177
close	3.07	177
sterbebett	3.06	176
problemo	3.06	176
kimble	3.06	176
ahmt	3.06	176
abgezockt	3.06	176
erhältlich	3.06	176
geoutet	3.06	176
sauerkraut	3.06	176
anzugeben	3.06	176
equipment	3.06	176
abgibt	3.06	176
weichst	3.06	176
augustine	3.06	176
rechtshänder	3.06	176
wassermelone	3.06	176
demokratisch	3.06	176
monument	3.06	176
alcatraz	3.06	176
tempels	3.06	176
tschüssi	3.06	176
tory	3.06	176
eingepflanzt	3.06	176
pathologie	3.06	176
ungutes	3.06	176
pak	3.06	176
tatzeit	3.06	176
schwelgen	3.06	176
vulkanischen	3.06	176
pitbull	3.06	176
du-	3.06	176
erkennbar	3.06	176
fernsehserie	3.06	176
diaries	3.06	176
töchterchen	3.06	176
clarks	3.06	176
medici	3.06	176
kotz	3.06	176
schüttle	3.06	176
lower	3.06	176
primäre	3.06	176
reinpassen	3.06	176
quartiere	3.06	176
murdoch	3.06	176
stammst	3.06	176
drago	3.06	176
catering	3.06	176
niels	3.06	176
mekka	3.06	176
virtuelle	3.06	176
zahnfleisch	3.06	176
beschießen	3.06	176
passanten	3.06	176
ehemanns	3.06	176
a-team	3.06	176
iphone	3.06	176
südens	3.06	176
ystad	3.06	176
türschwelle	3.06	176
karawane	3.06	176
gegenangriff	3.06	176
acapulco	3.06	176
charmanter	3.06	176
auszug	3.06	176
bürsten	3.06	176
patrouillieren	3.06	176
feststecken	3.06	176
niemandsland	3.06	176
stammgast	3.06	176
schutzschilde	3.06	176
amerikanischem	3.06	176
auswirkung	3.06	176
dingsda	3.06	176
dorrit	3.06	176
huo	3.06	176
flagg	3.06	176
hohn	3.06	176
blutegel	3.06	176
petrov	3.06	176
jazzhead	3.06	176
arbeitskollegen	3.06	176
boiler	3.06	176
verbesserungen	3.06	176
japse	3.06	176
renée	3.06	176
kardinäle	3.06	176
dekoriert	3.06	176
begrenzen	3.06	176
omni	3.06	176
missfallen	3.06	176
next	3.06	175
hellseherin	3.06	175
glock	3.06	175
leuchtfeuer	3.06	175
schakal	3.06	175
harp	3.06	175
alkoholproblem	3.06	175
ignorierte	3.06	175
geheißen	3.06	175
anstrengender	3.06	175
galle	3.06	175
orchidee	3.06	175
tusk	3.06	175
beworfen	3.06	175
fahrerin	3.06	175
peaches	3.06	175
vize	3.06	175
erhabene	3.06	175
whitmore	3.06	175
familienangelegenheit	3.06	175
johlen	3.06	175
schlitzauge	3.06	175
hatt	3.06	175
gem	3.06	175
bäder	3.06	175
schwarz-weiß	3.06	175
kammerdiener	3.06	175
amelie	3.06	175
mathison	3.06	175
afrikas	3.06	175
sechsmal	3.06	175
toledo	3.06	175
lieblings	3.06	175
washingtons	3.06	175
minibar	3.06	175
neugeborenen	3.06	175
trübe	3.06	175
fehlanzeige	3.06	175
todernst	3.06	175
stannis	3.06	175
löwin	3.06	175
sorgten	3.06	175
blamierst	3.06	175
unbewaffneten	3.06	175
schlachthof	3.06	175
hörgeschädigte	3.06	175
präzedenzfall	3.06	175
vibrator	3.06	175
himmler	3.06	175
rothaarigen	3.06	175
volllaufen	3.06	175
fanfare	3.06	175
körperlicher	3.06	175
antaten	3.06	175
absolviert	3.06	175
geschleift	3.06	175
beacon	3.06	175
mayans	3.06	175
immobilie	3.06	175
boots	3.06	175
kapern	3.06	175
kellogg	3.06	175
unverheiratet	3.06	175
abzieht	3.06	175
barmherzig	3.06	175
imam	3.06	175
verhöhnt	3.06	175
betrete	3.06	175
bevorstehende	3.06	175
donaghy	3.06	175
liegestütze	3.06	175
poppins	3.06	175
eiskrem	3.06	175
aoki	3.06	175
schwergewicht	3.06	175
pumpt	3.06	175
dodd	3.06	175
pagen	3.06	175
höherer	3.06	175
rance	3.06	175
drusilla	3.06	175
österreicher	3.06	175
britisch	3.06	175
springende	3.06	175
weihe	3.06	175
riesenrad	3.06	175
christo	3.06	175
höflicher	3.06	175
straßenecke	3.06	175
südseite	3.06	175
neugierige	3.06	175
katheter	3.06	175
kobayashi	3.06	175
tandy	3.06	175
modus	3.06	175
perverses	3.06	175
eingestochen	3.06	175
fälscher	3.06	175
grösser	3.06	174
begabter	3.06	174
meteorit	3.06	174
aufzuführen	3.06	174
auftragsmörder	3.06	174
pustet	3.06	174
ariane	3.06	174
baumann	3.06	174
eleganten	3.06	174
beenthere	3.06	174
ulrik	3.06	174
videorekorder	3.06	174
kneipen	3.06	174
oooh	3.06	174
capua	3.06	174
komfortabel	3.06	174
hierarchie	3.06	174
elixier	3.06	174
letty	3.06	174
einzieht	3.06	174
seniorpartner	3.06	174
abstecher	3.06	174
book	3.06	174
tät	3.06	174
zuständige	3.06	174
trampel	3.06	174
paradox	3.06	174
straff	3.06	174
maynard	3.06	174
ch33fa33	3.06	174
peperoni	3.06	174
evangelium	3.06	174
tiefgründig	3.06	174
francie	3.06	174
kolumbianer	3.06	174
guillotine	3.06	174
gebrandmarkt	3.06	174
bearbeite	3.06	174
elenas	3.06	174
hausboot	3.06	174
renault	3.06	174
symbiont	3.06	174
ter	3.06	174
lebenserwartung	3.06	174
hua	3.06	174
vermehrt	3.06	174
spielschulden	3.06	174
piccolo	3.06	174
espheni	3.06	174
untypisch	3.06	174
pappe	3.06	174
klaro	3.06	174
tret	3.06	174
schallplatte	3.06	174
ärgernis	3.06	174
sturms	3.06	174
mitgegeben	3.06	174
reformen	3.06	174
co.	3.06	174
gefrorenen	3.06	174
detaillierte	3.06	174
zuzulassen	3.06	174
lenin	3.06	174
dschingis	3.06	174
grübchen	3.06	174
baird	3.06	174
eingeschrieben	3.06	174
festgesetzt	3.06	174
dächer	3.06	174
lagers	3.06	174
knifflig	3.06	174
torwart	3.06	174
künstlern	3.06	174
maguire	3.06	174
wackelpudding	3.06	174
zustimme	3.06	174
stinkender	3.06	174
winger	3.06	174
zöpfe	3.06	174
ausfragen	3.06	174
kingston	3.06	174
blutlinie	3.06	174
bobs	3.06	174
barneys	3.06	174
ausgestrahlt	3.06	174
unentdeckt	3.06	174
bekennt	3.06	174
offiziers	3.06	174
norrie	3.06	174
kommandiert	3.06	174
imaginären	3.06	174
kuck	3.06	174
spülung	3.06	174
zurückzuzahlen	3.06	174
unbegründet	3.06	174
nilpferd	3.06	174
zivilisierten	3.06	174
vergangenes	3.06	174
außerordentliche	3.06	174
alleinstehende	3.06	174
temperamentvoll	3.06	174
empfindliche	3.06	174
simplen	3.06	174
upgrade	3.06	174
morpheus	3.06	174
zahlreich	3.06	174
küchenchef	3.06	174
geigen	3.06	173
ausserhalb	3.06	173
intern	3.06	173
blamage	3.06	173
vorbehalten	3.06	173
inflation	3.06	173
fehde	3.06	173
stieftochter	3.06	173
hussein	3.06	173
flüsterte	3.06	173
behütet	3.06	173
pelt	3.06	173
award	3.06	173
rennwagen	3.06	173
anke	3.06	173
gefiele	3.06	173
feinste	3.06	173
genötigt	3.06	173
zusammenhält	3.06	173
wertpapiere	3.06	173
hirten	3.06	173
kliniken	3.06	173
absorbieren	3.06	173
rockt	3.06	173
behandelten	3.06	173
bergsteiger	3.06	173
israels	3.06	173
karamell	3.06	173
maverick	3.06	173
kühlraum	3.06	173
kinderkram	3.06	173
chong	3.06	173
woodward	3.06	173
zerfleischt	3.06	173
innenministerium	3.06	173
überbleibsel	3.06	173
burr	3.06	173
zahllose	3.06	173
aufzüge	3.06	173
zocken	3.06	173
zerschneiden	3.06	173
krabbeln	3.06	173
verprügelte	3.06	173
loslässt	3.06	173
legitim	3.06	173
tägliches	3.06	173
auszuwählen	3.06	173
brandung	3.06	173
brandneue	3.06	173
zucht	3.06	173
brauerei	3.06	173
edles	3.06	173
schalldämpfer	3.06	173
schmuggelt	3.06	173
wachturm	3.06	173
fido	3.06	173
unterdessen	3.06	173
guard	3.06	173
israelische	3.06	173
zehenspitzen	3.06	173
mobilisieren	3.06	173
dichtung	3.06	173
kriegsgebiet	3.06	173
levy	3.06	173
razor	3.06	173
feuerwehrmänner	3.06	173
pokerspiel	3.06	173
insasse	3.06	173
zulu	3.06	173
bolivien	3.06	173
rentiere	3.06	173
vorbehalte	3.06	173
klausel	3.06	173
anschreiben	3.06	173
gowron	3.06	173
fade	3.06	173
menschenskind	3.06	173
durchstellen	3.06	173
vorbringen	3.06	173
gleisen	3.06	173
woodsen	3.06	173
weia	3.06	173
unterstützer	3.06	173
nerve	3.06	173
rundherum	3.06	173
ausladen	3.06	173
lovelace	3.06	173
geschwind	3.06	173
strebt	3.06	173
tulip	3.06	173
vergrößerung	3.06	173
pelze	3.06	173
pingelig	3.06	173
pfeiler	3.06	173
herauszuholen	3.06	173
brians	3.06	173
befehlsgewalt	3.06	173
mambo	3.06	173
sensenmann	3.06	173
gestreichelt	3.06	173
rechtssystem	3.06	173
trans	3.06	173
bescherung	3.06	173
erstatte	3.06	173
fairbanks	3.06	173
überfielen	3.06	173
renaissance	3.05	172
kurtz	3.05	172
turteltäubchen	3.05	172
geschändet	3.05	172
andocken	3.05	172
korrupter	3.05	172
toyota	3.05	172
kantonesisch	3.05	172
hauptgewinn	3.05	172
pfeilen	3.05	172
gram	3.05	172
pong	3.05	172
fabrice	3.05	172
beliebige	3.05	172
reinige	3.05	172
zubehör	3.05	172
lowe	3.05	172
rumschnüffeln	3.05	172
hitman	3.05	172
krause	3.05	172
schlitze	3.05	172
deunan	3.05	172
schwerpunkt	3.05	172
doolittle	3.05	172
rauskriegt	3.05	172
ausleben	3.05	172
wohltätige	3.05	172
überlegungen	3.05	172
traurigste	3.05	172
snoop	3.05	172
flussufer	3.05	172
überläufer	3.05	172
jaulen	3.05	172
aufgelistet	3.05	172
auffangen	3.05	172
knackig	3.05	172
anbrennen	3.05	172
detektivin	3.05	172
diszipliniert	3.05	172
minimale	3.05	172
promenade	3.05	172
zwischenfälle	3.05	172
zukünftig	3.05	172
nächtliche	3.05	172
ibm	3.05	172
bonaparte	3.05	172
integrieren	3.05	172
stürzten	3.05	172
feierlichkeiten	3.05	172
tödliches	3.05	172
promis	3.05	172
abzufangen	3.05	172
abba	3.05	172
flirt	3.05	172
mcbeal	3.05	172
koreanischen	3.05	172
gendarmen	3.05	172
verwickeln	3.05	172
clooney	3.05	172
verwirrte	3.05	172
talentierter	3.05	172
zehntausende	3.05	172
ermöglichte	3.05	172
klunker	3.05	172
third	3.05	172
ralphie	3.05	172
fahrzeugen	3.05	172
weihnachtszeit	3.05	172
wehrmacht	3.05	172
gründeten	3.05	172
einbahnstraße	3.05	172
begingen	3.05	172
codenamen	3.05	172
entschädigt	3.05	172
asteroid	3.05	172
zweifelhaft	3.05	172
erweiterung	3.05	172
ahmet	3.05	172
olof	3.05	172
rauen	3.05	172
beliebten	3.05	172
koreanisch	3.05	172
joints	3.05	172
regisseure	3.05	172
stündlich	3.05	172
chop	3.05	172
rasiere	3.05	172
fahrten	3.05	172
regenerieren	3.05	172
fangfrage	3.05	172
mitunter	3.05	172
verleitet	3.05	172
vilde	3.05	171
wife	3.05	171
ting	3.05	171
barts	3.05	171
faires	3.05	171
sicherheits	3.05	171
einlade	3.05	171
bekanntlich	3.05	171
scherzkeks	3.05	171
schworen	3.05	171
windmühle	3.05	171
telefonistin	3.05	171
abstoßen	3.05	171
befruchtung	3.05	171
vir	3.05	171
prachtvoll	3.05	171
hinzukriegen	3.05	171
näht	3.05	171
henshaw	3.05	171
spanischer	3.05	171
blumenladen	3.05	171
schwinden	3.05	171
zurückgetreten	3.05	171
kunststück	3.05	171
coney	3.05	171
stottern	3.05	171
ennis	3.05	171
tsunami	3.05	171
kürzeste	3.05	171
zurückblicken	3.05	171
lahmgelegt	3.05	171
rückwärtsgang	3.05	171
splitternackt	3.05	171
mones	3.05	171
wish	3.05	171
heiser	3.05	171
spears	3.05	171
neugeborenes	3.05	171
meisterschaften	3.05	171
zuwendung	3.05	171
kompatibel	3.05	171
verdursten	3.05	171
faules	3.05	171
relax	3.05	171
niedliche	3.05	171
scharlatan	3.05	171
eingeflogen	3.05	171
claudette	3.05	171
trucker	3.05	171
golfen	3.05	171
streitmacht	3.05	171
feuerst	3.05	171
holy	3.05	171
experiments	3.05	171
lennart	3.05	171
bescheren	3.05	171
schlussstrich	3.05	171
kaufman	3.05	171
funky	3.05	171
bildhauer	3.05	171
arturo	3.05	171
kendrick	3.05	171
gepresst	3.05	171
footballspieler	3.05	171
zuzuschlagen	3.05	171
stollen	3.05	171
trüffel	3.05	171
kochbuch	3.05	171
schmeicheleien	3.05	171
verkatert	3.05	171
verfrüht	3.05	171
suzette	3.05	171
ogden	3.05	171
barnabas	3.05	171
wolff	3.05	171
niedergestochen	3.05	171
implantiert	3.05	171
gewaltsamen	3.05	171
wunderland	3.05	171
ordens	3.05	171
verweis	3.05	171
unerlässlich	3.05	171
ghul	3.05	171
verstehste	3.05	171
flieh	3.05	171
potentielle	3.05	171
mckinley	3.05	171
bizarre	3.05	171
lon	3.05	171
transfusion	3.05	171
andersson	3.05	171
ergreife	3.05	171
erna	3.05	171
schrägen	3.05	171
gerissener	3.05	171
folie	3.05	171
versteckspiel	3.05	171
überprüfst	3.05	171
projektion	3.05	171
universitäten	3.05	171
palermo	3.05	171
enkelsohn	3.05	171
everyone	3.05	171
findus	3.05	171
diversen	3.05	171
statten	3.05	171
flirtest	3.05	171
inbegriff	3.05	171
maría	3.05	171
cade	3.05	171
angebaggert	3.05	171
pflanzt	3.05	171
unangemeldet	3.05	171
innig	3.05	171
fog	3.05	170
mccall	3.05	170
unstimmigkeiten	3.05	170
messungen	3.05	170
probierte	3.05	170
heimkam	3.05	170
abzweigung	3.05	170
nachprüfen	3.05	170
taschenmesser	3.05	170
teuersten	3.05	170
schmeling	3.05	170
erpicht	3.05	170
schwäne	3.05	170
zuverlässiger	3.05	170
chai	3.05	170
hintergeht	3.05	170
ezekiel	3.05	170
aufjeden	3.05	170
kalifornischen	3.05	170
platschen	3.05	170
haferflocken	3.05	170
shilling	3.05	170
rutherford	3.05	170
geheimdienste	3.05	170
abschlussklasse	3.05	170
verteidigte	3.05	170
xu	3.05	170
abgefüllt	3.05	170
albanien	3.05	170
bezeugt	3.05	170
lj	3.05	170
kontrollierst	3.05	170
sweatshirt	3.05	170
kanntet	3.05	170
bezweifelt	3.05	170
masseur	3.05	170
grausames	3.05	170
mystischen	3.05	170
steril	3.05	170
insofern	3.05	170
beleben	3.05	170
kz	3.05	170
hingerissen	3.05	170
abtauchen	3.05	170
poseidon	3.05	170
vaterschaft	3.05	170
schimpanse	3.05	170
lebensart	3.05	170
corner	3.05	170
entbindung	3.05	170
meet	3.05	170
runtergeladen	3.05	170
tancredi	3.05	170
benutzung	3.05	170
erscheinst	3.05	170
verlogen	3.05	170
augie	3.05	170
jørgen	3.05	170
konstante	3.05	170
begrub	3.05	170
muslim	3.05	170
dialoge	3.05	170
canterbury	3.05	170
pontus	3.05	170
freebo	3.05	170
personalakte	3.05	170
körbchen	3.05	170
funkgeräte	3.05	170
angeworben	3.05	170
transferieren	3.05	170
behandele	3.05	170
durchsuchte	3.05	170
auszuspionieren	3.05	170
bereinigt	3.05	170
holzkopf	3.05	170
letzteres	3.05	170
herrenhaus	3.05	170
glenda	3.05	170
pediküre	3.05	170
koffern	3.05	170
überrollt	3.05	170
patel	3.05	170
simsen	3.05	170
ekligen	3.05	170
goldstück	3.05	170
anlässen	3.05	170
rde	3.05	170
reimen	3.05	170
oberschwester	3.05	170
sundance	3.05	170
tiefere	3.05	169
funker	3.05	169
misshandlung	3.05	169
dänischen	3.05	169
rennpferd	3.05	169
ia	3.05	169
vornherein	3.05	169
vergönnt	3.05	169
etappe	3.05	169
kiriu	3.05	169
einzureden	3.05	169
zusammenzubringen	3.05	169
jansen	3.05	169
erlischt	3.05	169
rachefeldzug	3.05	169
befürworten	3.05	169
hilde	3.05	169
gefährte	3.05	169
abschaffen	3.05	169
abwimmeln	3.05	169
verpatzt	3.05	169
vorzeigen	3.05	169
militärisch	3.05	169
glades	3.05	169
kamele	3.05	169
hierherzukommen	3.05	169
mitmache	3.05	169
stiere	3.05	169
aristoteles	3.05	169
stumpfen	3.05	169
schönheitswettbewerb	3.05	169
ehrenamtlich	3.05	169
mussolini	3.05	169
festbinden	3.05	169
reiseführer	3.05	169
komplexer	3.05	169
stumpfe	3.05	169
derjenigen	3.05	169
caligula	3.05	169
mopp	3.05	169
hackte	3.05	169
herberge	3.05	169
schweigend	3.05	169
coyote	3.05	169
entrinnen	3.05	169
bogart	3.05	169
eagles	3.05	169
schnitzen	3.05	169
begabte	3.05	169
waschsalon	3.05	169
rechnete	3.05	169
barbar	3.05	169
zuvorgekommen	3.05	169
network	3.05	169
unbegrenzt	3.05	169
carola	3.05	169
vereinfachen	3.05	169
tortur	3.05	169
krisen	3.05	169
virtuellen	3.05	169
hörensagen	3.05	169
fernand	3.05	169
vertragt	3.05	169
aufzuholen	3.05	169
frischem	3.05	169
steed	3.05	169
same	3.05	169
totengräber	3.05	169
tribunal	3.05	169
taktlos	3.05	169
aufschrift	3.05	169
entspannend	3.05	169
hinauszögern	3.05	169
geschickter	3.05	169
postboten	3.05	169
javi	3.05	169
pavel	3.05	169
suzuki	3.05	169
modifizieren	3.05	169
archäologe	3.05	169
wonderful	3.05	169
selbstjustiz	3.05	169
fürwahr	3.05	169
preiszugeben	3.05	169
verschmutzt	3.05	169
passwörter	3.05	169
schlitzaugen	3.05	169
vorläufigen	3.05	169
series	3.05	169
matteo	3.05	169
massey	3.05	169
abwegig	3.05	169
würdige	3.05	169
abgesandte	3.05	169
kling	3.05	169
näherte	3.05	169
capri	3.04	168
abbezahlt	3.04	168
schliefst	3.04	168
kastrieren	3.04	168
wegpusten	3.04	168
weiterzugeben	3.04	168
lausig	3.04	168
aspen	3.04	168
pit	3.04	168
ryu	3.04	168
fügung	3.04	168
fünft	3.04	168
steinzeit	3.04	168
wich	3.04	168
britannien	3.04	168
sterblichkeit	3.04	168
hausarzt	3.04	168
diabetiker	3.04	168
vala	3.04	168
immigranten	3.04	168
wladimir	3.04	168
hinzuziehen	3.04	168
vereinbarungen	3.04	168
señores	3.04	168
australier	3.04	168
léa	3.04	168
staff	3.04	168
broken	3.04	168
radcliffe	3.04	168
save	3.04	168
sicherheitsgurt	3.04	168
schäbige	3.04	168
al-qaida	3.04	168
besserwisser	3.04	168
barnett	3.04	168
gottverdammtes	3.04	168
entstehung	3.04	168
läufts	3.04	168
ranfahren	3.04	168
gerüst	3.04	168
initiieren	3.04	168
vegetarierin	3.04	168
rattert	3.04	168
überschrieben	3.04	168
ausgeheckt	3.04	168
aston	3.04	168
emitter	3.04	168
wohnhaus	3.04	168
besprachen	3.04	168
aufrichtige	3.04	168
einzujagen	3.04	168
todesengel	3.04	168
feilschen	3.04	168
morten	3.04	168
geltend	3.04	168
verzögerungen	3.04	168
blackouts	3.04	168
lisas	3.04	168
vorzugsweise	3.04	168
bekloppte	3.04	168
oval	3.04	168
bevorzugte	3.04	168
lucinda	3.04	168
keime	3.04	168
tauch	3.04	168
selbstmorde	3.04	168
getröstet	3.04	168
amtlich	3.04	168
intrige	3.04	168
umkreisen	3.04	168
spaniens	3.04	168
geheiß	3.04	168
dear	3.04	168
césar	3.04	168
tänzchen	3.04	168
einschreiten	3.04	168
standing	3.04	168
konsultieren	3.04	168
kapstadt	3.04	168
jurastudium	3.04	168
rasierklinge	3.04	168
hafer	3.04	168
anhang	3.04	168
providence	3.04	168
gibbons	3.04	168
leviathan	3.04	168
investiere	3.04	168
como	3.04	168
kehlen	3.04	168
fernbleiben	3.04	168
kuschelig	3.04	168
kap	3.04	168
abschicken	3.04	168
jule	3.04	168
überfalls	3.04	168
qi	3.04	168
anzetteln	3.04	168
niedergeschossen	3.04	168
wyler	3.04	168
geometrie	3.04	168
traummann	3.04	168
aggressionen	3.04	168
antik	3.04	168
stoppe	3.04	168
gehweg	3.04	168
ehemannes	3.04	168
opern	3.04	168
regis	3.04	168
nietzsche	3.04	168
zier	3.04	168
verdien	3.04	167
raufgehen	3.04	167
foxy	3.04	167
alleinsein	3.04	167
rehabilitation	3.04	167
hepatitis	3.04	167
caterer	3.04	167
industrielle	3.04	167
boshaft	3.04	167
ruhestörung	3.04	167
nazareth	3.04	167
transponder	3.04	167
kimura	3.04	167
hinrichtungen	3.04	167
ordnungsgemäß	3.04	167
salutieren	3.04	167
sicherheitsteam	3.04	167
unnütz	3.04	167
untersuchten	3.04	167
mcnamara	3.04	167
zuvorkommen	3.04	167
poppen	3.04	167
faraday	3.04	167
anderenfalls	3.04	167
kronjuwelen	3.04	167
günstigen	3.04	167
eigenartiges	3.04	167
ros	3.04	167
dienstboten	3.04	167
beherbergt	3.04	167
étienne	3.04	167
hektik	3.04	167
ground	3.04	167
schlupfloch	3.04	167
uh-oh	3.04	167
klarinette	3.04	167
angreifbar	3.04	167
anbau	3.04	167
supreme	3.04	167
erbarmungslos	3.04	167
verheerend	3.04	167
generalsekretär	3.04	167
muttersöhnchen	3.04	167
päpstliche	3.04	167
adonis	3.04	167
nunmal	3.04	167
aufwischen	3.04	167
hyänen	3.04	167
mont	3.04	167
sicherheitsfirma	3.04	167
cos	3.04	167
bürgerin	3.04	167
gerichtsvollzieher	3.04	167
kameradschaft	3.04	167
eindringt	3.04	167
himmelreich	3.04	167
kilgrave	3.04	167
bedürftigen	3.04	167
drummond	3.04	167
verwendeten	3.04	167
eingeworfen	3.04	167
verwahrt	3.04	167
anriefen	3.04	167
joeys	3.04	167
schroff	3.04	167
stichwunde	3.04	167
jeppe	3.04	167
hexenzirkel	3.04	167
pai	3.04	167
termiten	3.04	167
hewitt	3.04	167
honda	3.04	167
klebstoff	3.04	167
zwirn	3.04	167
abgewischt	3.04	167
forensischen	3.04	167
operationssaal	3.04	167
feuerwache	3.04	167
adiós	3.04	167
schuldschein	3.04	167
chirurgische	3.04	167
handarbeit	3.04	167
pensionierung	3.04	167
göttlicher	3.04	167
bezog	3.04	167
ernsthafter	3.04	167
tribun	3.04	167
sie-	3.04	167
pik	3.04	167
shiva	3.04	167
nervige	3.04	166
pancho	3.04	166
bedenkzeit	3.04	166
römern	3.04	166
elektronisch	3.04	166
zusätzliches	3.04	166
austreten	3.04	166
vollgestopft	3.04	166
elementen	3.04	166
schweigsam	3.04	166
leidenschaftlicher	3.04	166
dayton	3.04	166
koordiniert	3.04	166
gönner	3.04	166
zeitweise	3.04	166
schrille	3.04	166
buchte	3.04	166
beliebtesten	3.04	166
echtheit	3.04	166
fremdgehen	3.04	166
ministers	3.04	166
goldig	3.04	166
macken	3.04	166
babyparty	3.04	166
entschuldigte	3.04	166
stromversorgung	3.04	166
sommersprossen	3.04	166
chiang	3.04	166
rochester	3.04	166
tribune	3.04	166
feedback	3.04	166
schnuppe	3.04	166
boat	3.04	166
dagewesen	3.04	166
psychologisches	3.04	166
self	3.04	166
esposito	3.04	166
vorfalls	3.04	166
chic	3.04	166
einzuschätzen	3.04	166
gekackt	3.04	166
ampullen	3.04	166
wische	3.04	166
hochgegangen	3.04	166
latschen	3.04	166
unermüdlich	3.04	166
schulze	3.04	166
bös	3.04	166
streichmusik	3.04	166
rambaldi	3.04	166
hinkommt	3.04	166
lebenswert	3.04	166
verdrehte	3.04	166
massig	3.04	166
rüssel	3.04	166
revolutionären	3.04	166
fringe	3.04	166
anne-marie	3.04	166
antwerpen	3.04	166
belang	3.04	166
verschleiert	3.04	166
prosit	3.04	166
gesuchten	3.04	166
ladendiebstahl	3.04	166
qualifikation	3.04	166
vormarsch	3.04	166
röntgenbild	3.04	166
schärfe	3.04	166
vermeidet	3.04	166
vorladen	3.04	166
vaterfigur	3.04	166
morley	3.04	166
mittagsschlaf	3.04	166
tischler	3.04	166
nbc	3.04	166
unentschlossen	3.04	166
vorbeigegangen	3.04	166
milieu	3.04	166
eeg	3.04	166
grievous	3.04	166
zurückzuführen	3.04	166
lumen	3.04	166
runkle	3.04	166
konkubine	3.04	166
muy	3.04	166
c-4	3.04	166
verbliebenen	3.04	166
zunutze	3.04	166
zuzuschreiben	3.04	166
abschlussprüfung	3.04	166
howe	3.04	166
pferdeschwanz	3.04	166
unaufhörlich	3.04	166
stacheln	3.04	166
medical	3.04	166
polizeischule	3.04	166
stilles	3.04	166
tageszeit	3.04	166
entdecker	3.04	166
ausrücken	3.04	166
bedrückende	3.04	166
weitersagen	3.04	166
formsache	3.04	166
polizeibeamten	3.04	166
selbsthilfegruppe	3.04	166
rückstände	3.04	166
gesenkt	3.04	166
verfügbare	3.04	166
osteuropa	3.04	166
rülpsen	3.04	166
fingerspitzen	3.04	166
zerbrochene	3.04	166
dehoh	3.04	166
heels	3.04	166
nebenher	3.04	166
abrahams	3.04	166
clement	3.04	166
stummen	3.04	166
samba	3.04	166
science-fiction	3.04	165
brainiac	3.04	165
fillmore	3.04	165
losschicken	3.04	165
laird	3.04	165
wutanfall	3.04	165
abkratzen	3.04	165
whitechapel	3.04	165
nacktheit	3.04	165
turkey	3.04	165
häftlingen	3.04	165
unterwerfung	3.04	165
kratze	3.04	165
teilzeit	3.04	165
klarzumachen	3.04	165
börsenmakler	3.04	165
lagert	3.04	165
tobin	3.04	165
verantwortungsbewusst	3.04	165
gewölbe	3.04	165
einschläft	3.04	165
erzählungen	3.04	165
erdöl	3.04	165
revue	3.04	165
rattengift	3.04	165
ope	3.04	165
tulpen	3.04	165
handele	3.04	165
gedenkt	3.04	165
ih	3.04	165
unrein	3.04	165
terroranschlag	3.04	165
schulgeld	3.04	165
künstlerisch	3.04	165
hawking	3.04	165
genialität	3.04	165
finanzministerium	3.04	165
suits	3.04	165
brie	3.04	165
grotte	3.04	165
kulturellen	3.04	165
vw	3.04	165
gemeinderat	3.04	165
flüchtlingen	3.04	165
inc	3.04	165
goldstein	3.04	165
entmutigen	3.04	165
sarkophag	3.04	165
hair	3.04	165
arden	3.04	165
kommandieren	3.04	165
schmiert	3.04	165
baupläne	3.04	165
fortune	3.04	165
erblicken	3.04	165
gegnern	3.04	165
bakersfield	3.04	165
galopp	3.04	165
moskitos	3.04	165
nostalgie	3.04	165
quiekt	3.04	165
unverschämter	3.04	165
verurteilter	3.04	165
rugby	3.04	165
beibrachte	3.04	165
bürgerwehr	3.04	165
erwache	3.04	165
biege	3.04	165
gefängnisstrafe	3.04	165
downey	3.04	165
bemerkbar	3.04	165
dementsprechend	3.04	165
realisierte	3.04	165
turteltauben	3.04	165
heimlicher	3.04	165
verleiten	3.04	165
lichtwächter	3.04	165
rosita	3.04	165
meisterstück	3.04	165
auffälliges	3.04	165
marsmenschen	3.04	165
polster	3.04	165
tesla	3.04	165
interferenzen	3.04	165
militärdienst	3.04	165
schizophren	3.04	165
nichtraucher	3.04	165
flugplan	3.04	165
skandale	3.04	165
ließest	3.04	165
largo	3.04	165
sterns	3.04	165
badger	3.04	165
jekyll	3.04	165
augenbraue	3.04	165
kriegsschiffe	3.04	165
spartakus	3.04	165
mängel	3.04	165
ablenkt	3.04	165
leichensack	3.04	165
portwein	3.04	165
ultra	3.04	165
zuckt	3.04	165
keys	3.04	165
isl	3.04	165
gähnen	3.04	165
slam	3.04	165
dumont	3.04	165
folg	3.04	165
päpstlichen	3.03	164
gemeinsamkeit	3.03	164
eldridge	3.03	164
sook	3.03	164
sehkraft	3.03	164
gewußt	3.03	164
kümmerten	3.03	164
möhren	3.03	164
saatgut	3.03	164
südstaatler	3.03	164
vergifteten	3.03	164
verfüttern	3.03	164
tulsa	3.03	164
rhoda	3.03	164
booker	3.03	164
helmer	3.03	164
gabriella	3.03	164
täuschte	3.03	164
glühende	3.03	164
omelette	3.03	164
einfügen	3.03	164
geklungen	3.03	164
ausbrüche	3.03	164
gymnastik	3.03	164
erz	3.03	164
liedern	3.03	164
mechanische	3.03	164
fälschlicherweise	3.03	164
hungerstreik	3.03	164
dreckstück	3.03	164
beschuldigungen	3.03	164
weibliches	3.03	164
preiset	3.03	164
serien	3.03	164
wc	3.03	164
spongebob	3.03	164
ausgefressen	3.03	164
ordnete	3.03	164
bürge	3.03	164
kwon	3.03	164
gefährt	3.03	164
beatmungsgerät	3.03	164
drohe	3.03	164
träumten	3.03	164
gängen	3.03	164
vertiefen	3.03	164
skandalös	3.03	164
rohes	3.03	164
browns	3.03	164
gannicus	3.03	164
patch	3.03	164
allgemeinheit	3.03	164
ungelösten	3.03	164
milord	3.03	164
verleugnet	3.03	164
notrufzentrale	3.03	164
arts	3.03	164
durchdreht	3.03	164
hyperantrieb	3.03	164
zugestellt	3.03	164
unmögliches	3.03	164
abgesegnet	3.03	164
jammerschade	3.03	164
bestiegen	3.03	164
rekorde	3.03	164
zodiac	3.03	164
provinzen	3.03	164
blickfeld	3.03	164
künstliches	3.03	164
archäologie	3.03	164
texten	3.03	164
fink	3.03	164
meidet	3.03	164
amputieren	3.03	164
warlock	3.03	164
untersteh	3.03	164
century	3.03	164
säßen	3.03	164
brabbelt	3.03	164
eko	3.03	164
algebra	3.03	164
juristisch	3.03	164
kei	3.03	164
hotline	3.03	164
forelle	3.03	164
immobilienmakler	3.03	164
galant	3.03	164
zugführer	3.03	164
annonce	3.03	164
verschrecken	3.03	164
epi	3.03	164
tolerant	3.03	164
durchdringt	3.03	164
bai	3.03	164
ammoniak	3.03	164
fergus	3.03	164
parkplätze	3.03	164
liars	3.03	164
aufleben	3.03	164
fuße	3.03	164
packard	3.03	164
optimist	3.03	163
hinterhältiger	3.03	163
animal	3.03	163
alfons	3.03	163
rangekommen	3.03	163
bibliothekarin	3.03	163
tylers	3.03	163
entblößt	3.03	163
talia	3.03	163
einzuführen	3.03	163
verschwiegenheit	3.03	163
todestrakt	3.03	163
corvette	3.03	163
abgewandt	3.03	163
moskauer	3.03	163
conor	3.03	163
glätten	3.03	163
zusammenfassen	3.03	163
arya	3.03	163
extras	3.03	163
erzählerin	3.03	163
amnestie	3.03	163
röhren	3.03	163
feierte	3.03	163
loving	3.03	163
tröstlich	3.03	163
verkrüppelt	3.03	163
bordstein	3.03	163
skol	3.03	163
volleyball	3.03	163
horrorfilme	3.03	163
berichteten	3.03	163
deepthought42	3.03	163
stampede	3.03	163
fertiggestellt	3.03	163
petersilie	3.03	163
schokoladenkuchen	3.03	163
mexikanisches	3.03	163
lichten	3.03	163
scharen	3.03	163
hielte	3.03	163
mccann	3.03	163
reinhold	3.03	163
hinhauen	3.03	163
rausgehst	3.03	163
robben	3.03	163
kree	3.03	163
gehorchst	3.03	163
kammerflimmern	3.03	163
terroristische	3.03	163
unternehme	3.03	163
gekreuzt	3.03	163
hyäne	3.03	163
aufgab	3.03	163
gefälligkeiten	3.03	163
mutiert	3.03	163
völkern	3.03	163
pittman	3.03	163
stubbs	3.03	163
jennie	3.03	163
seitens	3.03	163
besiege	3.03	163
broker	3.03	163
gezittert	3.03	163
svetlana	3.03	163
josefine	3.03	163
collin	3.03	163
errungen	3.03	163
unrealistisch	3.03	163
zwischenstopp	3.03	163
festmachen	3.03	163
malin	3.03	163
selim	3.03	163
eingezahlt	3.03	163
mitsuko	3.03	163
getrennten	3.03	163
abendschule	3.03	163
verfolgungswahn	3.03	163
geisteszustand	3.03	163
konzentrationslager	3.03	163
blaubeeren	3.03	163
vorfällen	3.03	163
lilah	3.03	163
piss	3.03	163
kruzifix	3.03	163
bhs	3.03	163
mitgezählt	3.03	163
kenna	3.03	163
pult	3.03	163
beliefert	3.03	163
anbiete	3.03	163
kolja	3.03	163
ganove	3.03	163
tauge	3.03	163
versah	3.03	162
zertreten	3.03	162
gefängniszelle	3.03	162
ermutigend	3.03	162
strafregister	3.03	162
birdie	3.03	162
vincents	3.03	162
mangelnde	3.03	162
stillschweigen	3.03	162
liedchen	3.03	162
winchesters	3.03	162
frisieren	3.03	162
gaspedal	3.03	162
fischchen	3.03	162
trainings	3.03	162
penicillin	3.03	162
zuweilen	3.03	162
bildlich	3.03	162
arbeitskräfte	3.03	162
finderlohn	3.03	162
anni	3.03	162
gendarmerie	3.03	162
moves	3.03	162
einschnitt	3.03	162
sparst	3.03	162
erliegen	3.03	162
eifersüchtige	3.03	162
arie	3.03	162
mörderischen	3.03	162
nische	3.03	162
sucre	3.03	162
mckenna	3.03	162
verordnet	3.03	162
mineralien	3.03	162
einsätzen	3.03	162
mulligan	3.03	162
guantanamo	3.03	162
ausgeübt	3.03	162
kombinationen	3.03	162
performance	3.03	162
takashi	3.03	162
errätst	3.03	162
müllkippe	3.03	162
wise	3.03	162
schussfeld	3.03	162
weggehe	3.03	162
connolly	3.03	162
kosmischen	3.03	162
inspiziert	3.03	162
groupies	3.03	162
bürgerlichen	3.03	162
automat	3.03	162
crewmitglieder	3.03	162
parties	3.03	162
30er	3.03	162
château	3.03	162
arif	3.03	162
gilda	3.03	162
voltron	3.03	162
hereinkam	3.03	162
erträglich	3.03	162
quietschende	3.03	162
entspannte	3.03	162
saito	3.03	162
überraschst	3.03	162
rapide	3.03	162
berüchtigt	3.03	162
jp	3.03	162
zuzustimmen	3.03	162
übereinstimmt	3.03	162
schikane	3.03	162
veröffentlichte	3.03	162
verlang	3.03	162
tischgebet	3.03	162
egoistische	3.03	162
rundfunk	3.03	162
wildschweine	3.03	162
rumhängt	3.03	162
sandwichs	3.03	162
verwöhnte	3.03	162
peppone	3.03	162
komplexen	3.03	162
freudige	3.03	162
herausgeben	3.03	162
flippte	3.03	162
monolog	3.03	162
eingehender	3.03	162
milchstraße	3.03	162
füssen	3.03	162
herzattacke	3.03	162
automatischen	3.03	162
angezettelt	3.03	162
rausrücken	3.03	162
blinkt	3.03	162
positiver	3.03	162
aufmachung	3.03	162
nachschlag	3.03	162
alamo	3.03	162
klacken	3.03	162
susans	3.03	162
abschiedsparty	3.03	162
kündigst	3.03	162
emmanuelle	3.03	162
garber	3.03	162
glotz	3.03	162
quatschst	3.03	162
nachruf	3.03	162
kühles	3.03	162
gefrorene	3.03	162
verpassten	3.03	162
kerzenlicht	3.03	161
ekelhafte	3.03	161
elfe	3.03	161
okinawa	3.03	161
schatzsuche	3.03	161
born	3.03	161
gläubige	3.03	161
abtrocknen	3.03	161
banfield	3.03	161
visionär	3.03	161
sailor	3.03	161
axl	3.03	161
einzukaufen	3.03	161
europe	3.03	161
rekorder	3.03	161
drein	3.03	161
capital	3.03	161
nunja	3.03	161
bukarest	3.03	161
lebensmittelladen	3.03	161
nightingale	3.03	161
swat-team	3.03	161
negatives	3.03	161
penguin	3.03	161
rembrandt	3.03	161
eingenickt	3.03	161
betätigt	3.03	161
kosaken	3.03	161
most	3.03	161
sträflinge	3.03	161
fokussieren	3.03	161
mitspieler	3.03	161
zorns	3.03	161
kom	3.03	161
abweisend	3.03	161
boca	3.03	161
auflagen	3.03	161
herfallen	3.03	161
welcome	3.03	161
kühlt	3.03	161
4-mal	3.03	161
morphin	3.03	161
schnauzer	3.03	161
feuerten	3.03	161
zarin	3.03	161
sync	3.03	161
kriegserklärung	3.03	161
absprung	3.03	161
hinziehen	3.03	161
sitting	3.03	161
hunnen	3.03	161
körner	3.03	161
frühstücke	3.03	161
durchführt	3.03	161
leuchtenden	3.03	161
menschlichem	3.03	161
klavierspiel	3.03	161
dauerhaften	3.03	161
mausoleum	3.03	161
barrys	3.03	161
organisiertes	3.03	161
gregg	3.03	161
unangenehmes	3.03	161
verschanzt	3.03	161
aufzuwecken	3.03	161
produzentin	3.03	161
ianto	3.03	161
buchten	3.03	161
kontrollpunkt	3.03	161
liebevollen	3.03	161
klos	3.03	161
senats	3.03	161
italienerin	3.03	161
monarch	3.03	161
naturwissenschaften	3.03	161
vorstellte	3.03	161
walhalla	3.03	161
betrachtest	3.03	161
bozz	3.03	161
groot	3.03	161
rollte	3.03	161
schlüsselkarte	3.03	161
verbotenes	3.03	161
fernsteuerung	3.03	161
erneuerung	3.03	161
geschäftsführerin	3.03	161
fernsehsender	3.03	161
anstehen	3.03	161
diva	3.03	161
bismarck	3.03	161
valentina	3.03	161
vorsehen	3.03	161
fettarsch	3.03	161
perspektiven	3.03	161
küsten	3.03	161
hoi	3.03	161
verlieh	3.03	161
stümper	3.03	161
geheimpolizei	3.03	161
verrechnet	3.03	161
unvorhersehbar	3.03	161
arcadia	3.03	161
rasseln	3.03	161
wehrst	3.03	161
cafés	3.03	161
zartes	3.03	161
erschiessen	3.03	161
geschuldet	3.03	161
steigend	3.03	161
reform	3.03	161
jillian	3.03	161
gaskammer	3.03	161
röntgenaufnahmen	3.03	161
tak	3.03	161
imperiums	3.03	161
gutachter	3.03	161
physiologie	3.03	161
tatsächliche	3.02	160
vorgehabt	3.02	160
unwesen	3.02	160
yamato	3.02	160
draufsteht	3.02	160
wüsstet	3.02	160
saht	3.02	160
anzumachen	3.02	160
nudel	3.02	160
berechenbar	3.02	160
annullieren	3.02	160
diebstähle	3.02	160
sonderbehandlung	3.02	160
empfindungen	3.02	160
verläßt	3.02	160
nigeria	3.02	160
anhat	3.02	160
wash	3.02	160
bohrt	3.02	160
umzusehen	3.02	160
einigkeit	3.02	160
boxershorts	3.02	160
einzuschüchtern	3.02	160
orsini	3.02	160
retterin	3.02	160
spector	3.02	160
elektroschocks	3.02	160
vogelzwitschern	3.02	160
sgt.	3.02	160
plum	3.02	160
dienern	3.02	160
erschweren	3.02	160
überzeugende	3.02	160
schmackhaft	3.02	160
flosse	3.02	160
schlitzohr	3.02	160
irgendwelcher	3.02	160
rosario	3.02	160
pao	3.02	160
halbinsel	3.02	160
referenz	3.02	160
opi	3.02	160
toupet	3.02	160
absprechen	3.02	160
anal	3.02	160
ordinär	3.02	160
teamarbeit	3.02	160
verticken	3.02	160
grundriss	3.02	160
nektar	3.02	160
krankenpfleger	3.02	160
hindeutet	3.02	160
wegläuft	3.02	160
gebeamt	3.02	160
hindi	3.02	160
verschossen	3.02	160
verbrecherin	3.02	160
zauberwort	3.02	160
beerdigungsinstitut	3.02	160
tampon	3.02	160
madchen	3.02	160
gehort	3.02	160
komödien	3.02	160
kurieren	3.02	160
remember	3.02	160
bitterkeit	3.02	160
spektrum	3.02	160
kipp	3.02	160
chefinspektor	3.02	160
andeutung	3.02	160
buchführung	3.02	160
geruchssinn	3.02	160
sinnlich	3.02	160
angepiept	3.02	160
spekuliert	3.02	160
vorausgesehen	3.02	160
spange	3.02	160
etiketten	3.02	160
altenheim	3.02	160
rae	3.02	160
höhlenmenschen	3.02	160
hip-hop	3.02	160
erwirken	3.02	160
abhole	3.02	160
linn	3.02	160
hochbeamen	3.02	160
hausbesuch	3.02	160
ride	3.02	160
hochhalten	3.02	160
aufzuschreiben	3.02	160
watte	3.02	160
erweiterte	3.02	160
spannendes	3.02	160
ausmalen	3.02	160
indy	3.02	160
gal	3.02	160
begründen	3.02	160
supermans	3.02	160
checkst	3.02	160
vergewaltigungen	3.02	160
allerletzten	3.02	160
mitgegangen	3.02	160
fazit	3.02	160
enthoben	3.02	160
trikots	3.02	160
auflauf	3.02	160
verscheißern	3.02	160
pick	3.02	160
augäpfel	3.02	160
grashüpfer	3.02	159
ausradiert	3.02	159
qualifikationen	3.02	159
meilenstein	3.02	159
gigolo	3.02	159
serrano	3.02	159
aufgeblasen	3.02	159
noonan	3.02	159
einfaltspinsel	3.02	159
verworfen	3.02	159
stemmen	3.02	159
anhängern	3.02	159
wälzen	3.02	159
norbit	3.02	159
abmachen	3.02	159
übertrage	3.02	159
vertraulichen	3.02	159
janus	3.02	159
bauteil	3.02	159
caterina	3.02	159
dove	3.02	159
zerfleischen	3.02	159
mitzi	3.02	159
schulleiter	3.02	159
rationen	3.02	159
losmachen	3.02	159
nic	3.02	159
fraglich	3.02	159
flennen	3.02	159
bed	3.02	159
stimuliert	3.02	159
superhirn	3.02	159
weglief	3.02	159
öden	3.02	159
mentalen	3.02	159
fraiser	3.02	159
bone	3.02	159
gedeiht	3.02	159
ryker	3.02	159
riverdale	3.02	159
weggeblasen	3.02	159
exquisit	3.02	159
angebrüllt	3.02	159
computers	3.02	159
datiert	3.02	159
künstlers	3.02	159
vibrationen	3.02	159
stehenden	3.02	159
meide	3.02	159
huey	3.02	159
maroni	3.02	159
besaßen	3.02	159
arbeitsamt	3.02	159
starsk	3.02	159
geschlüpft	3.02	159
zeitgefühl	3.02	159
einstehen	3.02	159
ketzerei	3.02	159
kellnern	3.02	159
schienbein	3.02	159
naschen	3.02	159
deusex72	3.02	159
durchfahren	3.02	159
küchentisch	3.02	159
cedar	3.02	159
lösegeldforderung	3.02	159
gestarrt	3.02	159
phineas	3.02	159
unfehlbar	3.02	159
quiz	3.02	159
ungesehen	3.02	159
podest	3.02	159
vorgewarnt	3.02	159
trockener	3.02	159
hauptverdächtiger	3.02	159
beruhigst	3.02	159
replikator	3.02	159
eindeutigen	3.02	159
beträchtlich	3.02	159
erarbeitet	3.02	159
maybe	3.02	159
zugegen	3.02	159
mädchennamen	3.02	159
beschreibungen	3.02	159
einöde	3.02	159
glühenden	3.02	159
belauschen	3.02	159
einwohnern	3.02	159
schlepper	3.02	159
pudern	3.02	159
beschwer	3.02	159
früchten	3.02	159
wespe	3.02	159
etablissement	3.02	159
spade	3.02	159
gutaussehende	3.02	159
qualle	3.02	159
shi	3.02	159
mittelmäßig	3.02	159
uncle	3.02	159
murmeltier	3.02	159
rien	3.02	159
vorhergesehen	3.02	159
godmode	3.02	159
heimreise	3.02	159
polizeipräsidium	3.02	159
hemisphäre	3.02	159
ent	3.02	159
auseinandersetzen	3.02	159
abzubringen	3.02	159
miki	3.02	159
zielst	3.02	159
gefügig	3.02	159
isabell	3.02	159
unbegrenzte	3.02	159
freisetzen	3.02	159
stuttgart	3.02	159
unheimlicher	3.02	159
taschendieb	3.02	159
martial	3.02	159
unbedeutende	3.02	159
einbezogen	3.02	159
quebec	3.02	159
gekrümmt	3.02	159
senators	3.02	158
verschlägt	3.02	158
endstadium	3.02	158
fool	3.02	158
speedster	3.02	158
schone	3.02	158
trenton	3.02	158
marvel	3.02	158
armenier	3.02	158
untertitel-werkstatt	3.02	158
zypern	3.02	158
initiiert	3.02	158
filip	3.02	158
tränke	3.02	158
pechsträhne	3.02	158
dampfbad	3.02	158
gemütlichen	3.02	158
mützen	3.02	158
taktiken	3.02	158
heli	3.02	158
alpha-quadranten	3.02	158
privatnummer	3.02	158
beurteile	3.02	158
hester	3.02	158
einleitung	3.02	158
trauernde	3.02	158
goldbarren	3.02	158
millennium	3.02	158
außerirdisches	3.02	158
verruf	3.02	158
elektrik	3.02	158
kapseln	3.02	158
zeitliche	3.02	158
probezeit	3.02	158
jelly	3.02	158
übergangen	3.02	158
nervöse	3.02	158
gehälter	3.02	158
narcisse	3.02	158
zweierlei	3.02	158
repräsentanten	3.02	158
komposition	3.02	158
startbahn	3.02	158
privatsache	3.02	158
palmers	3.02	158
schienst	3.02	158
lao	3.02	158
abhang	3.02	158
bit	3.02	158
patton	3.02	158
dreckloch	3.02	158
pilates	3.02	158
strafmaß	3.02	158
grub	3.02	158
walther	3.02	158
rage	3.02	158
schaft	3.02	158
fehltritt	3.02	158
nur-	3.02	158
perfect	3.02	158
erdal	3.02	158
schlappschwänze	3.02	158
mrd.	3.02	158
reingeritten	3.02	158
mordermittlung	3.02	158
dunst	3.02	158
attackieren	3.02	158
cunningham	3.02	158
age	3.02	158
nörgeln	3.02	158
eifersüchtiger	3.02	158
haines	3.02	158
rama	3.02	158
erzähltest	3.02	158
unzurechnungsfähig	3.02	158
sevilla	3.02	158
qu	3.02	158
done	3.02	158
balls	3.02	158
obliegt	3.02	158
fahnden	3.02	158
vormittags	3.02	158
geistliche	3.02	158
übersinnliche	3.02	158
fessel	3.02	158
faß	3.02	158
neptun	3.02	158
stätte	3.02	158
romano	3.02	158
gemüter	3.02	158
gezähmt	3.02	158
schuhverkäufer	3.02	158
lehrplan	3.02	158
brüllte	3.02	158
chihuahua	3.02	158
basar	3.02	158
gescherzt	3.02	158
hintrittst	3.02	158
those	3.01	157
feuerwerkskörper	3.01	157
theodor	3.01	157
verlagern	3.01	157
ausgeschlagen	3.01	157
souvenirs	3.01	157
versperren	3.01	157
dozent	3.01	157
raubte	3.01	157
anhast	3.01	157
talentshow	3.01	157
fummeln	3.01	157
hängte	3.01	157
angler	3.01	157
andys	3.01	157
kardinals	3.01	157
zufriedenstellend	3.01	157
wiederzubeleben	3.01	157
ungarisch	3.01	157
mitbekommt	3.01	157
brilliant	3.01	157
cheetah	3.01	157
unvermeidliche	3.01	157
obergeschoss	3.01	157
fragwürdig	3.01	157
kennenlerne	3.01	157
ähem	3.01	157
meerjungfrauen	3.01	157
dreifacher	3.01	157
losbinden	3.01	157
christiane	3.01	157
hinbiegen	3.01	157
geisha	3.01	157
unbeschadet	3.01	157
smaragde	3.01	157
imponieren	3.01	157
pitcher	3.01	157
yann	3.01	157
aufzubringen	3.01	157
kokosnüsse	3.01	157
raushängen	3.01	157
kaori	3.01	157
gore	3.01	157
defibrillator	3.01	157
warpkern	3.01	157
shelton	3.01	157
umhin	3.01	157
umgehört	3.01	157
vorräten	3.01	157
etikette	3.01	157
harkness	3.01	157
entsprach	3.01	157
einschlägt	3.01	157
metropolitan	3.01	157
schlafenden	3.01	157
allzeit	3.01	157
blu	3.01	157
gelehrte	3.01	157
luftunterstützung	3.01	157
stammkunden	3.01	157
sicherheitsfreigabe	3.01	157
städtische	3.01	157
häufchen	3.01	157
sterilisieren	3.01	157
vorhersage	3.01	157
lenden	3.01	157
angeldream	3.01	157
gleason	3.01	157
desinfizieren	3.01	157
kanarienvogel	3.01	157
rasur	3.01	157
pearce	3.01	157
hecken	3.01	157
wegzubringen	3.01	157
jai	3.01	157
plastische	3.01	157
genährt	3.01	157
näheres	3.01	157
ferrara	3.01	157
heuerte	3.01	157
debs	3.01	157
nachhauseweg	3.01	157
par	3.01	157
arn	3.01	157
johnnys	3.01	157
greis	3.01	157
magnetischen	3.01	157
aggressiven	3.01	157
komponisten	3.01	157
tusse	3.01	157
agenturen	3.01	157
silbe	3.01	157
bubber	3.01	157
herauszubekommen	3.01	157
obsession	3.01	157
zurückfliegen	3.01	157
unaufhaltsam	3.01	157
homerun	3.01	157
ißt	3.01	157
dam	3.01	157
gerüstet	3.01	157
mucho	3.01	157
zitterte	3.01	157
reckless	3.01	157
giants	3.01	157
spielzug	3.01	157
dumbo	3.01	157
rezession	3.01	157
lennier	3.01	157
positioniert	3.01	157
schlafplatz	3.01	157
teeger	3.01	157
traurigerweise	3.01	156
weggeflogen	3.01	156
lydecker	3.01	156
merkur	3.01	156
versetz	3.01	156
kreml	3.01	156
trautes	3.01	156
zusammenschlagen	3.01	156
abgeschlagen	3.01	156
tarnvorrichtung	3.01	156
selbstgefällig	3.01	156
steuerbehörde	3.01	156
faszinierendes	3.01	156
grants	3.01	156
knebel	3.01	156
abhanden	3.01	156
entjungfert	3.01	156
diem	3.01	156
hiroshima	3.01	156
zurückzuverfolgen	3.01	156
manon	3.01	156
feingefühl	3.01	156
herumstehen	3.01	156
spazierfahrt	3.01	156
audio	3.01	156
verschütten	3.01	156
gabriela	3.01	156
parkte	3.01	156
doppelagent	3.01	156
erhabener	3.01	156
starkem	3.01	156
bezirks	3.01	156
vietnamesisch	3.01	156
forellen	3.01	156
versuchungen	3.01	156
ares	3.01	156
kürbisse	3.01	156
wissenschaftliches	3.01	156
telegramme	3.01	156
julias	3.01	156
integriert	3.01	156
geistiger	3.01	156
vorletzte	3.01	156
günstige	3.01	156
fin	3.01	156
selfie	3.01	156
vortex	3.01	156
beschuldigten	3.01	156
hess	3.01	156
östliche	3.01	156
rutledge	3.01	156
konditionen	3.01	156
ueber	3.01	156
debüt	3.01	156
faye	3.01	156
klammert	3.01	156
humbug	3.01	156
zee	3.01	156
abgetrieben	3.01	156
mitfliegen	3.01	156
gartenarbeit	3.01	156
kuriere	3.01	156
schadensbericht	3.01	156
epilepsie	3.01	156
gutmütig	3.01	156
birgit	3.01	156
radley	3.01	156
bronco	3.01	156
infrarot	3.01	156
rumgetrieben	3.01	156
aufsammeln	3.01	156
aufstehe	3.01	156
faschismus	3.01	156
win	3.01	156
frechdachs	3.01	156
antimaterie	3.01	156
dämonische	3.01	156
salaam	3.01	156
marci	3.01	156
untermieter	3.01	156
fairview	3.01	156
rumschlagen	3.01	156
kongressabgeordnete	3.01	156
würste	3.01	156
osman	3.01	156
bohnenstange	3.01	156
saftige	3.01	156
presents	3.01	156
esra	3.01	156
klebe	3.01	156
scrooge	3.01	156
landsmann	3.01	156
scheide	3.01	156
farid	3.01	156
beige	3.01	156
gefängnisses	3.01	156
napa	3.01	156
own	3.01	156
unentwegt	3.01	156
wäschekorb	3.01	156
schwirren	3.01	156
marwan	3.01	156
jobangebot	3.01	156
leuchtende	3.01	156
nfl	3.01	156
übersetze	3.01	156
smile	3.01	156
mühelos	3.01	156
erahnen	3.01	156
kriegsende	3.01	156
einstellt	3.01	156
nimmerwiedersehen	3.01	156
rocker	3.01	156
enttarnen	3.01	156
ersucht	3.01	156
gebessert	3.01	155
sechster	3.01	155
geschmackvoll	3.01	155
squad	3.01	155
lynne	3.01	155
diplomatisch	3.01	155
vorgaben	3.01	155
shirts	3.01	155
gicht	3.01	155
laszlo	3.01	155
ablesen	3.01	155
tafeln	3.01	155
entführern	3.01	155
zerstreuen	3.01	155
hiess	3.01	155
getrocknet	3.01	155
cersei	3.01	155
weißte	3.01	155
abwurf	3.01	155
erwogen	3.01	155
givens	3.01	155
abgebaut	3.01	155
elischka	3.01	155
glamour	3.01	155
gould	3.01	155
oldtimer	3.01	155
veranlagt	3.01	155
rem	3.01	155
besitzes	3.01	155
triumphieren	3.01	155
groupie	3.01	155
befugnisse	3.01	155
joachim	3.01	155
rube	3.01	155
gefurzt	3.01	155
nachtclubs	3.01	155
derartig	3.01	155
begehe	3.01	155
auszugraben	3.01	155
mikaelson	3.01	155
lehrreich	3.01	155
varg	3.01	155
abweichungen	3.01	155
hochachtungsvoll	3.01	155
bergung	3.01	155
nüssen	3.01	155
marschmusik	3.01	155
zeichner	3.01	155
wimmeln	3.01	155
spiderman	3.01	155
weihrauch	3.01	155
grat	3.01	155
unterrichtete	3.01	155
fahrplan	3.01	155
autoradio	3.01	155
silent	3.01	155
electric	3.01	155
komponieren	3.01	155
blickkontakt	3.01	155
liegenlassen	3.01	155
zurückgezahlt	3.01	155
geschrieen	3.01	155
silbertablett	3.01	155
verschiebe	3.01	155
brrr	3.01	155
schuldgefühlen	3.01	155
sphinx	3.01	155
lächerlicher	3.01	155
ausdehnung	3.01	155
erleuchten	3.01	155
wertlose	3.01	155
chemisch	3.01	155
zweifelte	3.01	155
chiu	3.01	155
leos	3.01	155
kaltblütiger	3.01	155
maître	3.01	155
wertvollsten	3.01	155
zusammengehalten	3.01	155
gelinkt	3.01	155
vorknöpfen	3.01	155
abarbeiten	3.01	155
vorgegangen	3.01	155
bueno	3.01	155
fleht	3.01	155
riefst	3.01	155
seinerzeit	3.01	155
dalassen	3.01	155
tuttle	3.01	155
einseitig	3.01	155
reparierst	3.01	155
känguru	3.01	155
kanna	3.01	155
vickers	3.01	155
schlagzeuger	3.01	155
observieren	3.01	155
beifahrersitz	3.01	155
litchfield	3.01	155
foltert	3.01	155
segnet	3.01	155
strumpf	3.01	155
ulla	3.01	155
stehn	3.01	155
vorkam	3.01	155
melmac	3.01	155
verbleiben	3.01	155
einlochen	3.01	155
ausgeredet	3.01	155
guise	3.01	155
bestellten	3.01	155
ablehne	3.01	155
schulball	3.01	155
gefrierschrank	3.01	155
hissen	3.01	155
angepiepst	3.01	155
pepsi	3.01	155
gruben	3.01	155
eastwood	3.01	155
philips	3.01	155
stank	3.01	154
probeaufnahmen	3.01	154
umstellung	3.01	154
kreativer	3.01	154
nachgewiesen	3.01	154
dämons	3.01	154
gemeistert	3.01	154
rechtschaffenheit	3.01	154
schluchzend	3.01	154
schnucki	3.01	154
ventile	3.01	154
schã	3.01	154
pacino	3.01	154
bekümmert	3.01	154
brünett	3.01	154
jetz	3.01	154
handbremse	3.01	154
tonya	3.01	154
tieferen	3.01	154
schottischen	3.01	154
mima	3.01	154
superkraft	3.01	154
handels	3.01	154
kochsalzlösung	3.01	154
kutschen	3.01	154
impulsantrieb	3.01	154
heulte	3.01	154
gerichtliche	3.01	154
besudelt	3.01	154
südliche	3.01	154
haarige	3.01	154
ziellos	3.01	154
wohltätigkeitsveranstaltung	3.01	154
patricks	3.01	154
shopping	3.01	154
traumatisch	3.01	154
peanut	3.01	154
zurückgeht	3.01	154
verrecke	3.01	154
ersuche	3.01	154
riecher	3.01	154
vorbeikommst	3.01	154
aga	3.01	154
garroway	3.01	154
hängematte	3.01	154
foss	3.01	154
blindes	3.01	154
zeppelin	3.01	154
temporale	3.01	154
broschüren	3.01	154
schroeder	3.01	154
warenhaus	3.01	154
ungeheure	3.01	154
toussaint	3.01	154
lidia	3.01	154
schaltest	3.01	154
graystone	3.01	154
palette	3.01	154
mlle.	3.01	154
gemobbt	3.01	154
krimis	3.01	154
kinderschänder	3.01	154
fundort	3.01	154
ehrenkodex	3.01	154
waisenkinder	3.01	154
liesel	3.01	154
eingeplant	3.01	154
klitoris	3.01	154
eigentumswohnung	3.01	154
lancaster	3.01	154
seelenfrieden	3.01	154
persien	3.01	154
vorübergehen	3.01	154
reinkamen	3.01	154
erringen	3.01	154
ige	3.01	154
ausdrucken	3.01	154
einfordern	3.01	154
dundee	3.01	154
mütterchen	3.01	154
bestreite	3.01	154
fashion	3.01	154
vorsichtshalber	3.01	154
unabhängiger	3.01	154
cartoon	3.01	154
talentierten	3.01	154
johannesburg	3.01	154
stöckchen	3.01	154
riesengroß	3.01	154
ilene	3.01	154
hustensaft	3.01	154
einzelnes	3.01	154
hennen	3.01	154
raststätte	3.01	154
switek	3.01	154
unweigerlich	3.01	154
blairs	3.01	154
monsters	3.01	154
walkers	3.01	154
korps	3.01	154
cadmus	3.01	154
gnädiges	3.01	154
sensibilität	3.01	154
gräbst	3.01	154
ricco	3.00	153
areal	3.00	153
umgeschrieben	3.00	153
inzest	3.00	153
schrader	3.00	153
rinde	3.00	153
militärisches	3.00	153
micha	3.00	153
wiederholungen	3.00	153
sweetheart	3.00	153
faszination	3.00	153
erstaunlicher	3.00	153
zuzufügen	3.00	153
zielte	3.00	153
pflug	3.00	153
angesehenen	3.00	153
absolventen	3.00	153
fiction	3.00	153
week	3.00	153
auswechseln	3.00	153
reintun	3.00	153
tanker	3.00	153
überarbeiten	3.00	153
wunderbarste	3.00	153
extremisten	3.00	153
gelee	3.00	153
covington	3.00	153
robb	3.00	153
kartoffelsalat	3.00	153
passiv	3.00	153
freches	3.00	153
kommissarin	3.00	153
iwanowitsch	3.00	153
morgenmantel	3.00	153
steadman	3.00	153
dämpfe	3.00	153
todsünde	3.00	153
schanghai	3.00	153
schulbehörde	3.00	153
verbreite	3.00	153
kleineres	3.00	153
adlige	3.00	153
garland	3.00	153
schüsseln	3.00	153
verratet	3.00	153
reinsten	3.00	153
freundschaftlich	3.00	153
yohko	3.00	153
hobie	3.00	153
betraten	3.00	153
mannschaften	3.00	153
ausgebildeter	3.00	153
belebt	3.00	153
franzl	3.00	153
versklaven	3.00	153
militärgericht	3.00	153
kreuzigen	3.00	153
monet	3.00	153
relevanz	3.00	153
maat	3.00	153
weiãÿ	3.00	153
gondel	3.00	153
ill	3.00	153
aufzählen	3.00	153
verschiedenes	3.00	153
raums	3.00	153
monstrum	3.00	153
lene	3.00	153
unangenehmer	3.00	153
uschi	3.00	153
strahlst	3.00	153
äußert	3.00	153
moulin	3.00	153
rollenspiel	3.00	153
nele	3.00	153
paddeln	3.00	153
dojo	3.00	153
claudius	3.00	153
swanson	3.00	153
hallie	3.00	153
meinungsverschiedenheiten	3.00	153
meta-menschen	3.00	153
feststellung	3.00	153
erbärmliches	3.00	153
wiederauferstehung	3.00	153
manschettenknöpfe	3.00	153
rauszuwerfen	3.00	153
anregend	3.00	153
nelken	3.00	153
akbar	3.00	153
rheuma	3.00	153
heathcliff	3.00	153
vereitelt	3.00	153
auszukommen	3.00	153
unverschämte	3.00	153
interaktion	3.00	153
mahler	3.00	153
sunday	3.00	153
befreiend	3.00	153
aufgefüllt	3.00	153
blubbern	3.00	153
innerer	3.00	153
ithaka	3.00	153
bae	3.00	153
vermiesen	3.00	152
aaaah	3.00	152
e.t.	3.00	152
spul	3.00	152
pausenraum	3.00	152
lehnten	3.00	152
setup1503	3.00	152
paramount	3.00	152
demzufolge	3.00	152
zito	3.00	152
kaffeepause	3.00	152
tröste	3.00	152
anus	3.00	152
passion	3.00	152
anzuvertrauen	3.00	152
singende	3.00	152
kristallkugel	3.00	152
dada	3.00	152
peilung	3.00	152
ausreiten	3.00	152
richtern	3.00	152
russlands	3.00	152
sauberkeit	3.00	152
bezeichnete	3.00	152
schlaflose	3.00	152
abgestochen	3.00	152
unmittelbare	3.00	152
verantwortungsvoll	3.00	152
tia	3.00	152
theatre	3.00	152
verflogen	3.00	152
fütterst	3.00	152
verteiler	3.00	152
motelzimmer	3.00	152
unseretwegen	3.00	152
us-dollar	3.00	152
hingucken	3.00	152
wurmlöcher	3.00	152
baumstamm	3.00	152
obrigkeit	3.00	152
durchwühlen	3.00	152
erzürnt	3.00	152
geheimnisvoller	3.00	152
urban	3.00	152
interstate	3.00	152
eingesprungen	3.00	152
gesetzlose	3.00	152
abführmittel	3.00	152
bösartigen	3.00	152
opossum	3.00	152
wiederherstellung	3.00	152
gant	3.00	152
eingeweiden	3.00	152
familienvater	3.00	152
aufging	3.00	152
engländern	3.00	152
maßlos	3.00	152
hubot	3.00	152
sieb	3.00	152
bumpy	3.00	152
gesät	3.00	152
würmern	3.00	152
pitch	3.00	152
fünfhundert	3.00	152
flip	3.00	152
angetrunken	3.00	152
emotionales	3.00	152
mysterien	3.00	152
knalle	3.00	152
pollen	3.00	152
flüssiges	3.00	152
rapunzel	3.00	152
celal	3.00	152
voyage	3.00	152
sinnloses	3.00	152
plaudert	3.00	152
ok.	3.00	152
korkenzieher	3.00	152
urteilt	3.00	152
zyklop	3.00	152
jd	3.00	152
erdrückt	3.00	152
plural	3.00	152
uah	3.00	152
annullierung	3.00	152
nachweis	3.00	152
einwerfen	3.00	152
festplatten	3.00	152
arvid	3.00	152
domina	3.00	152
shell	3.00	152
zapata	3.00	152
somebody	3.00	152
dringlichkeit	3.00	152
gegenseitige	3.00	152
zielpersonen	3.00	152
fiesling	3.00	152
mandat	3.00	152
abgeschirmt	3.00	152
dessous	3.00	152
ar	3.00	152
schäferhund	3.00	152
aufzeigen	3.00	152
zurückerobern	3.00	152
chappie	3.00	152
hülsen	3.00	152
kontrollzentrum	3.00	152
verschwindens	3.00	152
dürftest	3.00	152
pessimistisch	3.00	152
dschihad	3.00	152
neugierigen	3.00	152
familienessen	3.00	152
anthropologie	3.00	152
lindert	3.00	152
us-armee	3.00	152
blumenstrauß	3.00	152
begnadigen	3.00	152
rausfinde	3.00	152
dissertation	3.00	152
violett	3.00	152
delegierten	3.00	152
xoxo	3.00	152
kräutern	3.00	152
steckdose	3.00	152
pickett	3.00	152
kerosin	3.00	152
umliegenden	3.00	152
einfliegen	3.00	152
gottverlassenen	3.00	152
dämpfer	3.00	152
lebensfreude	3.00	151
generalprobe	3.00	151
bürgerliche	3.00	151
teds	3.00	151
hypnotisieren	3.00	151
dci	3.00	151
rumrennen	3.00	151
schätzte	3.00	151
melodramatisch	3.00	151
lupin	3.00	151
mörderisch	3.00	151
spermien	3.00	151
brecheisen	3.00	151
kjell	3.00	151
antreibt	3.00	151
vermisstenanzeige	3.00	151
falling	3.00	151
breaking	3.00	151
einweisung	3.00	151
annehmlichkeiten	3.00	151
rückgabe	3.00	151
christa	3.00	151
klinisch	3.00	151
ficker	3.00	151
abfuhr	3.00	151
hanne	3.00	151
tauschten	3.00	151
kuli	3.00	151
mori	3.00	151
nachfolge	3.00	151
abgenutzt	3.00	151
vortanzen	3.00	151
menschenhandel	3.00	151
abläufe	3.00	151
lenz	3.00	151
aufzusteigen	3.00	151
telefonaufzeichnungen	3.00	151
circus	3.00	151
gegebener	3.00	151
ansteht	3.00	151
lieblingsbuch	3.00	151
eingeatmet	3.00	151
bagger	3.00	151
vereinfacht	3.00	151
nähmaschine	3.00	151
gnädigen	3.00	151
taktvoll	3.00	151
chocolate	3.00	151
corpus	3.00	151
stinson	3.00	151
bundesregierung	3.00	151
willste	3.00	151
dominiert	3.00	151
kampfsport	3.00	151
verurteilungen	3.00	151
durchbohren	3.00	151
erschreckst	3.00	151
überschlagen	3.00	151
cartwright	3.00	151
spreizen	3.00	151
sog	3.00	151
gegenseitigen	3.00	151
hernehmen	3.00	151
mcguire	3.00	151
schuldigern	3.00	151
lamont	3.00	151
zähler	3.00	151
ticktack	3.00	151
massimo	3.00	151
belüge	3.00	151
bewährungsauflagen	3.00	151
rasier	3.00	151
durchgeht	3.00	151
atmete	3.00	151
entbinden	3.00	151
kims	3.00	151
delikatesse	3.00	151
heini	3.00	151
austen	3.00	151
bemerkenswerter	3.00	151
beweisstücke	3.00	151
janis	3.00	151
frühes	3.00	151
besorgter	3.00	151
fotoapparat	3.00	151
aka	3.00	151
mazel	3.00	151
hiergelassen	3.00	151
prado	3.00	151
feuerwehrleute	3.00	151
katniss	3.00	151
seligen	3.00	151
expansion	3.00	151
sternchen	3.00	151
armenhaus	3.00	151
senkrecht	3.00	151
wohingegen	3.00	151
lothbrok	3.00	151
abruf	3.00	151
unterhaltet	3.00	151
abzuliefern	3.00	151
explosiv	3.00	151
angeklagter	3.00	151
ufern	3.00	151
kneift	3.00	151
beordert	3.00	151
pumuckl	3.00	151
versorge	3.00	151
abgesägt	3.00	151
gibraltar	3.00	151
blinky	3.00	151
schlichten	3.00	151
bastian	3.00	151
segelboot	3.00	151
blasmusik	3.00	151
abzüglich	3.00	151
berenson	3.00	151
angeschleppt	3.00	151
kuwait	3.00	151
banshee	3.00	151
mutigste	3.00	151
gehirntumor	3.00	151
bessert	3.00	151
umgeworfen	3.00	151
nyu	3.00	151
unerkannt	3.00	151
respektlosigkeit	3.00	151
salve	3.00	151
arzttermin	3.00	151
photo	3.00	151
bestreben	3.00	151
tims	3.00	151
malaysia	3.00	150
roz	3.00	150
burrell	3.00	150
zahlenmäßig	3.00	150
deckte	3.00	150
drogenbesitz	3.00	150
beunruhigung	3.00	150
hingehalten	3.00	150
passierten	3.00	150
objekten	3.00	150
didn	3.00	150
linderman	3.00	150
urplötzlich	3.00	150
stammzellen	3.00	150
ausgestreckt	3.00	150
pres	3.00	150
visitenkarten	3.00	150
aug	3.00	150
unbewohnt	3.00	150
chas	3.00	150
unterkommen	3.00	150
kelsey	3.00	150
jeanine	3.00	150
torten	3.00	150
nachschlagen	3.00	150
flüchtlingslager	3.00	150
spielzeit	3.00	150
glückstreffer	3.00	150
aya	3.00	150
geisteskrankheit	3.00	150
muessen	3.00	150
zerfetzen	3.00	150
gewünschten	3.00	150
roswell	3.00	150
ausspricht	3.00	150
aufzusetzen	3.00	150
konservatorium	3.00	150
dima	3.00	150
alastair	3.00	150
lia	3.00	150
kralle	3.00	150
likör	3.00	150
pinot	3.00	150
ausbaden	3.00	150
romulus	3.00	150
parallelen	3.00	150
nicholson	3.00	150
ninh	3.00	150
geraumer	3.00	150
fratze	3.00	150
broderick	3.00	150
cabo	3.00	150
aufzubewahren	3.00	150
bequeme	3.00	150
staunst	3.00	150
beifahrer	3.00	150
verweigerte	3.00	150
mietete	3.00	150
befragte	3.00	150
angelt	3.00	150
pump	3.00	150
tusch	3.00	150
haarig	3.00	150
überbringer	3.00	150
sicherheitsmann	3.00	150
analysiere	3.00	150
abendkleid	3.00	150
phantasien	3.00	150
gegenseite	3.00	150
einordnen	3.00	150
keene	3.00	150
umdreht	3.00	150
grönland	3.00	150
fifty-fifty	3.00	150
zimmergenossen	3.00	150
wendest	3.00	150
ina	3.00	150
bedauernswert	3.00	150
herumzulaufen	3.00	150
leanne	3.00	150
gottlieb	3.00	150
zerstritten	3.00	150
warden	3.00	150
gladstone	3.00	150
verlassenes	3.00	150
anlauf	3.00	150
scouts	3.00	150
mögliches	3.00	150
patientinnen	3.00	150
bezaubernden	3.00	150
römischer	3.00	150
yuko	3.00	150
beug	3.00	150
rätselhafte	3.00	150
priestern	3.00	150
lästigen	3.00	150
dorothea	3.00	150
quäle	3.00	150
fensterläden	3.00	150
checkpoint	3.00	150
vogels	3.00	150
improvisation	3.00	150
gräueltaten	3.00	150
bettzeug	3.00	150
peinlicher	3.00	150
smythe	3.00	150
hasses	3.00	150
lai	3.00	150
gehäutet	3.00	150
noora	3.00	150
auftauen	3.00	150
abgesandter	3.00	150
weltlichen	3.00	150
anzulocken	3.00	150
cale	3.00	150
hirnschaden	3.00	150
geschätzter	3.00	150
schlaftablette	3.00	150
fraglichen	3.00	150
telemach	3.00	150
gewandelt	3.00	150
sonnenstrahl	3.00	150
rausholt	3.00	150
durchtrennen	3.00	150
jod	3.00	150
tatiana	3.00	150
britt	3.00	150
fiedler	2.99	149
umsichtig	2.99	149
momentanen	2.99	149
udssr	2.99	149
sri	2.99	149
warzen	2.99	149
berühmtheiten	2.99	149
erkältest	2.99	149
aufständischen	2.99	149
matthäus	2.99	149
kongressabgeordneten	2.99	149
lyndon	2.99	149
beschwerte	2.99	149
puffer	2.99	149
veralbern	2.99	149
hinweist	2.99	149
kackt	2.99	149
aufnahmeprüfung	2.99	149
winzling	2.99	149
frakturen	2.99	149
aki	2.99	149
handelten	2.99	149
chronische	2.99	149
reece	2.99	149
valide	2.99	149
familienunternehmen	2.99	149
rosig	2.99	149
riskier	2.99	149
übertreibung	2.99	149
glaubtest	2.99	149
benachrichtige	2.99	149
teo	2.99	149
posieren	2.99	149
einzugestehen	2.99	149
30ern	2.99	149
cheech	2.99	149
betreuerin	2.99	149
knights	2.99	149
mitbringst	2.99	149
gefallene	2.99	149
wirtschaftskrise	2.99	149
tankstellen	2.99	149
sichtbaren	2.99	149
logen	2.99	149
waffenschein	2.99	149
kunstgeschichte	2.99	149
schwachpunkt	2.99	149
produktiv	2.99	149
fabelhaften	2.99	149
jie	2.99	149
heiklen	2.99	149
rikers	2.99	149
laufpass	2.99	149
versteigerung	2.99	149
abkriegen	2.99	149
entwickle	2.99	149
auskünfte	2.99	149
grendel	2.99	149
arktis	2.99	149
umkippen	2.99	149
hühnersuppe	2.99	149
bibliothekar	2.99	149
blackbox	2.99	149
gastfreundlich	2.99	149
sonntagabend	2.99	149
shalom	2.99	149
bevorzugst	2.99	149
physiotherapie	2.99	149
imaginäre	2.99	149
besorgten	2.99	149
sprecherin	2.99	149
myrna	2.99	149
dodger	2.99	149
shots	2.99	149
kennedys	2.99	149
packungen	2.99	149
zeichnest	2.99	149
auszutricksen	2.99	149
abholung	2.99	149
wisteria	2.99	149
chestnut	2.99	149
quest	2.99	149
kathi	2.99	149
fittiche	2.99	149
tigh	2.99	149
benjy	2.99	149
zulässig	2.99	149
liefe	2.99	149
many	2.99	149
tracker	2.99	149
jämmerliche	2.99	149
irgendeines	2.99	149
schutzraum	2.99	149
zerrt	2.99	149
formulierung	2.99	149
geass	2.99	149
ausgecheckt	2.99	149
kalkutta	2.99	149
fassungslos	2.99	149
extrapunkte	2.99	149
plätschert	2.99	149
mitbrachte	2.99	149
höhnisch	2.99	149
erfülltes	2.99	149
effie	2.99	149
wunderhübsch	2.99	149
racine	2.99	149
hergerissen	2.99	149
skies	2.99	149
vittorio	2.99	149
ergebener	2.99	149
gänseblümchen	2.99	149
maskenball	2.99	149
mordet	2.99	149
verkörpern	2.99	149
abgabe	2.99	149
algorithmen	2.99	149
rockwell	2.99	149
ausgehändigt	2.99	149
familienleben	2.99	149
aufenthaltsraum	2.99	149
gottseidank	2.99	149
faulheit	2.99	149
durchführung	2.99	149
humanoide	2.99	149
beibringt	2.99	149
übersicht	2.99	149
independence	2.99	149
abriss	2.99	149
vibrieren	2.99	149
heat	2.99	149
nachspiel	2.99	149
neo	2.99	149
durchlöchert	2.99	149
verbeugt	2.99	149
stoppschild	2.99	149
urgroßmutter	2.99	149
blasse	2.99	149
übergriff	2.99	149
bettdecke	2.99	149
mali	2.99	149
jessicas	2.99	148
bespreche	2.99	148
voraussehen	2.99	148
blutkreislauf	2.99	148
wunderte	2.99	148
tack	2.99	148
dede	2.99	148
raffinierte	2.99	148
delilah	2.99	148
flotter	2.99	148
thrones	2.99	148
zutreffend	2.99	148
sprechenden	2.99	148
inhuman	2.99	148
harpune	2.99	148
übersprungen	2.99	148
aphrodite	2.99	148
benötigst	2.99	148
diktiert	2.99	148
kabinen	2.99	148
entledigen	2.99	148
siu	2.99	148
olli	2.99	148
auftrieb	2.99	148
triumphale	2.99	148
strahlenden	2.99	148
blutgerinnsel	2.99	148
gully	2.99	148
geeigneter	2.99	148
renate	2.99	148
steuergelder	2.99	148
dominik	2.99	148
impfung	2.99	148
seinesgleichen	2.99	148
nostradamus	2.99	148
entschließen	2.99	148
blunt	2.99	148
soufflé	2.99	148
zitate	2.99	148
heuchlerin	2.99	148
heidenangst	2.99	148
verdeck	2.99	148
banana	2.99	148
bändern	2.99	148
gefaltet	2.99	148
verankert	2.99	148
vitrine	2.99	148
ikone	2.99	148
zuhalten	2.99	148
granit	2.99	148
geheimgang	2.99	148
intelligence	2.99	148
gefährdung	2.99	148
dougal	2.99	148
pflock	2.99	148
neely	2.99	148
menschenblut	2.99	148
rahl	2.99	148
wiederzukommen	2.99	148
erblühen	2.99	148
vollstrecker	2.99	148
silikon	2.99	148
xindi	2.99	148
sutherland	2.99	148
homos	2.99	148
bereitstellen	2.99	148
mado	2.99	148
softball	2.99	148
verreise	2.99	148
sets	2.99	148
kriegsbeil	2.99	148
schallplatten	2.99	148
med	2.99	148
boxkampf	2.99	148
cocoa	2.99	148
lebenswichtig	2.99	148
bandenkrieg	2.99	148
trafst	2.99	148
flausen	2.99	148
akkord	2.99	148
mylords	2.99	148
fühler	2.99	148
tur	2.99	148
muttermilch	2.99	148
beliebigen	2.99	148
bohrinsel	2.99	148
fielding	2.99	148
striptease	2.99	148
hayward	2.99	148
bosnien	2.99	148
pompeji	2.99	148
kampflaute	2.99	148
arschtritt	2.99	148
reinkarnation	2.99	148
holman	2.99	148
postieren	2.99	148
mammi	2.99	148
pheebs	2.99	148
bettelte	2.99	148
bestätigten	2.99	148
sedan	2.99	148
luftballons	2.99	148
belange	2.99	148
hieltest	2.99	148
jahrtausend	2.99	148
exklusive	2.99	148
platin	2.99	148
quell	2.99	148
gayle	2.99	148
befrage	2.99	148
barrikaden	2.99	148
gaeta	2.99	148
glückszahl	2.99	148
chez	2.99	148
aufgekauft	2.99	148
identische	2.99	148
luchs	2.99	148
hodor	2.99	148
haien	2.99	148
friedliches	2.99	148
turners	2.99	148
ewald	2.99	148
fahrschein	2.99	148
müllabfuhr	2.99	148
würze	2.99	148
ersatzschlüssel	2.99	148
hummel	2.99	148
einbricht	2.99	148
fernsehsendung	2.99	148
sentimentalen	2.99	148
tumore	2.99	148
durchblick	2.99	148
soren	2.99	147
bemalt	2.99	147
verfüttert	2.99	147
befehlskette	2.99	147
anstiftung	2.99	147
schnauft	2.99	147
rohan	2.99	147
altersunterschied	2.99	147
oli	2.99	147
integration	2.99	147
talkshow	2.99	147
jos	2.99	147
broyles	2.99	147
dunlop	2.99	147
dezernat	2.99	147
vollgepumpt	2.99	147
rivale	2.99	147
juno	2.99	147
indonesien	2.99	147
brathähnchen	2.99	147
zwitschert	2.99	147
bettruhe	2.99	147
figaro	2.99	147
mags	2.99	147
santana	2.99	147
intensiven	2.99	147
gleichungen	2.99	147
spaulding	2.99	147
zurückkaufen	2.99	147
gelinde	2.99	147
kimber	2.99	147
atheist	2.99	147
schnellstraße	2.99	147
spionen	2.99	147
augenlider	2.99	147
dienstzeit	2.99	147
endeten	2.99	147
geschahen	2.99	147
kotflügel	2.99	147
ehepartner	2.99	147
zugenäht	2.99	147
anlegst	2.99	147
korrekturen	2.99	147
erschufen	2.99	147
chirurgischen	2.99	147
agnès	2.99	147
beachtliche	2.99	147
fühltest	2.99	147
erregte	2.99	147
kommodore	2.99	147
rausfliegen	2.99	147
moralischer	2.99	147
patronenhülsen	2.99	147
angesprungen	2.99	147
soldier	2.99	147
absehen	2.99	147
cassius	2.99	147
ernstfall	2.99	147
handfläche	2.99	147
hochgezogen	2.99	147
unsichtbarer	2.99	147
bügeleisen	2.99	147
capitano	2.99	147
hervorgebracht	2.99	147
versetze	2.99	147
chaney	2.99	147
eiweiß	2.99	147
einzusammeln	2.99	147
zusammenpacken	2.99	147
wangenknochen	2.99	147
erscheinungen	2.99	147
verwahrung	2.99	147
norwegischen	2.99	147
befindest	2.99	147
tagein	2.99	147
wanderst	2.99	147
rt	2.99	147
dupont	2.99	147
ausstechen	2.99	147
sitzend	2.99	147
clear	2.99	147
flussaufwärts	2.99	147
konservativen	2.99	147
rettungsmission	2.99	147
beobachteten	2.99	147
thérèse	2.99	147
anfeuern	2.99	147
briefes	2.99	147
tatorten	2.99	147
soundso	2.99	147
übelsten	2.99	147
loyale	2.99	147
unfällen	2.99	147
diablo	2.99	147
vagabund	2.99	147
habens	2.99	147
eiszeit	2.99	147
housewives	2.99	147
giovanna	2.99	147
staune	2.99	147
verteidigungslinie	2.99	147
filialen	2.99	147
bundesgefängnis	2.99	147
verdirb	2.99	147
ergreifung	2.99	147
labore	2.99	147
erfüllst	2.99	147
makeup	2.99	147
hurtig	2.99	147
hauptrollen	2.99	147
traveler	2.99	147
zerhackt	2.99	147
cottage	2.99	147
bermudas	2.99	147
initiiere	2.99	147
cuthbert	2.98	146
organischen	2.98	146
andrehen	2.98	146
trampolin	2.98	146
jacksonville	2.98	146
frumfondel	2.98	146
schlosser	2.98	146
schnittwunden	2.98	146
verkäufe	2.98	146
alarmsystem	2.98	146
anbehalten	2.98	146
gewohnten	2.98	146
fremont	2.98	146
krankengeschichte	2.98	146
akademischen	2.98	146
corn	2.98	146
monatsende	2.98	146
exekutieren	2.98	146
furchteinflößend	2.98	146
shooting	2.98	146
benefizveranstaltung	2.98	146
lã	2.98	146
ausbreitung	2.98	146
installation	2.98	146
arrivederci	2.98	146
bluthund	2.98	146
ricks	2.98	146
feinheiten	2.98	146
redlich	2.98	146
zudecken	2.98	146
beglückwünschen	2.98	146
bears	2.98	146
jahrtausenden	2.98	146
toskana	2.98	146
beweglich	2.98	146
zuvorkommend	2.98	146
grundausbildung	2.98	146
ramse	2.98	146
mechanik	2.98	146
begab	2.98	146
ungläubige	2.98	146
zulasse	2.98	146
umkreist	2.98	146
texaner	2.98	146
hinknien	2.98	146
bayou	2.98	146
anprobe	2.98	146
vieleicht	2.98	146
halluziniert	2.98	146
fasan	2.98	146
zitadelle	2.98	146
dazwischengekommen	2.98	146
soames	2.98	146
überkam	2.98	146
saug	2.98	146
offenkundig	2.98	146
brimmer	2.98	146
allergische	2.98	146
autokino	2.98	146
kohlenhydrate	2.98	146
bambus	2.98	146
aufgeregte	2.98	146
rina	2.98	146
verkürzt	2.98	146
fernandez	2.98	146
nachstellen	2.98	146
carries	2.98	146
vereinte	2.98	146
fuzzy	2.98	146
tagaus	2.98	146
dalai	2.98	146
holzbein	2.98	146
rogue	2.98	146
eskimo	2.98	146
mt	2.98	146
verstandes	2.98	146
komponente	2.98	146
detonieren	2.98	146
mandela	2.98	146
erfrischungen	2.98	146
einkaufsliste	2.98	146
anwar	2.98	146
verpfuscht	2.98	146
leitartikel	2.98	146
goldlöckchen	2.98	146
bretagne	2.98	146
appellieren	2.98	146
aufmischen	2.98	146
verfrachtet	2.98	146
trügt	2.98	146
arbeitslosen	2.98	146
roslin	2.98	146
mahone	2.98	146
abzusehen	2.98	146
verwüsten	2.98	146
flussabwärts	2.98	146
busy	2.98	146
entlässt	2.98	146
korallen	2.98	146
sicherungskasten	2.98	146
zögerlich	2.98	146
halstuch	2.98	146
kleinkram	2.98	146
germaine	2.98	146
beschwörung	2.98	146
einfälle	2.98	146
abrams	2.98	146
brianna	2.98	146
wegstecken	2.98	146
ultimate	2.98	146
gleichstand	2.98	146
museums	2.98	146
bulgarien	2.98	146
roma	2.98	146
wütet	2.98	146
percival	2.98	146
allmächtig	2.98	146
stinky	2.98	146
libyen	2.98	146
gase	2.98	146
beep	2.98	146
bryson	2.98	146
dicky	2.98	146
kwai	2.98	146
skalp	2.98	146
geatmet	2.98	146
erhaltung	2.98	146
fließendes	2.98	146
trunk	2.98	146
zusammengeführt	2.98	146
südkorea	2.98	146
schlager	2.98	146
keinster	2.98	146
farik	2.98	146
elternabend	2.98	146
sissy	2.98	146
baumes	2.98	146
jahrhundertelang	2.98	146
dawes	2.98	146
widerwillig	2.98	146
fahrlässigkeit	2.98	146
einzigste	2.98	146
albino	2.98	146
störrisch	2.98	146
mitgeben	2.98	146
bedienstete	2.98	146
ulkig	2.98	145
reinzuwaschen	2.98	145
hinwegzukommen	2.98	145
versagerin	2.98	145
spaßbremse	2.98	145
glich	2.98	145
komplikation	2.98	145
spaten	2.98	145
kredithai	2.98	145
entfernter	2.98	145
direktem	2.98	145
hohle	2.98	145
verweigere	2.98	145
hofes	2.98	145
einschüchterung	2.98	145
kriegspfad	2.98	145
dichtgemacht	2.98	145
ungeborenen	2.98	145
wackelig	2.98	145
chapo	2.98	145
vorschlaghammer	2.98	145
ballern	2.98	145
peinlichkeit	2.98	145
otaru-sama	2.98	145
sachlich	2.98	145
bekanntmachung	2.98	145
zerbrochenen	2.98	145
auweia	2.98	145
feindlicher	2.98	145
vietnamesen	2.98	145
iceman	2.98	145
ordentlicher	2.98	145
unsrer	2.98	145
arbeitslager	2.98	145
heath	2.98	145
gulasch	2.98	145
frauenzimmer	2.98	145
netflix-originalserie	2.98	145
arnaud	2.98	145
zapfen	2.98	145
rumänisch	2.98	145
eleganter	2.98	145
berauschend	2.98	145
murat	2.98	145
eingraviert	2.98	145
werkzeugkasten	2.98	145
auftanken	2.98	145
vorbestimmt	2.98	145
sit	2.98	145
nim	2.98	145
erfindest	2.98	145
ogami	2.98	145
haynes	2.98	145
gungellan	2.98	145
bewerkstelligen	2.98	145
stromnetz	2.98	145
hartman	2.98	145
trainerin	2.98	145
funktionierende	2.98	145
unverbesserlich	2.98	145
erhalt	2.98	145
schneiderin	2.98	145
serbien	2.98	145
krasser	2.98	145
gynäkologe	2.98	145
experimentelle	2.98	145
geht`s	2.98	145
grinch	2.98	145
feuerleiter	2.98	145
visuellen	2.98	145
kobe	2.98	145
sprengte	2.98	145
ringer	2.98	145
überfuhr	2.98	145
krauts	2.98	145
supernatural	2.98	145
kontostand	2.98	145
axe	2.98	145
beharrlich	2.98	145
spirit	2.98	145
bemüh	2.98	145
überlastung	2.98	145
koppel	2.98	145
barrel	2.98	145
zanken	2.98	145
minderheiten	2.98	145
tilgen	2.98	145
vorzulesen	2.98	145
zurückzurufen	2.98	145
wittern	2.98	145
norrell	2.98	145
queenie	2.98	145
maximus	2.98	145
lear	2.98	145
ikarus	2.98	145
turban	2.98	145
calhoun	2.98	145
drogenproblem	2.98	145
bäuche	2.98	145
mehrerer	2.98	145
parallele	2.98	145
gekühlt	2.98	145
türklingeln	2.98	145
reinkommst	2.98	145
lösten	2.98	145
abgesprungen	2.98	145
weiblichkeit	2.98	145
sonderbare	2.98	145
holbrook	2.98	145
umschweife	2.98	145
defense	2.98	145
kühlhaus	2.98	145
callgirl	2.98	145
heibt	2.98	145
stöpsel	2.98	145
roan	2.98	145
spinn	2.98	145
schlechtere	2.98	145
autowerkstatt	2.98	145
bestattung	2.98	145
murphys	2.98	145
nenner	2.98	145
schwangerschaftstest	2.98	145
synchron	2.98	145
nighthorse	2.98	145
transplantat	2.98	145
commandant	2.98	145
gesandte	2.98	145
naturlich	2.98	145
einlauf	2.98	145
schleuder	2.98	145
prägen	2.98	145
graut	2.98	145
erfanden	2.98	145
gezaubert	2.98	145
lomax	2.98	145
séance	2.98	145
reade	2.98	145
drehort	2.98	145
luz	2.98	145
ew	2.98	145
strafrechtlich	2.98	145
bezwecken	2.98	145
verabscheuen	2.98	145
wirtschaftlichen	2.98	145
zweitbeste	2.98	145
höfliche	2.98	145
trauernden	2.98	144
schürzenjäger	2.98	144
eisig	2.98	144
schmaler	2.98	144
berät	2.98	144
friedensrichter	2.98	144
rekonstruktion	2.98	144
gluck	2.98	144
pfannen	2.98	144
verfaulen	2.98	144
rojas	2.98	144
yael	2.98	144
sezieren	2.98	144
rhetorische	2.98	144
dämpfen	2.98	144
vorhandenen	2.98	144
weltherrschaft	2.98	144
hundehütte	2.98	144
denton	2.98	144
beklagte	2.98	144
dany	2.98	144
quickie	2.98	144
ga	2.98	144
qin	2.98	144
verunsichern	2.98	144
fallschirme	2.98	144
oral	2.98	144
krücke	2.98	144
haschisch	2.98	144
abriegelung	2.98	144
chopper	2.98	144
schmorbraten	2.98	144
fatima	2.98	144
verschwendete	2.98	144
masterson	2.98	144
wasserloch	2.98	144
nomad	2.98	144
abwickeln	2.98	144
hieraus	2.98	144
knightley	2.98	144
laverne	2.98	144
ewings	2.98	144
lästern	2.98	144
gillis	2.98	144
preisverleihung	2.98	144
peanutbutter	2.98	144
told	2.98	144
waggons	2.98	144
unzulässig	2.98	144
durchlesen	2.98	144
mitreißen	2.98	144
grafschaft	2.98	144
erkundige	2.98	144
und-	2.98	144
mörderische	2.98	144
zwanghaft	2.98	144
verarzten	2.98	144
hagrid	2.98	144
hinreißen	2.98	144
schniedel	2.98	144
wiederkehr	2.98	144
bestmögliche	2.98	144
gebremst	2.98	144
rumpel	2.98	144
muad	2.98	144
sen	2.98	144
schwertes	2.98	144
auszufüllen	2.98	144
eggs	2.98	144
abstrich	2.98	144
runterbringen	2.98	144
suu	2.98	144
gedealt	2.98	144
weitesten	2.98	144
fabelhafter	2.98	144
vorzeitige	2.98	144
gebührend	2.98	144
pünktchen	2.98	144
forderten	2.98	144
überschwemmung	2.98	144
erfundene	2.98	144
hingegeben	2.98	144
kotzbrocken	2.98	144
rosamund	2.98	144
salzburg	2.98	144
brennendes	2.98	144
gürtellinie	2.98	144
bagwell	2.98	144
gcpd	2.98	144
wandere	2.98	144
gesegneten	2.98	144
maskiert	2.98	144
vorzuschlagen	2.98	144
onn	2.98	144
supernova	2.98	144
subraum	2.98	144
pulaski	2.98	144
alton	2.98	144
partridge	2.98	144
anzugträger	2.98	144
gypsy	2.98	144
munsters	2.98	144
wissenschaften	2.98	144
kolleginnen	2.98	144
mitschuldig	2.98	144
ungenau	2.98	144
entfesselt	2.98	144
pfade	2.98	144
baseballspieler	2.98	144
stethoskop	2.98	144
karina	2.98	144
schnaufen	2.98	144
mechanischen	2.98	144
lepra	2.98	144
glasklar	2.98	144
fungieren	2.98	144
vermassel	2.98	144
magengeschwür	2.98	144
prohibition	2.98	144
verbleibenden	2.98	144
peaks	2.98	144
spotten	2.98	144
abreist	2.98	144
charisma	2.98	144
taifun	2.98	144
cha-cha-cha	2.98	144
cubs	2.98	144
geigenmusik	2.98	144
geschmückt	2.98	144
schrecklichste	2.98	144
germanen	2.98	144
zynismus	2.98	144
tricia	2.98	144
minos	2.98	144
gringos	2.98	144
nairobi	2.98	144
rotz	2.98	144
massenmord	2.98	144
ideologie	2.98	144
übte	2.98	144
ha-ha-ha	2.98	144
zoidberg	2.98	144
behaupteten	2.98	144
seriöse	2.97	143
mutmaßlichen	2.97	143
deluxe	2.97	143
riegeln	2.97	143
wagenheber	2.97	143
nichtstun	2.97	143
rafa	2.97	143
fagin	2.97	143
zuckerguss	2.97	143
führungskräfte	2.97	143
ausborgen	2.97	143
angespült	2.97	143
drücker	2.97	143
chamäleon	2.97	143
thawne	2.97	143
atomkrieg	2.97	143
ems	2.97	143
lasso	2.97	143
sicherheitskräfte	2.97	143
klitzekleines	2.97	143
islands	2.97	143
angelaufen	2.97	143
kondition	2.97	143
litten	2.97	143
carlitos	2.97	143
photonentorpedos	2.97	143
beschaffe	2.97	143
ermutige	2.97	143
schlüsselloch	2.97	143
flanders	2.97	143
mischling	2.97	143
filet	2.97	143
beweggründe	2.97	143
sameer	2.97	143
anthrax	2.97	143
dramen	2.97	143
fähige	2.97	143
kroll	2.97	143
geständnisse	2.97	143
kaffe	2.97	143
polk	2.97	143
versiehst	2.97	143
hommage	2.97	143
diebesgut	2.97	143
mordverdacht	2.97	143
warwick	2.97	143
israelischen	2.97	143
markie	2.97	143
tschitti	2.97	143
umwandeln	2.97	143
rechtschreibung	2.97	143
fraktion	2.97	143
ke	2.97	143
brandzeichen	2.97	143
perrin	2.97	143
cetera	2.97	143
logischen	2.97	143
messers	2.97	143
einfältig	2.97	143
rückreise	2.97	143
aktualisieren	2.97	143
prächtiger	2.97	143
besprechungen	2.97	143
anstrengende	2.97	143
conroy	2.97	143
aguilar	2.97	143
behüten	2.97	143
umhören	2.97	143
wüsten	2.97	143
lagune	2.97	143
colors	2.97	143
einmarschieren	2.97	143
governor	2.97	143
einwilligen	2.97	143
blackstone	2.97	143
petroleum	2.97	143
basierte	2.97	143
vorweisen	2.97	143
ilse	2.97	143
zicken	2.97	143
zeitdruck	2.97	143
donnerstagabend	2.97	143
stricke	2.97	143
frontal	2.97	143
runtergeht	2.97	143
schmale	2.97	143
pressesprecher	2.97	143
schamhaare	2.97	143
unüblich	2.97	143
unwiderruflich	2.97	143
klarkommt	2.97	143
versteinert	2.97	143
gewalteinwirkung	2.97	143
durchgeknallten	2.97	143
petes	2.97	143
oberkellner	2.97	143
navigieren	2.97	143
tapferes	2.97	143
kau	2.97	143
deans	2.97	143
walross	2.97	143
beizuwohnen	2.97	143
unterarm	2.97	143
ritzen	2.97	143
relikt	2.97	143
sicherheitsrisiko	2.97	143
akzeptanz	2.97	143
plötzlicher	2.97	143
unterbrechungen	2.97	142
schussweite	2.97	142
profile	2.97	142
schlauberger	2.97	142
radfahren	2.97	142
ucla	2.97	142
backpage	2.97	142
airwolf	2.97	142
borgias	2.97	142
buchs	2.97	142
gettysburg	2.97	142
behind	2.97	142
empfängnis	2.97	142
meerschweinchen	2.97	142
feindlich	2.97	142
schändlich	2.97	142
fillory	2.97	142
mumble	2.97	142
robbi	2.97	142
savoy	2.97	142
basislager	2.97	142
ihrs	2.97	142
fünfjährigen	2.97	142
statisten	2.97	142
lakers	2.97	142
tablet	2.97	142
transformation	2.97	142
donnell	2.97	142
euretwegen	2.97	142
terrorisieren	2.97	142
fata	2.97	142
distanzieren	2.97	142
ställen	2.97	142
tierischen	2.97	142
jiro	2.97	142
abservieren	2.97	142
kinderstimmen	2.97	142
sharif	2.97	142
fallschirmspringer	2.97	142
energiefeld	2.97	142
dienstagabend	2.97	142
leitern	2.97	142
strategischen	2.97	142
cy	2.97	142
napalm	2.97	142
csi	2.97	142
aftershave	2.97	142
vorbeigebracht	2.97	142
brahms	2.97	142
bildmaterial	2.97	142
externe	2.97	142
vortritt	2.97	142
knick	2.97	142
hagel	2.97	142
verüben	2.97	142
kuß	2.97	142
muppets	2.97	142
slums	2.97	142
maury	2.97	142
wegbeschreibung	2.97	142
reingeht	2.97	142
deponieren	2.97	142
wiegst	2.97	142
caddy	2.97	142
unerfreulich	2.97	142
ingram	2.97	142
maren	2.97	142
fixieren	2.97	142
dussel	2.97	142
auslöste	2.97	142
genauestens	2.97	142
attentate	2.97	142
regulären	2.97	142
atemwege	2.97	142
hammelburg	2.97	142
hjørdis	2.97	142
kostspielig	2.97	142
pilgrim	2.97	142
bratva	2.97	142
joana	2.97	142
herkriegen	2.97	142
heruntergeladen	2.97	142
planmäßig	2.97	142
ohrläppchen	2.97	142
geber	2.97	142
gutscheine	2.97	142
winthrop	2.97	142
unbeaufsichtigt	2.97	142
gestiftet	2.97	142
misere	2.97	142
g.i.	2.97	142
entsenden	2.97	142
anfasse	2.97	142
erdnuss	2.97	142
heulend	2.97	142
fußabdruck	2.97	142
bestrafst	2.97	142
rute	2.97	142
voreilige	2.97	142
aufgeblasener	2.97	142
mas	2.97	142
zerdrückt	2.97	142
beer	2.97	142
hungriger	2.97	142
früheres	2.97	142
abzubauen	2.97	142
verschissene	2.97	142
akademische	2.97	142
turnen	2.97	142
davonzulaufen	2.97	142
fife	2.97	142
tetsuo	2.97	142
einlass	2.97	142
neugeborene	2.97	142
minze	2.97	142
herauskam	2.97	142
pflügen	2.97	142
einnahme	2.97	142
luthors	2.97	142
blast	2.97	142
lyrik	2.97	142
spiegeleier	2.97	142
sexistisch	2.97	142
gerissene	2.97	142
vietcong	2.97	142
rösten	2.97	142
gezuckt	2.97	142
kriegsgefangene	2.97	142
schumann	2.97	142
cookies	2.97	142
raffinerie	2.97	142
testperson	2.97	142
unüberlegtes	2.97	142
festzulegen	2.97	142
angeschissen	2.97	142
auszustellen	2.97	142
quagmire	2.97	142
skelette	2.97	142
effektive	2.97	142
wacker	2.97	142
fußballer	2.97	142
reiss	2.97	142
angelächelt	2.97	141
eingeloggt	2.97	141
bergmann	2.97	141
unterworfen	2.97	141
ausgemalt	2.97	141
rechtsbeistand	2.97	141
tannenbaum	2.97	141
angerannt	2.97	141
eingegriffen	2.97	141
hochrangigen	2.97	141
silke	2.97	141
schwesternschaft	2.97	141
krawall	2.97	141
kontrollfreak	2.97	141
akkordeon	2.97	141
whitaker	2.97	141
beastmaster	2.97	141
riesenerfolg	2.97	141
bajoranische	2.97	141
vollkommener	2.97	141
verwechsle	2.97	141
weggeräumt	2.97	141
müllmann	2.97	141
mäuler	2.97	141
eingangshalle	2.97	141
durchgeben	2.97	141
lakritze	2.97	141
gegenständen	2.97	141
lupo	2.97	141
chavez	2.97	141
kongresses	2.97	141
theaters	2.97	141
wertlosen	2.97	141
dünnem	2.97	141
vogler	2.97	141
vorschlug	2.97	141
vordergrund	2.97	141
schrumpft	2.97	141
winkler	2.97	141
100-mal	2.97	141
hinschmeißen	2.97	141
synthetische	2.97	141
alvey	2.97	141
fahrwerk	2.97	141
feldman	2.97	141
schatzkarte	2.97	141
angesehene	2.97	141
gardiner	2.97	141
schaukelstuhl	2.97	141
junction	2.97	141
williamsburg	2.97	141
eiswasser	2.97	141
foot	2.97	141
ingwer	2.97	141
großartigste	2.97	141
murdoc	2.97	141
wühlt	2.97	141
zweitausend	2.97	141
getürmt	2.97	141
kaufleute	2.97	141
rayna	2.97	141
elya	2.97	141
einzelteile	2.97	141
ausgesaugt	2.97	141
seelische	2.97	141
differenz	2.97	141
granada	2.97	141
schätz	2.97	141
plump	2.97	141
niedlichen	2.97	141
abwägen	2.97	141
erschaffung	2.97	141
spartaner	2.97	141
reagierten	2.97	141
volltanken	2.97	141
serben	2.97	141
verwesung	2.97	141
xanax	2.97	141
liebeslied	2.97	141
bedeutendes	2.97	141
walnüsse	2.97	141
aber-	2.97	141
widerst	2.97	141
rappen	2.97	141
biggs	2.97	141
familienname	2.97	141
deko	2.97	141
verschwörungstheorien	2.97	141
ausgefragt	2.97	141
elder	2.97	141
kobol	2.97	141
göteborg	2.97	141
etablieren	2.97	141
zurückgreifen	2.97	141
stadträtin	2.97	141
wohnhaft	2.97	141
wirkungsvoll	2.97	141
weltordnung	2.97	141
untier	2.97	141
m-m	2.97	141
exklusiven	2.97	141
donahue	2.97	141
überprüften	2.97	141
schlaflied	2.97	141
antiquität	2.97	141
aufhebens	2.97	141
rittern	2.97	141
flechten	2.97	141
reingefahren	2.97	141
kommentator	2.97	141
spritzte	2.97	141
zeche	2.97	141
gesprächspartner	2.97	141
erstklassiges	2.97	141
schramme	2.97	141
zeitungsartikel	2.97	141
empörend	2.97	141
übereifrig	2.97	141
ausgepeitscht	2.97	141
verirrte	2.97	141
sellers	2.97	141
mitbringe	2.97	141
bekloppten	2.97	141
kreta	2.97	141
pictures	2.97	141
otaru-kun	2.97	141
garn	2.97	141
mitgefahren	2.97	141
egan	2.97	141
westminster	2.97	141
antichrist	2.97	141
dragons	2.97	141
habib	2.97	141
zerriss	2.97	141
laber	2.97	141
este	2.97	141
prompt	2.97	141
hausnummer	2.97	141
frachtschiff	2.97	141
mitzuspielen	2.97	141
bullet	2.97	141
talon	2.97	140
mentorin	2.97	140
dürren	2.97	140
manipulierte	2.97	140
aldrin	2.97	140
kellnerinnen	2.97	140
mustern	2.97	140
anhielt	2.97	140
vorgeschrieben	2.97	140
brüderlichkeit	2.97	140
work	2.97	140
sentinel	2.97	140
tupfer	2.97	140
herzmassage	2.97	140
dow	2.97	140
bellick	2.97	140
krebse	2.97	140
übernatürliches	2.97	140
christlich	2.97	140
verteilte	2.97	140
interessierten	2.97	140
hunk	2.97	140
gravitation	2.97	140
anson	2.97	140
dosierung	2.97	140
zugibst	2.97	140
wichsern	2.97	140
hülse	2.97	140
ungehobelt	2.97	140
weggekommen	2.97	140
papperlapapp	2.97	140
horch	2.97	140
verschmolzen	2.97	140
anzurühren	2.97	140
landeerlaubnis	2.97	140
mailen	2.97	140
gespann	2.97	140
kaltem	2.97	140
zündete	2.97	140
kürzlichen	2.97	140
beisein	2.97	140
u.s.s.	2.97	140
breakfast	2.97	140
kühlbox	2.97	140
abtrünnigen	2.97	140
klinischen	2.97	140
langdon	2.97	140
geltung	2.97	140
müllwagen	2.97	140
fûr	2.97	140
augenarzt	2.97	140
petrelli	2.97	140
versammlungen	2.97	140
schusswaffe	2.97	140
horen	2.97	140
shooter	2.97	140
eilte	2.97	140
vorzuweisen	2.97	140
revision	2.97	140
schularbeiten	2.97	140
drogenabhängig	2.97	140
unpässlich	2.97	140
unterhielt	2.97	140
entflohenen	2.97	140
peach	2.97	140
mathematische	2.97	140
fettig	2.97	140
akkie	2.97	140
cybermen	2.97	140
bissspuren	2.97	140
stimulieren	2.97	140
gedenkst	2.97	140
sentimentalität	2.97	140
monkeys	2.97	140
ehrbare	2.97	140
identifizierten	2.97	140
fessle	2.97	140
gutgeht	2.97	140
paddel	2.97	140
kline	2.97	140
begeisterte	2.97	140
hazienda	2.97	140
arcy	2.97	140
samstagmorgen	2.97	140
fänger	2.97	140
monopoly	2.97	140
münder	2.97	140
rivalität	2.97	140
algier	2.97	140
ergebenheit	2.97	140
flüssen	2.97	140
hingesehen	2.97	140
panzern	2.97	140
girard	2.97	140
keenan	2.97	140
grundstein	2.97	140
geburten	2.97	140
schützte	2.97	140
sohle	2.97	140
kellerman	2.97	140
legitime	2.97	140
floki	2.97	140
umbrachten	2.97	140
treibsand	2.97	140
hinterland	2.97	140
erstsemester	2.97	140
komischerweise	2.97	140
wiederbekommen	2.97	140
trojaner	2.97	140
gebräu	2.97	140
salinger	2.97	140
abzureißen	2.97	140
errungenschaften	2.97	140
schicksale	2.97	140
abbrennen	2.97	140
madre	2.97	140
farah	2.97	140
prestige	2.97	140
skull	2.97	140
phosphor	2.97	140
drover	2.97	140
tunesien	2.97	140
hoffnungsvoll	2.97	140
hocke	2.97	140
satoshi	2.97	140
rehabilitiert	2.97	140
euphorie	2.97	140
stürmte	2.97	140
justus	2.97	140
abgewöhnen	2.97	140
anreden	2.97	140
trio	2.97	140
elfi	2.97	140
beisteuern	2.97	140
wachsenden	2.97	140
windes	2.97	140
b.j.	2.97	140
weltmeisterschaft	2.97	140
forces	2.97	140
hausverbot	2.97	140
childs	2.97	140
shaka	2.97	140
kreation	2.97	140
riesenproblem	2.97	140
umringt	2.97	140
unterbringung	2.97	140
geflucht	2.97	140
amélie	2.97	140
schmeichler	2.97	140
benötigten	2.97	140
jaha	2.97	140
mobilen	2.97	140
geschworener	2.97	140
ausgesorgt	2.97	140
abdullah	2.96	139
mayhew	2.96	139
fortschrittlich	2.96	139
schweinereien	2.96	139
streitest	2.96	139
premierministers	2.96	139
samcro	2.96	139
gehänselt	2.96	139
fresst	2.96	139
klitzekleine	2.96	139
nevins	2.96	139
ostens	2.96	139
höllenfeuer	2.96	139
pacht	2.96	139
kaltgemacht	2.96	139
hammel	2.96	139
geohrfeigt	2.96	139
puppenhaus	2.96	139
brezeln	2.96	139
behielten	2.96	139
julies	2.96	139
maxie	2.96	139
schlichte	2.96	139
unterschiedlicher	2.96	139
einhörner	2.96	139
monopol	2.96	139
besoffener	2.96	139
diesjährige	2.96	139
zusatzartikel	2.96	139
lobo	2.96	139
rassistische	2.96	139
vicente	2.96	139
schuldgefühl	2.96	139
astronomie	2.96	139
lucio	2.96	139
gehangen	2.96	139
intimen	2.96	139
intellektueller	2.96	139
geschlechtskrankheit	2.96	139
katzenfutter	2.96	139
aufzufallen	2.96	139
wassermann	2.96	139
perversion	2.96	139
patentante	2.96	139
erbeutet	2.96	139
riza	2.96	139
landschaften	2.96	139
äpfeln	2.96	139
brüll	2.96	139
tourismus	2.96	139
hochrangige	2.96	139
schnösel	2.96	139
wrestler	2.96	139
zuzuschauen	2.96	139
ausbeuten	2.96	139
rauszulassen	2.96	139
spielzimmer	2.96	139
lassiter	2.96	139
spezialeffekte	2.96	139
gollum	2.96	139
gerber	2.96	139
reingehst	2.96	139
angestoßen	2.96	139
arlette	2.96	139
alls	2.96	139
neugeboren	2.96	139
äußerster	2.96	139
bjorn	2.96	139
überreiche	2.96	139
ablehnte	2.96	139
dyad	2.96	139
cruchot	2.96	139
durchkreuzen	2.96	139
zuhöre	2.96	139
ehrwürdiger	2.96	139
hauptverdächtigen	2.96	139
zwölften	2.96	139
zurückließ	2.96	139
aufgebot	2.96	139
vollendung	2.96	139
sümpfe	2.96	139
stimmbänder	2.96	139
rehe	2.96	139
brasilianer	2.96	139
hochinteressant	2.96	139
rochefort	2.96	139
schiri	2.96	139
auktionshaus	2.96	139
geldverschwendung	2.96	139
schampus	2.96	139
mulders	2.96	139
herschicken	2.96	139
genehmigungen	2.96	139
leyla	2.96	139
makrele	2.96	139
kriegsgefangener	2.96	139
neumann	2.96	139
berufsrisiko	2.96	139
versprachst	2.96	139
fortgeschrittenen	2.96	139
kerbe	2.96	139
mr.orange	2.96	139
boje	2.96	139
krankenzimmer	2.96	139
maskierten	2.96	139
quälte	2.96	139
sektoren	2.96	139
simse	2.96	139
blazer	2.96	139
zwanglos	2.96	139
rückbank	2.96	139
suffolk	2.96	139
radon	2.96	139
künstlicher	2.96	139
botschafters	2.96	139
drangekriegt	2.96	139
abraten	2.96	139
schadensersatz	2.96	139
ibiza	2.96	139
weintrauben	2.96	139
verurteilst	2.96	139
befürchtungen	2.96	139
lupus	2.96	139
dugan	2.96	139
zuständigkeitsbereich	2.96	139
beglückt	2.96	139
tts	2.96	139
laufschritt	2.96	139
hintergründe	2.96	139
dianne	2.96	139
frommen	2.96	139
sears	2.96	139
geborener	2.96	139
blutspur	2.96	139
aufrichten	2.96	139
lula	2.96	138
timo	2.96	138
schmierigen	2.96	138
draufhast	2.96	138
wertloses	2.96	138
geschlechtskrankheiten	2.96	138
vokabular	2.96	138
schwirrt	2.96	138
ssen	2.96	138
strategische	2.96	138
glamourös	2.96	138
direktoren	2.96	138
public	2.96	138
saboteur	2.96	138
buchhalterin	2.96	138
somalia	2.96	138
klapperschlange	2.96	138
armageddon	2.96	138
harmonische	2.96	138
phoebes	2.96	138
bradford	2.96	138
pep	2.96	138
lilie	2.96	138
angedockt	2.96	138
ru	2.96	138
mtv	2.96	138
herausfanden	2.96	138
frannie	2.96	138
pidge	2.96	138
erbse	2.96	138
verschmelzung	2.96	138
hakan	2.96	138
gelüste	2.96	138
emmanuel	2.96	138
leuchtend	2.96	138
lis	2.96	138
republikanische	2.96	138
slips	2.96	138
eisigen	2.96	138
materiellen	2.96	138
belize	2.96	138
zopf	2.96	138
volker	2.96	138
sicherheitszone	2.96	138
éric	2.96	138
erschlug	2.96	138
rancho	2.96	138
sakrament	2.96	138
geschäftsessen	2.96	138
salud	2.96	138
hürde	2.96	138
teufelskreis	2.96	138
mile	2.96	138
gazette	2.96	138
grobian	2.96	138
liebenswerte	2.96	138
zudrücken	2.96	138
suizid	2.96	138
fähiger	2.96	138
entmutigt	2.96	138
bücherregal	2.96	138
children	2.96	138
milk	2.96	138
stoppuhr	2.96	138
röhrchen	2.96	138
social	2.96	138
knöpf	2.96	138
defekte	2.96	138
spuckst	2.96	138
langfristige	2.96	138
auswirkt	2.96	138
interessanteste	2.96	138
deena	2.96	138
unerklärliche	2.96	138
fröhlichkeit	2.96	138
iraner	2.96	138
rohen	2.96	138
saftigen	2.96	138
anaïs	2.96	138
jussi	2.96	138
däumchen	2.96	138
reservierungen	2.96	138
wachsamkeit	2.96	138
rasierwasser	2.96	138
strahlender	2.96	138
einteilen	2.96	138
lindas	2.96	138
erinnerten	2.96	138
spasti	2.96	138
ruß	2.96	138
balkan	2.96	138
kents	2.96	138
einfahren	2.96	138
fossil	2.96	138
goran	2.96	138
clea	2.96	138
andromeda	2.96	138
schmerztabletten	2.96	138
verwendest	2.96	138
teenagern	2.96	138
stryker	2.96	138
anzukommen	2.96	138
carnegie	2.96	138
schwerverbrecher	2.96	138
brennholz	2.96	138
kostümen	2.96	138
s01e01	2.96	138
schmuggelware	2.96	138
wirbeln	2.96	138
unhörbar	2.96	138
verwunderlich	2.96	138
gue	2.96	138
unsereins	2.96	138
schiess	2.96	138
akkorde	2.96	138
geisterstadt	2.96	138
schnuppern	2.96	138
megumi	2.96	138
abgestempelt	2.96	138
eingebrannt	2.96	138
oberstes	2.96	138
herbrachte	2.96	138
norwegische	2.96	138
übergriffe	2.96	138
dyke	2.96	137
a.l.i.e.	2.96	137
condor	2.96	137
nuggets	2.96	137
tilly	2.96	137
poststelle	2.96	137
nomine	2.96	137
systemen	2.96	137
schönheitsschlaf	2.96	137
plappern	2.96	137
esstisch	2.96	137
scorpius	2.96	137
stäbe	2.96	137
einlädst	2.96	137
konsum	2.96	137
reiden	2.96	137
westchester	2.96	137
scheidungsanwalt	2.96	137
tierklinik	2.96	137
dünnes	2.96	137
eingefügt	2.96	137
unattraktiv	2.96	137
ruprecht	2.96	137
evi	2.96	137
aufführt	2.96	137
kartei	2.96	137
gagarin	2.96	137
gehandhabt	2.96	137
entsandt	2.96	137
konkreten	2.96	137
steuerhinterziehung	2.96	137
affenlaute	2.96	137
quadrant	2.96	137
auseinandersetzungen	2.96	137
wilton	2.96	137
pedal	2.96	137
rektorin	2.96	137
rausgeschickt	2.96	137
zugedeckt	2.96	137
speere	2.96	137
rawlings	2.96	137
besonnen	2.96	137
panthers	2.96	137
zahnärzte	2.96	137
stimmungsschwankungen	2.96	137
treuhandfonds	2.96	137
zauberkräfte	2.96	137
preisschild	2.96	137
bezauberndes	2.96	137
hannover	2.96	137
gable	2.96	137
cäsars	2.96	137
wegfuhr	2.96	137
grünzeug	2.96	137
store	2.96	137
teamgeist	2.96	137
standorte	2.96	137
stände	2.96	137
rebellieren	2.96	137
nördliche	2.96	137
schnürchen	2.96	137
franzi	2.96	137
comte	2.96	137
geradestehen	2.96	137
versteigern	2.96	137
dowd	2.96	137
mexikanisch	2.96	137
schund	2.96	137
ferngehalten	2.96	137
hochsicherheitstrakt	2.96	137
abgerechnet	2.96	137
ausruf	2.96	137
ausgrabung	2.96	137
erblickte	2.96	137
schatzmeister	2.96	137
befehlt	2.96	137
industriellen	2.96	137
widersacher	2.96	137
aussaugen	2.96	137
jia	2.96	137
slick	2.96	137
zusammenzusetzen	2.96	137
wettlauf	2.96	137
hickey	2.96	137
paragraf	2.96	137
zurücksetzen	2.96	137
reproduzieren	2.96	137
erhellt	2.96	137
prothese	2.96	137
tenoch	2.96	137
vollstes	2.96	137
widder	2.96	137
sprüchen	2.96	137
gefängnisdirektor	2.96	137
geblufft	2.96	137
baufirma	2.96	137
abgestoßen	2.96	137
herangehensweise	2.96	137
erstickst	2.96	137
beteten	2.96	137
20ern	2.96	137
tahoe	2.96	137
liebesnest	2.96	137
nitro	2.96	137
leichtsinn	2.96	137
plankton	2.96	137
sanftes	2.96	137
flüsterst	2.96	137
shui	2.96	137
alexej	2.96	137
kollabieren	2.96	137
tada	2.96	137
jahrtausende	2.96	137
fortschritts	2.96	137
verdaut	2.96	137
promi	2.96	137
hungert	2.96	137
dufte	2.96	137
monas	2.96	137
wermut	2.96	137
waschanlage	2.96	137
farnese	2.96	137
schenkten	2.96	137
egos	2.96	137
stürmer	2.96	137
mittelgroß	2.96	137
margareta	2.96	137
gründlicher	2.96	137
widersprüche	2.96	137
zusammenzuhalten	2.96	137
einkaufswagen	2.96	137
verkuppelt	2.96	137
bemerkenswerten	2.96	137
vollstreckt	2.96	137
galten	2.96	137
sanford	2.96	137
unterschlagung	2.96	137
schrill	2.95	136
radioaktiven	2.95	136
telefonrechnung	2.95	136
asbest	2.95	136
victors	2.95	136
weigerung	2.95	136
prachtkerl	2.95	136
zugeschickt	2.95	136
nachlaufen	2.95	136
überhitzt	2.95	136
hari	2.95	136
aufgeschoben	2.95	136
gefallt	2.95	136
schimpfwörter	2.95	136
kapitalverbrechen	2.95	136
hochgejagt	2.95	136
schamane	2.95	136
sparte	2.95	136
bruchstücke	2.95	136
flieder	2.95	136
inspirierte	2.95	136
entspannst	2.95	136
düsen	2.95	136
rammte	2.95	136
steppe	2.95	136
zumutung	2.95	136
günter	2.95	136
clip	2.95	136
tennisplatz	2.95	136
überkommt	2.95	136
erlaubten	2.95	136
kontrollierten	2.95	136
betts	2.95	136
feindin	2.95	136
dunkelkammer	2.95	136
anarchisten	2.95	136
jump	2.95	136
telepathische	2.95	136
intubieren	2.95	136
rüberbringen	2.95	136
libido	2.95	136
gebildete	2.95	136
hankmed	2.95	136
wöchentliche	2.95	136
klauten	2.95	136
hanover	2.95	136
mikhail	2.95	136
verhaltensmuster	2.95	136
stresst	2.95	136
attest	2.95	136
verhängen	2.95	136
schaun	2.95	136
batzen	2.95	136
jh.	2.95	136
rationale	2.95	136
potenziell	2.95	136
waffenhandel	2.95	136
très	2.95	136
croft	2.95	136
strukturelle	2.95	136
ove	2.95	136
mitreden	2.95	136
crewmitglied	2.95	136
königreiches	2.95	136
glühend	2.95	136
schießeisen	2.95	136
angelas	2.95	136
wheels	2.95	136
landeanflug	2.95	136
foods	2.95	136
verstärkte	2.95	136
gütige	2.95	136
fond	2.95	136
wentworth	2.95	136
trolljäger	2.95	136
warteraum	2.95	136
vadim	2.95	136
vereiteln	2.95	136
schamgefühl	2.95	136
einsatzleiter	2.95	136
heimtückisch	2.95	136
runterspülen	2.95	136
observatorium	2.95	136
verbarrikadiert	2.95	136
umwandlung	2.95	136
belastende	2.95	136
rhoades	2.95	136
cuchillo	2.95	136
flattert	2.95	136
dehnt	2.95	136
anything	2.95	136
collette	2.95	136
funny	2.95	136
toine	2.95	136
korsika	2.95	136
befehligt	2.95	136
mikrofone	2.95	136
überlebender	2.95	136
v.a.	2.95	136
schelm	2.95	136
kundschafter	2.95	136
billardtisch	2.95	136
aussenden	2.95	136
historisches	2.95	136
ausbauen	2.95	136
umwerfende	2.95	136
treffend	2.95	136
springbrunnen	2.95	136
varus	2.95	136
rückzahlung	2.95	136
schnuller	2.95	136
simulationen	2.95	136
fischerboot	2.95	136
livingston	2.95	136
verne	2.95	136
milhouse	2.95	136
befrei	2.95	136
pinzette	2.95	136
bader	2.95	136
doughnuts	2.95	136
dirigieren	2.95	136
navarro	2.95	136
dena	2.95	136
stämmen	2.95	136
bliss	2.95	136
süchtige	2.95	136
menschenfreund	2.95	136
talking	2.95	136
süßesten	2.95	136
gewählten	2.95	136
sleep	2.95	136
fetisch	2.95	136
rohren	2.95	136
grossman	2.95	136
ceren	2.95	136
mistelzweig	2.95	135
metaphorisch	2.95	135
grauenvolle	2.95	135
nos	2.95	135
abgekühlt	2.95	135
commissaire	2.95	135
betraut	2.95	135
schmier	2.95	135
versank	2.95	135
überrumpeln	2.95	135
abstinenz	2.95	135
sie.	2.95	135
hor	2.95	135
schwerwiegende	2.95	135
hauptfigur	2.95	135
konservative	2.95	135
außerirdisch	2.95	135
blöken	2.95	135
jud	2.95	135
bewältigt	2.95	135
morelli	2.95	135
lir	2.95	135
steppen	2.95	135
überführung	2.95	135
gehilfe	2.95	135
königsfamilie	2.95	135
mindern	2.95	135
beehrt	2.95	135
dib	2.95	135
eisbergs	2.95	135
feindschaft	2.95	135
rhythmisches	2.95	135
carrington	2.95	135
harveys	2.95	135
tuco	2.95	135
merlins	2.95	135
heutiger	2.95	135
weltkriegs	2.95	135
krematorium	2.95	135
verhinderte	2.95	135
tam	2.95	135
greifbar	2.95	135
landleben	2.95	135
verfliegt	2.95	135
konföderation	2.95	135
weeds	2.95	135
goldmedaille	2.95	135
tanga	2.95	135
krankhaft	2.95	135
bannen	2.95	135
demonstrationen	2.95	135
kima	2.95	135
promenadendeck	2.95	135
bb	2.95	135
sakko	2.95	135
quallen	2.95	135
beschwipst	2.95	135
streichle	2.95	135
grundbesitz	2.95	135
priesters	2.95	135
gegönnt	2.95	135
weinten	2.95	135
degubrut	2.95	135
blutiges	2.95	135
sondermeldung	2.95	135
heilte	2.95	135
rosi	2.95	135
eichen	2.95	135
hotch	2.95	135
kaiserreich	2.95	135
einfachere	2.95	135
vorrecht	2.95	135
geröstet	2.95	135
trouble	2.95	135
schalom	2.95	135
trickster	2.95	135
stiefsohn	2.95	135
bekir	2.95	135
angeschaltet	2.95	135
überwältigende	2.95	135
aufstehst	2.95	135
durchzuhalten	2.95	135
pheromone	2.95	135
grapefruit	2.95	135
tatorte	2.95	135
bewahrst	2.95	135
notfallplan	2.95	135
feminin	2.95	135
blutfluss	2.95	135
williamson	2.95	135
seelisch	2.95	135
gelenke	2.95	135
südosten	2.95	135
blinken	2.95	135
spiritueller	2.95	135
verbleibende	2.95	135
tillman	2.95	135
pickles	2.95	135
handicap	2.95	135
überraschenderweise	2.95	135
repräsentiere	2.95	135
enormer	2.95	135
cato	2.95	135
fei-hung	2.95	135
jordy	2.95	135
mobilisiert	2.95	135
schwächsten	2.95	135
albin	2.95	135
melancholie	2.95	135
grissom	2.95	135
snowden	2.95	135
tickende	2.95	135
abgefahrene	2.95	135
thornhill	2.95	135
einschlafe	2.95	135
bubbles	2.95	135
fiele	2.95	135
untat	2.95	135
ausgezeichnetes	2.95	135
gerieben	2.95	135
reinzuziehen	2.95	135
spezialitäten	2.95	135
nachtklub	2.95	135
bündeln	2.95	135
annähen	2.95	135
fromme	2.95	135
meeresboden	2.95	135
oberstufe	2.95	135
geheuer	2.95	135
burgess	2.95	135
eispickel	2.95	135
singend	2.95	135
holzweg	2.95	135
abgemeldet	2.95	135
schwächste	2.95	135
kleb	2.95	135
anhöhe	2.95	135
vergänglich	2.95	135
moni	2.95	135
übergebt	2.95	135
desertiert	2.95	135
holosuite	2.95	135
untersuchungsrichter	2.95	135
federico	2.95	135
zutreffen	2.95	135
abhaben	2.95	135
takeda	2.95	135
jolene	2.95	135
krystal	2.95	135
wachse	2.95	135
konkurrent	2.95	135
zermalmen	2.95	135
kundgebung	2.95	135
unzufriedenheit	2.95	135
übernachtung	2.95	135
nano	2.95	135
matisse	2.95	134
schisser	2.95	134
alina	2.95	134
downing	2.95	134
rudd	2.95	134
einräumen	2.95	134
weiterentwickeln	2.95	134
button	2.95	134
sabbern	2.95	134
aufzwingen	2.95	134
allseits	2.95	134
jarle	2.95	134
neuralen	2.95	134
lino	2.95	134
dankte	2.95	134
gennaro	2.95	134
untergeschoben	2.95	134
zwergen	2.95	134
hinwollen	2.95	134
blow	2.95	134
halbnackt	2.95	134
mojo	2.95	134
enough	2.95	134
fandst	2.95	134
heldentat	2.95	134
fm	2.95	134
niederträchtig	2.95	134
yong	2.95	134
tatsächlichen	2.95	134
hildegard	2.95	134
angehöriger	2.95	134
wiedereintritt	2.95	134
trisha	2.95	134
jase	2.95	134
umfangreiche	2.95	134
verwahren	2.95	134
middleton	2.95	134
brieftaschen	2.95	134
planke	2.95	134
verfasser	2.95	134
abgesandten	2.95	134
staatlich	2.95	134
knopfdruck	2.95	134
gegrüßet	2.95	134
erfolgreiches	2.95	134
rana	2.95	134
hämorrhoiden	2.95	134
pocht	2.95	134
nepal	2.95	134
tröpfchen	2.95	134
immerdar	2.95	134
zusammengetan	2.95	134
angebaut	2.95	134
zitternd	2.95	134
währen	2.95	134
foggy	2.95	134
ärgerte	2.95	134
nemesis	2.95	134
vernissage	2.95	134
achtzig	2.95	134
übertragenen	2.95	134
spezifisch	2.95	134
larrys	2.95	134
frey	2.95	134
schwermütige	2.95	134
leda	2.95	134
beißer	2.95	134
strafverteidiger	2.95	134
simón	2.95	134
verdorbene	2.95	134
asta	2.95	134
heimfahrt	2.95	134
alley	2.95	134
computerstimme	2.95	134
berührten	2.95	134
latif	2.95	134
fragment	2.95	134
steuere	2.95	134
bescheidenes	2.95	134
rumzusitzen	2.95	134
überlebenschance	2.95	134
raffinierter	2.95	134
bois	2.95	134
besprüht	2.95	134
geschlechter	2.95	134
hirntumor	2.95	134
fame	2.95	134
elke	2.95	134
untermauern	2.95	134
nike	2.95	134
buona	2.95	134
radieschen	2.95	134
umarmte	2.95	134
schmelze	2.95	134
gurte	2.95	134
queue	2.95	134
auftischen	2.95	134
stadtverwaltung	2.95	134
scar	2.95	134
schlummert	2.95	134
gör	2.95	134
elis	2.95	134
hochzeitstorte	2.95	134
beknackt	2.95	134
gekochte	2.95	134
genre	2.95	134
jessup	2.95	134
bisweilen	2.95	134
paranoide	2.95	134
gieße	2.95	134
erbte	2.95	134
handfeste	2.95	134
verdreifacht	2.95	134
scheußlichen	2.95	134
frankensteins	2.95	134
netzwerke	2.95	134
leone	2.95	134
vorurteil	2.95	134
entzugsklinik	2.95	134
aufrichtiger	2.95	134
tv5monde	2.95	134
hitzewelle	2.95	134
tränken	2.95	134
leichtgläubig	2.95	134
judys	2.95	134
verbarrikadieren	2.95	134
lehrten	2.95	134
painted	2.95	134
augusta	2.95	134
scherereien	2.95	134
verleihe	2.95	134
speist	2.95	134
weihnachtstag	2.95	134
belehrt	2.95	134
gluckst	2.95	134
undankbares	2.95	134
marchand	2.95	134
konfuzius	2.95	134
theseus	2.94	133
krönen	2.94	133
schreiner	2.94	133
enrico	2.94	133
monatliche	2.94	133
demetrius	2.94	133
kollaps	2.94	133
mango	2.94	133
assimiliert	2.94	133
verb	2.94	133
sichtbare	2.94	133
rattenloch	2.94	133
heroes	2.94	133
earle	2.94	133
schriftlichen	2.94	133
dielen	2.94	133
zukünftiges	2.94	133
ese	2.94	133
nikolaj	2.94	133
tulpe	2.94	133
exkursion	2.94	133
telefongespräch	2.94	133
praktiken	2.94	133
verdorbenen	2.94	133
saxophon	2.94	133
kieker	2.94	133
gestörten	2.94	133
vermarkten	2.94	133
gepennt	2.94	133
organen	2.94	133
klette	2.94	133
niedergang	2.94	133
nervigen	2.94	133
xbox	2.94	133
yun	2.94	133
augenfarbe	2.94	133
hieroglyphen	2.94	133
howards	2.94	133
todeszelle	2.94	133
anhänglich	2.94	133
anstreben	2.94	133
dito	2.94	133
wusst	2.94	133
verschifft	2.94	133
flugzeugträger	2.94	133
kutte	2.94	133
albträumen	2.94	133
inger	2.94	133
sum	2.94	133
verdachts	2.94	133
tisches	2.94	133
helge	2.94	133
djinn	2.94	133
vergleichbares	2.94	133
elly	2.94	133
funkt	2.94	133
tagtäglich	2.94	133
hinging	2.94	133
adrianna	2.94	133
dienstnummer	2.94	133
cooke	2.94	133
adelheid	2.94	133
doku	2.94	133
lotion	2.94	133
ausführt	2.94	133
durchgelesen	2.94	133
hiernach	2.94	133
hinterfragt	2.94	133
erwirkt	2.94	133
tanzenden	2.94	133
geglückt	2.94	133
panikattacken	2.94	133
atkins	2.94	133
mangeln	2.94	133
eisschrank	2.94	133
nelsons	2.94	133
kenichi	2.94	133
einhalt	2.94	133
prüfer	2.94	133
geflossen	2.94	133
hochwertige	2.94	133
bereist	2.94	133
wunschdenken	2.94	133
ça	2.94	133
dukes	2.94	133
hysterische	2.94	133
zurücklässt	2.94	133
schmusen	2.94	133
verstreichen	2.94	133
bundesgericht	2.94	133
winifred	2.94	133
thx	2.94	133
entlassungen	2.94	133
genetik	2.94	133
bequemen	2.94	133
undeutliche	2.94	133
br	2.94	133
mcclane	2.94	133
vorstandssitzung	2.94	133
beam	2.94	133
ihretwillen	2.94	133
frisuren	2.94	133
atomare	2.94	133
geerntet	2.94	133
hubots	2.94	133
regisseurin	2.94	133
zurückgehe	2.94	133
abgewehrt	2.94	133
dressing	2.94	133
brook	2.94	133
einlud	2.94	133
verrücktesten	2.94	133
nachempfinden	2.94	133
rosenkohl	2.94	133
tatsuya	2.94	133
niedliches	2.94	133
spitzt	2.94	133
schachspiel	2.94	133
deportiert	2.94	133
moiiari	2.94	133
jämmerlicher	2.94	133
playstation	2.94	133
conte	2.94	133
blabla	2.94	133
koordination	2.94	133
anbrüllen	2.94	133
bärte	2.94	133
thackery	2.94	133
unvoreingenommen	2.94	133
masturbiert	2.94	133
karim	2.94	133
bruchlandung	2.94	133
gockel	2.94	133
zusagt	2.94	133
unmensch	2.94	133
nachrichtensprecher	2.94	133
hage	2.94	133
bewerbe	2.94	133
pathologe	2.94	133
risotto	2.94	133
giulio	2.94	133
abscheulichkeit	2.94	133
gewürdigt	2.94	133
bundys	2.94	133
käfigen	2.94	133
blutspritzer	2.94	133
unbeholfen	2.94	133
annulliert	2.94	133
verkohlt	2.94	133
bußgeld	2.94	133
sichtung	2.94	133
goro	2.94	133
orkan	2.94	133
bros.	2.94	133
freigenommen	2.94	133
blackie	2.94	133
minna	2.94	133
luciano	2.94	133
begehst	2.94	132
abfährt	2.94	132
dagorcai	2.94	132
kühnheit	2.94	132
enzyklopädie	2.94	132
anfängerin	2.94	132
achtest	2.94	132
spielautomaten	2.94	132
elementary	2.94	132
bulls	2.94	132
16-jährige	2.94	132
sheba	2.94	132
klargekommen	2.94	132
jackentasche	2.94	132
rumzulaufen	2.94	132
massiere	2.94	132
schiefe	2.94	132
gewalttätiger	2.94	132
gellar	2.94	132
autismus	2.94	132
fahrgast	2.94	132
wegblasen	2.94	132
wohlhabenden	2.94	132
sozialdienst	2.94	132
leitungswasser	2.94	132
ackerman	2.94	132
krieche	2.94	132
musicals	2.94	132
videoüberwachung	2.94	132
gallonen	2.94	132
scheut	2.94	132
cinco	2.94	132
angereist	2.94	132
runtergegangen	2.94	132
mexikanischer	2.94	132
röcheln	2.94	132
angekrochen	2.94	132
punch	2.94	132
rennie	2.94	132
angelique	2.94	132
niles	2.94	132
renfield	2.94	132
enormes	2.94	132
angebetet	2.94	132
telefonleitung	2.94	132
dreibeiner	2.94	132
wehtust	2.94	132
verfahrens	2.94	132
prallen	2.94	132
übergibst	2.94	132
stöcken	2.94	132
mutes	2.94	132
entschließt	2.94	132
fulcrum	2.94	132
viertelmillion	2.94	132
kräutertee	2.94	132
elan	2.94	132
trugst	2.94	132
heda	2.94	132
müder	2.94	132
sonden	2.94	132
vorzugeben	2.94	132
seitenstraße	2.94	132
marino	2.94	132
glasur	2.94	132
cabot	2.94	132
gesellschaftlich	2.94	132
ausgebeutet	2.94	132
verdeckter	2.94	132
knöcheln	2.94	132
cleveres	2.94	132
dschungels	2.94	132
essbar	2.94	132
warnschuss	2.94	132
leena	2.94	132
ration	2.94	132
einflussreich	2.94	132
mitkriegt	2.94	132
soetwas	2.94	132
e-mail-adresse	2.94	132
discovery	2.94	132
streckte	2.94	132
drillinge	2.94	132
einreißen	2.94	132
hierhergebracht	2.94	132
zucchini	2.94	132
unterwürfig	2.94	132
goldmünzen	2.94	132
doing	2.94	132
bombardierung	2.94	132
beachtlich	2.94	132
scheinheilig	2.94	132
täler	2.94	132
pedale	2.94	132
valérie	2.94	132
ausgeflogen	2.94	132
huckepack	2.94	132
replizieren	2.94	132
ausländischer	2.94	132
dm	2.94	132
saki	2.94	132
bisexuell	2.94	132
ohrstöpsel	2.94	132
nevers	2.94	132
beschädigten	2.94	132
staats	2.94	132
umbauen	2.94	132
aushalte	2.94	132
abspann	2.94	132
zerreiße	2.94	132
faruk	2.94	132
ungeklärt	2.94	132
klausur	2.94	132
verwirrten	2.94	132
lobe	2.94	132
gestreut	2.94	132
lich	2.94	132
domine	2.94	132
umkam	2.94	132
zufälligen	2.94	132
frederik	2.94	132
fortzufahren	2.94	132
stretch	2.94	132
personalien	2.94	132
unze	2.94	132
hochbringen	2.94	132
defensiv	2.94	132
originalen	2.94	132
angeboren	2.94	132
verzeichnis	2.94	132
eierstöcke	2.94	132
schluckst	2.94	132
fleischwunde	2.94	132
sami	2.94	132
tanners	2.94	132
unersetzlich	2.94	132
stratton	2.94	132
mönchen	2.94	132
anvisiert	2.94	132
verdroschen	2.94	132
lobt	2.94	132
traums	2.94	132
jar	2.94	132
islamischen	2.94	132
abschieben	2.94	132
senorita	2.94	132
zafer	2.94	132
seltsamste	2.94	132
genii	2.94	132
niederlegen	2.94	132
übertrug	2.94	132
wolsey	2.94	131
blödmänner	2.94	131
unterkünfte	2.94	131
tomatensaft	2.94	131
wedeln	2.94	131
einerlei	2.94	131
verängstigte	2.94	131
verletzter	2.94	131
fettwanst	2.94	131
isn	2.94	131
ostfront	2.94	131
parkinson	2.94	131
birds	2.94	131
familiengeschäft	2.94	131
elmo	2.94	131
orville	2.94	131
amin	2.94	131
äußerte	2.94	131
bikinis	2.94	131
quirke	2.94	131
unbedeutenden	2.94	131
hancock	2.94	131
bemitleide	2.94	131
verdankst	2.94	131
tenor	2.94	131
eroberte	2.94	131
archive	2.94	131
sibley	2.94	131
losgezogen	2.94	131
vorbeigeht	2.94	131
dünkt	2.94	131
bowle	2.94	131
gemachte	2.94	131
feiges	2.94	131
wiederhol	2.94	131
schadenersatz	2.94	131
richteten	2.94	131
catherines	2.94	131
gebrüder	2.94	131
kaji	2.94	131
nachzugeben	2.94	131
harlow	2.94	131
geweih	2.94	131
monseigneur	2.94	131
beglücken	2.94	131
amputiert	2.94	131
bingley	2.94	131
pennt	2.94	131
verursachten	2.94	131
simpler	2.94	131
soon	2.94	131
bedrohten	2.94	131
autobombe	2.94	131
recherchiere	2.94	131
buddeln	2.94	131
absätzen	2.94	131
outen	2.94	131
veruntreuung	2.94	131
fingernagel	2.94	131
nettesten	2.94	131
transvestit	2.94	131
schüttelte	2.94	131
übertönt	2.94	131
psychoanalyse	2.94	131
nebenjob	2.94	131
gegenwärtige	2.94	131
fernsehshow	2.94	131
desdemona	2.94	131
sympathischer	2.94	131
lös	2.94	131
runen	2.94	131
mon-el	2.94	131
beharrlichkeit	2.94	131
gepumpt	2.94	131
wakefield	2.94	131
schlampige	2.94	131
tadel	2.94	131
reparierte	2.94	131
betrittst	2.94	131
entsetzlichen	2.94	131
afrikanischer	2.94	131
umdrehe	2.94	131
ellens	2.94	131
zauberschule	2.94	131
getöse	2.94	131
speiseröhre	2.94	131
hausaufgabe	2.94	131
geschäftsleitung	2.94	131
umgekehrte	2.94	131
vorsätzlichen	2.94	131
rothäute	2.94	131
einzureichen	2.94	131
übergegangen	2.94	131
ansprechbar	2.94	131
studierten	2.94	131
whittaker	2.94	131
schwächlinge	2.94	131
ausgibst	2.94	131
rittmeister	2.94	131
unerträgliche	2.94	131
erntedankfest	2.94	131
maskerade	2.94	131
arbeitenden	2.94	131
erfreuliche	2.94	131
minimieren	2.94	131
yasmin	2.94	131
banknoten	2.94	131
naive	2.94	131
frittiert	2.94	131
anzukündigen	2.94	131
verdunkelt	2.94	131
zuschlag	2.94	131
gegensätze	2.94	131
umwege	2.94	131
gäben	2.94	131
unsympathisch	2.94	131
wollust	2.94	131
hellste	2.94	131
hinkriegst	2.94	131
hauptdarstellerin	2.94	131
punks	2.94	131
erbringen	2.94	131
eingriffe	2.94	131
robotern	2.94	131
hausbesitzer	2.94	131
mangos	2.94	131
lieferten	2.94	131
baldwins	2.94	131
baht	2.94	131
tussen	2.94	131
ausrottung	2.94	131
koalition	2.94	131
vorteilhaft	2.94	131
auszubilden	2.94	131
verabrede	2.94	131
gefriertruhe	2.94	131
reibe	2.94	131
buddhas	2.94	131
zaubertricks	2.94	131
ludovic	2.94	131
leihmutter	2.94	131
games	2.94	131
lehrerzimmer	2.94	131
cannon	2.94	131
fahrstühle	2.94	131
bekämpften	2.94	131
streiks	2.94	131
genji	2.93	130
betrachtung	2.93	130
riva	2.93	130
diskreditieren	2.93	130
mittelalterliche	2.93	130
grell	2.93	130
nachfüllen	2.93	130
herzleiden	2.93	130
sehnst	2.93	130
straßenlärm	2.93	130
krueger	2.93	130
schärfen	2.93	130
hineingeraten	2.93	130
phrasen	2.93	130
mahal	2.93	130
strigoi	2.93	130
egg	2.93	130
smoke	2.93	130
indra	2.93	130
umeinander	2.93	130
hochsicherheitsgefängnis	2.93	130
pergament	2.93	130
traumwelt	2.93	130
darrell	2.93	130
erschaffe	2.93	130
faible	2.93	130
siegerin	2.93	130
glitzer	2.93	130
scheideweg	2.93	130
vorfreude	2.93	130
luger	2.93	130
heiligenschein	2.93	130
tschechoslowakei	2.93	130
mitzureden	2.93	130
gleichschritt	2.93	130
burgen	2.93	130
großtante	2.93	130
guthaben	2.93	130
sensiblen	2.93	130
horizon	2.93	130
tugendhaft	2.93	130
filmten	2.93	130
vorbilder	2.93	130
sehnsüchte	2.93	130
brace	2.93	130
abtrünnige	2.93	130
aufrührer	2.93	130
bizeps	2.93	130
baines	2.93	130
steigerung	2.93	130
crusoe	2.93	130
grundlegend	2.93	130
beeindruckendes	2.93	130
auszuhandeln	2.93	130
events	2.93	130
manuelo	2.93	130
rindvieh	2.93	130
familiennamen	2.93	130
carlin	2.93	130
erdling	2.93	130
dill	2.93	130
dänisch	2.93	130
versieht	2.93	130
fruchtbarkeit	2.93	130
achseln	2.93	130
insassinnen	2.93	130
entscheidender	2.93	130
üppig	2.93	130
zusehe	2.93	130
ahornsirup	2.93	130
zwietracht	2.93	130
nationalität	2.93	130
kontrast	2.93	130
etabliert	2.93	130
beseitige	2.93	130
zimmerman	2.93	130
eds	2.93	130
völligen	2.93	130
bologna	2.93	130
schultzie	2.93	130
stinkig	2.93	130
drucke	2.93	130
seifenoper	2.93	130
plains	2.93	130
durchzudrehen	2.93	130
geheimagenten	2.93	130
geisteskranke	2.93	130
lehrers	2.93	130
waynes	2.93	130
josey	2.93	130
paro	2.93	130
paarung	2.93	130
designs	2.93	130
einweihung	2.93	130
supermodel	2.93	130
ftl	2.93	130
edouard	2.93	130
benoit	2.93	130
gemächern	2.93	130
adria	2.93	130
mollys	2.93	130
ekliges	2.93	130
hoffnungslose	2.93	130
vitalwerte	2.93	130
alisons	2.93	130
fuhre	2.93	130
gesandter	2.93	130
enzym	2.93	130
nachdruck	2.93	130
fesselte	2.93	130
sprungbrett	2.93	130
geburtsrecht	2.93	130
indischer	2.93	130
heimatplaneten	2.93	130
grischa	2.93	130
stuck	2.93	130
sprengladungen	2.93	130
majors	2.93	130
hud	2.93	130
mcneil	2.93	130
pampa	2.93	130
brüller	2.93	130
rebel	2.93	130
fortzuführen	2.93	130
engstirnig	2.93	130
berührungen	2.93	130
vergünstigungen	2.93	130
peseten	2.93	130
entzückendes	2.93	130
hackett	2.93	130
zeitalters	2.93	130
befehligen	2.93	130
ausübt	2.93	130
royale	2.93	130
michi	2.93	130
traumhaus	2.93	130
jähzornig	2.93	130
vaterunser	2.93	130
betrauern	2.93	130
schh	2.93	130
tuten	2.93	130
maserati	2.93	130
dazustehen	2.93	130
gee	2.93	130
liddy	2.93	130
dienstgrad	2.93	130
assistant	2.93	130
berechtigung	2.93	130
lichtschwert	2.93	130
traumjob	2.93	130
prinzipiell	2.93	130
change	2.93	130
interessenkonflikt	2.93	130
polanski	2.93	130
taugst	2.93	130
heruntergekommen	2.93	130
10-mal	2.93	130
räumlichkeiten	2.93	130
grauenhafte	2.93	130
registriere	2.93	130
alans	2.93	130
solveig	2.93	130
neurale	2.93	130
béatrice	2.93	130
halbfinale	2.93	129
hops	2.93	129
teelöffel	2.93	129
nabel	2.93	129
dreiviertel	2.93	129
schlucker	2.93	129
bügel	2.93	129
jesús	2.93	129
verdreckt	2.93	129
wildesten	2.93	129
deute	2.93	129
plädiert	2.93	129
rundum	2.93	129
malachi	2.93	129
hors	2.93	129
gesprächsthema	2.93	129
marigold	2.93	129
übelste	2.93	129
grundlegenden	2.93	129
stornieren	2.93	129
argus	2.93	129
chao	2.93	129
kovacs	2.93	129
coopers	2.93	129
methan	2.93	129
körperkontakt	2.93	129
ausnahmezustand	2.93	129
relaxen	2.93	129
bri	2.93	129
ny	2.93	129
androide	2.93	129
jehovas	2.93	129
qualm	2.93	129
marlow	2.93	129
knows	2.93	129
schottische	2.93	129
umleitung	2.93	129
felsbrocken	2.93	129
mighty	2.93	129
biographie	2.93	129
stech	2.93	129
anzutreffen	2.93	129
mokka	2.93	129
rückschläge	2.93	129
auster	2.93	129
momentchen	2.93	129
naina	2.93	129
explosive	2.93	129
zersplittert	2.93	129
uptown	2.93	129
hurt	2.93	129
gestrige	2.93	129
laien	2.93	129
kapitäns	2.93	129
wg	2.93	129
verbring	2.93	129
nanni	2.93	129
rave	2.93	129
inhalator	2.93	129
umzustimmen	2.93	129
hochzeitsfeier	2.93	129
kartenspielen	2.93	129
pforten	2.93	129
rosmarin	2.93	129
jubelrufe	2.93	129
süßkartoffeln	2.93	129
tiefstes	2.93	129
angemessenes	2.93	129
breck	2.93	129
petja	2.93	129
konföderierten	2.93	129
trampeln	2.93	129
kunstform	2.93	129
errungenschaft	2.93	129
einbilden	2.93	129
colonna	2.93	129
lesbischen	2.93	129
prospekt	2.93	129
leut	2.93	129
näherkommen	2.93	129
sorgsam	2.93	129
verneigen	2.93	129
logis	2.93	129
kreuzes	2.93	129
gehilfen	2.93	129
ostsee	2.93	129
schlachtschiff	2.93	129
abfangkurs	2.93	129
mattias	2.93	129
würdenträger	2.93	129
unzurechnungsfähigkeit	2.93	129
avatare	2.93	129
rausgefallen	2.93	129
belmont	2.93	129
hauptgang	2.93	129
ergänzung	2.93	129
mafioso	2.93	129
schlachtet	2.93	129
stand-by	2.93	129
stundenplan	2.93	129
whale	2.93	129
rollie	2.93	129
hiob	2.93	129
staatsbürgerschaft	2.93	129
rebelliert	2.93	129
henny	2.93	129
exakten	2.93	129
telefonleitungen	2.93	129
bisserl	2.93	129
unmissverständlich	2.93	129
maclaren	2.93	129
pensionierter	2.93	129
reales	2.93	129
bluffst	2.93	129
rüsten	2.93	129
probefahrt	2.93	129
begräbt	2.93	129
stromrechnung	2.93	129
atomkraftwerk	2.93	129
entwaffnet	2.93	129
griechischer	2.93	129
weilen	2.93	129
chrysler	2.93	129
fähigen	2.93	129
pantomime	2.93	129
zwecken	2.93	129
platzierte	2.93	129
sim-karte	2.93	129
golem	2.93	129
eriksson	2.93	129
festigen	2.93	129
beleidigte	2.93	129
mccluskey	2.93	129
taubstumm	2.93	129
nostalgisch	2.93	129
schliff	2.93	129
satellitentelefon	2.93	129
häuslich	2.93	129
amal	2.93	129
bloßzustellen	2.93	129
meningitis	2.93	129
mongo	2.93	129
sediert	2.93	129
brennst	2.93	129
lace	2.93	129
investment	2.93	129
ärztlichen	2.93	129
ostflügel	2.93	129
import	2.93	129
kendal	2.93	129
nachlesen	2.93	129
attacken	2.93	129
spazierte	2.93	129
pongo	2.93	129
medea	2.93	129
kirmes	2.93	129
mündliche	2.93	129
lausche	2.93	129
besoffene	2.93	129
nährstoffe	2.93	129
wehmütige	2.93	129
verwurzelt	2.93	129
laborergebnisse	2.93	129
edge	2.93	129
rumgefahren	2.93	129
externen	2.93	129
koreanische	2.93	129
nöten	2.93	129
pargalı	2.93	129
pawel	2.93	129
kemal	2.93	129
verzicht	2.93	129
realer	2.93	129
tanke	2.93	129
konfetti	2.93	129
unabsichtlich	2.93	129
munkelt	2.93	129
instituts	2.93	129
ladegerät	2.93	129
ausdehnen	2.93	129
begebe	2.93	129
chalmers	2.93	129
wegzurennen	2.93	129
bleichmittel	2.93	129
moser	2.93	128
nerz	2.93	128
häuslicher	2.93	128
kebab	2.93	128
eigens	2.93	128
bettle	2.93	128
rührte	2.93	128
services	2.93	128
ekelt	2.93	128
verschissenen	2.93	128
betriebssystem	2.93	128
silben	2.93	128
indianische	2.93	128
coral	2.93	128
zusammengeflickt	2.93	128
oops	2.93	128
erstgeborenen	2.93	128
pieper	2.93	128
torheit	2.93	128
aufrollen	2.93	128
hershel	2.93	128
schandfleck	2.93	128
projizieren	2.93	128
widerlegt	2.93	128
kimono	2.93	128
vorbeugen	2.93	128
stoßt	2.93	128
hellraiser	2.93	128
krassen	2.93	128
gesinnung	2.93	128
figueroa	2.93	128
urinieren	2.93	128
schmitz	2.93	128
königshaus	2.93	128
droide	2.93	128
jughead	2.93	128
erwürge	2.93	128
mustangs	2.93	128
eindämmen	2.93	128
einsatzzentrale	2.93	128
tendenzen	2.93	128
kiesel	2.93	128
beyoncé	2.93	128
gedichten	2.93	128
erneute	2.93	128
awards	2.93	128
sigmund	2.93	128
geflickt	2.93	128
einsatzes	2.93	128
bluthochdruck	2.93	128
connelly	2.93	128
kriegsministerium	2.93	128
loswerde	2.93	128
verstümmeln	2.93	128
pasteten	2.93	128
sandoval	2.93	128
überschrift	2.93	128
pionier	2.93	128
folsom	2.93	128
schützengraben	2.93	128
dulles	2.93	128
anmerkung	2.93	128
kosmetik	2.93	128
aufsätze	2.93	128
unüberlegt	2.93	128
rauszubekommen	2.93	128
liberale	2.93	128
streichelt	2.93	128
frechen	2.93	128
corrigan	2.93	128
anzukämpfen	2.93	128
flughöhe	2.93	128
großonkel	2.93	128
reservoir	2.93	128
ursprungs	2.93	128
knallte	2.93	128
doppelzimmer	2.93	128
elektroschocker	2.93	128
wickie	2.93	128
zathras	2.93	128
sopranos	2.93	128
augenklappe	2.93	128
wharton	2.93	128
bekanntgabe	2.93	128
pute	2.93	128
trotter	2.93	128
erpresste	2.93	128
hausgemachte	2.93	128
frisco	2.93	128
crocker	2.93	128
eastern	2.93	128
raubüberfälle	2.93	128
wegläufst	2.93	128
vollkommenheit	2.93	128
erkauft	2.93	128
konventionen	2.93	128
seriennummern	2.93	128
jammerst	2.93	128
véronique	2.93	128
niedergelassen	2.93	128
sunrise	2.93	128
armada	2.93	128
kazuo	2.93	128
trail	2.93	128
taschenlampen	2.93	128
massakriert	2.93	128
volumen	2.93	128
wanken	2.93	128
pookie	2.93	128
rumgehangen	2.93	128
stutzen	2.93	128
buongiorno	2.93	128
paine	2.93	128
jochen	2.93	128
unterstützten	2.93	128
irgendwelches	2.93	128
fertige	2.93	128
entlocken	2.93	128
titanen	2.93	128
anämie	2.93	128
strolche	2.93	128
gutaussehenden	2.93	128
schnickschnack	2.93	128
aufgezwungen	2.93	128
eizellen	2.93	128
skype	2.93	128
kinsey	2.93	128
kommissariat	2.93	128
fündig	2.93	128
einreiben	2.93	128
organisch	2.93	128
tapetenwechsel	2.93	128
primären	2.93	128
kontroverse	2.93	128
kniescheibe	2.93	128
anzurichten	2.93	128
kilian	2.93	128
holle	2.93	128
achso	2.93	128
begierden	2.93	128
belgische	2.93	128
woodstock	2.93	128
verkörperung	2.93	128
voraussichtlich	2.93	128
women	2.93	128
amputation	2.93	128
robyn	2.93	128
triple	2.93	128
wandten	2.93	128
golfer	2.93	128
menschenkenntnis	2.93	128
gehustet	2.93	128
silo	2.93	128
hurenbock	2.92	127
kreises	2.92	127
ökosystem	2.92	127
khans	2.92	127
opferst	2.92	127
herumkommandieren	2.92	127
aufrechter	2.92	127
flanken	2.92	127
ausseht	2.92	127
schwanken	2.92	127
scharfrichter	2.92	127
mistding	2.92	127
vermißt	2.92	127
deej	2.92	127
mündung	2.92	127
andacht	2.92	127
hochladen	2.92	127
unkonventionell	2.92	127
wortschatz	2.92	127
abbys	2.92	127
künstlerischen	2.92	127
traumatische	2.92	127
arbeitsstelle	2.92	127
vasek	2.92	127
capra	2.92	127
telefonierst	2.92	127
azteken	2.92	127
pizzas	2.92	127
gepaart	2.92	127
bare	2.92	127
malick	2.92	127
aufgewärmt	2.92	127
hoffnungslosen	2.92	127
ludlow	2.92	127
ivar	2.92	127
wiederkam	2.92	127
impfungen	2.92	127
schläfer	2.92	127
minigolf	2.92	127
empathie	2.92	127
deserteure	2.92	127
eingekreist	2.92	127
pernille	2.92	127
beliebtheit	2.92	127
weiã	2.92	127
verständige	2.92	127
zerstückeln	2.92	127
ausdrückt	2.92	127
holtz	2.92	127
zebras	2.92	127
besinnen	2.92	127
kognak	2.92	127
informantin	2.92	127
totschlags	2.92	127
squaw	2.92	127
satine	2.92	127
dürr	2.92	127
begeisterter	2.92	127
vermassle	2.92	127
formeln	2.92	127
verschwörungen	2.92	127
hoskins	2.92	127
kana	2.92	127
ertappen	2.92	127
tanger	2.92	127
pressemitteilung	2.92	127
heizt	2.92	127
mitzuhalten	2.92	127
satzung	2.92	127
vorbeigeschaut	2.92	127
rehabilitieren	2.92	127
druckwelle	2.92	127
komplexität	2.92	127
pools	2.92	127
weiterzuziehen	2.92	127
hatch	2.92	127
weggepustet	2.92	127
gaylord	2.92	127
anlässe	2.92	127
abkürzungen	2.92	127
weltreise	2.92	127
keuschheit	2.92	127
notstand	2.92	127
kopfhaut	2.92	127
lauderdale	2.92	127
dezent	2.92	127
stubenarrest	2.92	127
bow	2.92	127
kostenvoranschlag	2.92	127
magnetfeld	2.92	127
zeigs	2.92	127
garret	2.92	127
durchgeknallter	2.92	127
zweifelsfrei	2.92	127
producer	2.92	127
pollo	2.92	127
vernebelt	2.92	127
defekten	2.92	127
kaye	2.92	127
ferse	2.92	127
großmütig	2.92	127
verpfändet	2.92	127
naniten	2.92	127
sandkasten	2.92	127
rankommt	2.92	127
einzudämmen	2.92	127
liesl	2.92	127
biste	2.92	127
vertickt	2.92	127
nordsee	2.92	127
ishmael	2.92	127
mano	2.92	127
pussys	2.92	127
todesliste	2.92	127
profikiller	2.92	127
farr	2.92	127
jagger	2.92	127
empfindlichen	2.92	127
rühreier	2.92	127
sicherheitskamera	2.92	127
vorgetragen	2.92	127
solides	2.92	127
ständiges	2.92	127
pelham	2.92	127
blutwurst	2.92	127
merkmal	2.92	127
selbstbeherrschung	2.92	127
nuck	2.92	127
iranischen	2.92	127
olympische	2.92	127
padawan	2.92	127
schrilles	2.92	127
mmmh	2.92	127
fixer	2.92	127
ersatzmann	2.92	127
weihnachtsabend	2.92	127
wilfried	2.92	127
sur	2.92	127
transferiert	2.92	127
ängstliche	2.92	127
weglocken	2.92	127
stamper	2.92	127
erstarren	2.92	127
toppen	2.92	127
südfrankreich	2.92	127
yoon	2.92	127
anzuzeigen	2.92	127
schadensbegrenzung	2.92	127
schädigen	2.92	127
roach	2.92	127
metz	2.92	127
hausarbeiten	2.92	127
ernannte	2.92	127
abgeblieben	2.92	127
einheimischer	2.92	127
tyrion	2.92	127
kehlkopf	2.92	127
heimkommst	2.92	127
glänzender	2.92	127
takte	2.92	127
blanca	2.92	127
ärmer	2.92	127
verdächtigungen	2.92	127
indianapolis	2.92	127
wesson	2.92	127
lebensqualität	2.92	127
conlon	2.92	127
stafford	2.92	127
kastanien	2.92	127
hausherr	2.92	127
massenweise	2.92	127
befreiten	2.92	127
massa	2.92	126
abtrennen	2.92	126
vorzug	2.92	126
empfängst	2.92	126
auserkoren	2.92	126
anspringen	2.92	126
polka	2.92	126
republikanischen	2.92	126
nachfolgerin	2.92	126
redakteurin	2.92	126
zuschuss	2.92	126
tout	2.92	126
gitarren	2.92	126
weekly	2.92	126
anfängerglück	2.92	126
rettungskapsel	2.92	126
musikalischen	2.92	126
lindbergh	2.92	126
leibesvisitation	2.92	126
rollbahn	2.92	126
hamish	2.92	126
dackel	2.92	126
darlegen	2.92	126
fandet	2.92	126
füllst	2.92	126
zusammengehören	2.92	126
bwana	2.92	126
todesfalle	2.92	126
schmerzhafter	2.92	126
lachhaft	2.92	126
mörser	2.92	126
shauna	2.92	126
dreikäsehoch	2.92	126
loses	2.92	126
yet	2.92	126
ramme	2.92	126
zurückzunehmen	2.92	126
schwindlerin	2.92	126
santini	2.92	126
barnaby	2.92	126
catch	2.92	126
anjali	2.92	126
drinsteht	2.92	126
purem	2.92	126
sauren	2.92	126
aufhebung	2.92	126
mitspracherecht	2.92	126
kriegsverbrecher	2.92	126
onkelchen	2.92	126
gefährdete	2.92	126
killern	2.92	126
emp	2.92	126
abgewickelt	2.92	126
trav	2.92	126
ferg	2.92	126
meinetwillen	2.92	126
lazlo	2.92	126
ce	2.92	126
croissant	2.92	126
apparate	2.92	126
anhabe	2.92	126
unvergleichlich	2.92	126
auswertung	2.92	126
drogenmissbrauch	2.92	126
hakim	2.92	126
amar	2.92	126
bestattungsinstitut	2.92	126
erdoberfläche	2.92	126
erachtet	2.92	126
erschaffer	2.92	126
einfachheit	2.92	126
deux	2.92	126
alphabetisch	2.92	126
nervenklinik	2.92	126
hauptbahnhof	2.92	126
stuss	2.92	126
chérie	2.92	126
szenarien	2.92	126
zurückweisung	2.92	126
katrine	2.92	126
fruit	2.92	126
y.	2.92	126
stürmische	2.92	126
teekanne	2.92	126
autors	2.92	126
beherrschst	2.92	126
gusto	2.92	126
handfestes	2.92	126
dramatik	2.92	126
halsey	2.92	126
silberner	2.92	126
registrierte	2.92	126
grabsteine	2.92	126
spendenaktion	2.92	126
mouse	2.92	126
idefix	2.92	126
faszinieren	2.92	126
darts	2.92	126
leert	2.92	126
mozzie	2.92	126
dorftrottel	2.92	126
gebrauchtwagen	2.92	126
logistik	2.92	126
vu	2.92	126
gu	2.92	126
spezifische	2.92	126
hutmacher	2.92	126
x-akten	2.92	126
pal	2.92	126
zeichensprache	2.92	126
beschneidung	2.92	126
pendleton	2.92	126
alkoholikern	2.92	126
guinevere	2.92	126
sonderkommando	2.92	126
mildernde	2.92	126
hiebe	2.92	126
klärchen	2.92	126
stricher	2.92	126
kapitäne	2.92	126
angemalt	2.92	126
nachspioniert	2.92	126
schwadron	2.92	126
carls	2.92	126
drangen	2.92	126
mm-mm	2.92	126
verschärft	2.92	126
janeiro	2.92	126
mirror	2.92	126
presst	2.92	126
absurden	2.92	126
arch	2.92	126
augenweide	2.92	126
scheißtag	2.92	126
romantischste	2.92	126
bran	2.92	126
betrügereien	2.92	126
canal	2.92	126
konsumiert	2.92	126
unschöne	2.92	126
eskimos	2.92	126
unterkühlung	2.92	126
gesamtbild	2.92	126
koen	2.92	126
eheberatung	2.92	126
familienmensch	2.92	126
bauchmuskeln	2.92	126
zeitspanne	2.92	126
erotik	2.92	126
veranstalte	2.92	126
loszulegen	2.92	126
entgegenkommend	2.92	126
laufsteg	2.92	126
korrumpiert	2.92	126
zusammenwohnen	2.92	126
einzuleiten	2.92	126
sandro	2.92	126
boggs	2.92	126
raserei	2.92	126
katerina	2.92	126
verkrafte	2.92	126
mikrochip	2.92	126
tätigkeiten	2.92	126
tarek	2.92	126
riesensache	2.92	126
marlin	2.92	125
aufsteigt	2.92	125
verbindungsmann	2.92	125
kohlenstoff	2.92	125
coca-cola	2.92	125
abtrünnig	2.92	125
miesepeter	2.92	125
vibration	2.92	125
gruseliges	2.92	125
absturzstelle	2.92	125
montiert	2.92	125
goldgrube	2.92	125
topform	2.92	125
rücklicht	2.92	125
elkins	2.92	125
harv	2.92	125
nötiger	2.92	125
grodd	2.92	125
proust	2.92	125
gloucester	2.92	125
liber8	2.92	125
einstudiert	2.92	125
geheimnisvolles	2.92	125
camaro	2.92	125
portia	2.92	125
ungleichgewicht	2.92	125
zeremonien	2.92	125
törichte	2.92	125
neuester	2.92	125
aushältst	2.92	125
beschlagnahme	2.92	125
muttersprache	2.92	125
umständlich	2.92	125
flachwichser	2.92	125
handflächen	2.92	125
bunk	2.92	125
hinzugezogen	2.92	125
tabelle	2.92	125
geschosse	2.92	125
stavros	2.92	125
dreihundert	2.92	125
dutzenden	2.92	125
gedränge	2.92	125
wirbelsturm	2.92	125
bunter	2.92	125
vergessene	2.92	125
schatzes	2.92	125
musikern	2.92	125
speisewagen	2.92	125
piero	2.92	125
versicherungspolice	2.92	125
psychos	2.92	125
allererst	2.92	125
erwärmt	2.92	125
mikroben	2.92	125
entpuppt	2.92	125
zeitlos	2.92	125
quan	2.92	125
getrocknete	2.92	125
mitschreiben	2.92	125
delta-quadranten	2.92	125
verpaßt	2.92	125
zeitschleife	2.92	125
scarraner	2.92	125
prügeleien	2.92	125
geleugnet	2.92	125
landesweite	2.92	125
verrenkt	2.92	125
schwenkt	2.92	125
einschleusen	2.92	125
odette	2.92	125
ablecken	2.92	125
versaue	2.92	125
besserem	2.92	125
weitergekommen	2.92	125
gesundheitsbehörde	2.92	125
rémy	2.92	125
brate	2.92	125
ordnet	2.92	125
überbringt	2.92	125
modifikationen	2.92	125
radiologie	2.92	125
flugangst	2.92	125
anlässlich	2.92	125
abner	2.92	125
beseitigung	2.92	125
hausschlüssel	2.92	125
hulot	2.92	125
halbiert	2.92	125
tapferste	2.92	125
zuziehen	2.92	125
marrakesch	2.92	125
säue	2.92	125
sommertag	2.92	125
fegt	2.92	125
schmuggelte	2.92	125
dim	2.92	125
norah	2.92	125
stuhlgang	2.92	125
thom	2.92	125
anrührst	2.92	125
sousa	2.92	125
herumtreiber	2.92	125
laptops	2.92	125
bedingungslose	2.92	125
cane	2.92	125
unwahr	2.92	125
niederschlagen	2.92	125
entführe	2.92	125
quartett	2.92	125
bequemlichkeit	2.92	125
richfield	2.92	125
lautstark	2.92	125
essay	2.92	125
arroganten	2.92	125
erarbeiten	2.92	125
schummelst	2.92	125
vergreifen	2.92	125
daley	2.92	125
bootes	2.92	125
grandiose	2.92	125
deirdre	2.92	125
vollbringt	2.92	125
verschreibe	2.92	125
brass	2.92	125
u-haft	2.92	125
abgeschottet	2.92	125
solider	2.92	125
sigma	2.92	125
auges	2.92	125
ark	2.92	125
schiffbruch	2.92	125
wilda	2.92	125
phalanx	2.92	125
dienstes	2.92	125
piepser	2.92	125
spül	2.92	125
unternahm	2.92	125
duff	2.92	125
schulfreund	2.92	125
gefährdest	2.92	125
krake	2.92	125
fighter	2.92	125
hiram	2.92	125
runterkommt	2.92	125
realitäten	2.92	125
medellin	2.92	125
ame	2.92	125
gescheiterten	2.92	125
phelan	2.92	125
cyborgs	2.92	125
jordanien	2.92	125
footballteam	2.92	125
konferenzen	2.92	125
plaît	2.92	125
däne	2.92	125
pocahontas	2.92	125
zusammenbrach	2.92	125
gertie	2.92	125
konvertieren	2.92	125
gump	2.92	125
wake	2.92	125
sturkopf	2.92	125
ausgedruckt	2.92	125
catweazle	2.92	125
mechanisches	2.92	125
prozentsatz	2.92	125
lieblingsplatz	2.92	125
erfolgreichsten	2.92	125
skippy	2.92	125
marika	2.92	125
beizutragen	2.92	125
entwarnung	2.92	125
geschirrspüler	2.91	124
dafur	2.91	124
verzaubern	2.91	124
entfernungen	2.91	124
mohamed	2.91	124
mouth	2.91	124
scudder	2.91	124
harakiri	2.91	124
werdende	2.91	124
friedhöfe	2.91	124
thermostat	2.91	124
kampfbereit	2.91	124
gewaltanwendung	2.91	124
duplikat	2.91	124
seufzend	2.91	124
speak	2.91	124
malta	2.91	124
renoir	2.91	124
mosca	2.91	124
undeutliches	2.91	124
rodin	2.91	124
gepard	2.91	124
erfolges	2.91	124
datet	2.91	124
steinreich	2.91	124
sanjay	2.91	124
atemnot	2.91	124
sterbend	2.91	124
morse	2.91	124
heften	2.91	124
prächtiges	2.91	124
guzman	2.91	124
erzherzog	2.91	124
verdrahtet	2.91	124
quinlan	2.91	124
firefly	2.91	124
einschüchternd	2.91	124
instabilität	2.91	124
zarkon	2.91	124
papageien	2.91	124
vorgesungen	2.91	124
verwette	2.91	124
faulenzen	2.91	124
klarkommst	2.91	124
streift	2.91	124
beauregard	2.91	124
lobenswert	2.91	124
derartigen	2.91	124
widersteht	2.91	124
demütigungen	2.91	124
brechstange	2.91	124
einfallsreichtum	2.91	124
angespannte	2.91	124
verschlossene	2.91	124
berate	2.91	124
allergrößte	2.91	124
gefechts	2.91	124
schmauchspuren	2.91	124
revolverheld	2.91	124
kleinholz	2.91	124
wachmänner	2.91	124
paella	2.91	124
gilroy	2.91	124
smee	2.91	124
verwest	2.91	124
deinetwillen	2.91	124
schmerzensschreie	2.91	124
making	2.91	124
birdy	2.91	124
artikels	2.91	124
kontinente	2.91	124
backup	2.91	124
abschrift	2.91	124
gefäße	2.91	124
gepäckträger	2.91	124
burning	2.91	124
danni	2.91	124
kleidungsstücke	2.91	124
backstage	2.91	124
unterhändler	2.91	124
mcginty	2.91	124
titelblatt	2.91	124
sprenge	2.91	124
ethisch	2.91	124
marilla	2.91	124
manila	2.91	124
tierärztin	2.91	124
vernichtete	2.91	124
knew	2.91	124
gupta	2.91	124
grog	2.91	124
hinterlegen	2.91	124
häufigsten	2.91	124
verleumdet	2.91	124
ungebildet	2.91	124
unnötiges	2.91	124
rye	2.91	124
parkuhr	2.91	124
penizillin	2.91	124
serizawa	2.91	124
sockel	2.91	124
cobblepot	2.91	124
cathys	2.91	124
veganer	2.91	124
fässern	2.91	124
konvertiert	2.91	124
reality	2.91	124
schränken	2.91	124
spanisches	2.91	124
intravenös	2.91	124
rothaut	2.91	124
ballen	2.91	124
kegel	2.91	124
toole	2.91	124
sander	2.91	124
schranke	2.91	124
pardaillan	2.91	124
bereisen	2.91	124
balthazar	2.91	124
nene	2.91	124
zersetzt	2.91	124
sacks	2.91	124
melancholisch	2.91	124
barrikade	2.91	124
jurist	2.91	124
félix	2.91	124
fischstäbchen	2.91	124
eidechsen	2.91	124
fats	2.91	124
schnauzbart	2.91	124
valdez	2.91	124
lukrativ	2.91	124
neck	2.91	124
xo	2.91	124
schlafstörungen	2.91	124
anschlägen	2.91	124
sicherheitspersonal	2.91	124
nuys	2.91	124
bergleute	2.91	124
trichter	2.91	124
vorhängen	2.91	124
rechtschaffen	2.91	124
indiz	2.91	124
schubkarre	2.91	124
anzuheuern	2.91	124
kazon	2.91	124
ehrenhafter	2.91	124
bezeichne	2.91	124
dreirad	2.91	124
garibaldi	2.91	123
handzeichen	2.91	123
sim	2.91	123
sät	2.91	123
seasons	2.91	123
abgestiegen	2.91	123
vorherrschaft	2.91	123
tennyson	2.91	123
gonzalez	2.91	123
bisherige	2.91	123
razzien	2.91	123
steckbrief	2.91	123
suppenküche	2.91	123
averys	2.91	123
schaeffer	2.91	123
marktwert	2.91	123
rhetorik	2.91	123
beilegen	2.91	123
gestell	2.91	123
weitergezogen	2.91	123
irv	2.91	123
rei	2.91	123
entertainer	2.91	123
überschätzen	2.91	123
hostess	2.91	123
melville	2.91	123
tanzende	2.91	123
bundesagent	2.91	123
pollock	2.91	123
voriges	2.91	123
eingeborene	2.91	123
esme	2.91	123
bestiehlt	2.91	123
cumberland	2.91	123
gecko	2.91	123
zurückführen	2.91	123
vagabunden	2.91	123
alltäglichen	2.91	123
kannibalismus	2.91	123
bräutigams	2.91	123
gutenachtkuss	2.91	123
skepsis	2.91	123
dämonischen	2.91	123
brennend	2.91	123
blaupausen	2.91	123
unvorstellbare	2.91	123
script	2.91	123
entweiht	2.91	123
highland	2.91	123
preisgegeben	2.91	123
schüren	2.91	123
mittelschule	2.91	123
galahad	2.91	123
gleitmittel	2.91	123
milchkaffee	2.91	123
schönstes	2.91	123
sicherheitscode	2.91	123
motorboot	2.91	123
sophies	2.91	123
hundchen	2.91	123
miserabler	2.91	123
kurzform	2.91	123
hinkriege	2.91	123
banzai	2.91	123
negro	2.91	123
country-musik	2.91	123
einsatzfähig	2.91	123
vodka	2.91	123
geistesgestört	2.91	123
ehrenmedaille	2.91	123
shinjuku	2.91	123
bedeutsam	2.91	123
tre	2.91	123
bewusstseins	2.91	123
mesdames	2.91	123
sportlehrer	2.91	123
horowitz	2.91	123
déjà-vu	2.91	123
innenhof	2.91	123
hohlkopf	2.91	123
erschrecke	2.91	123
soliden	2.91	123
kennwort	2.91	123
farbiger	2.91	123
asiate	2.91	123
flamingo	2.91	123
crescent	2.91	123
ansagen	2.91	123
unbarmherzig	2.91	123
verhindere	2.91	123
reichten	2.91	123
bajonett	2.91	123
gogol	2.91	123
tien	2.91	123
ando	2.91	123
kroatien	2.91	123
gulliver	2.91	123
whipple	2.91	123
kommunikationssystem	2.91	123
züchtet	2.91	123
sprengladung	2.91	123
peinliches	2.91	123
segelte	2.91	123
bratpfanne	2.91	123
fluffy	2.91	123
ankara	2.91	123
hondo	2.91	123
levin	2.91	123
abziehst	2.91	123
separate	2.91	123
chien	2.91	123
werbeagentur	2.91	123
schlagstock	2.91	123
messala	2.91	123
reinholen	2.91	123
walzermusik	2.91	123
entwickelst	2.91	123
blutflecken	2.91	123
drag	2.91	123
kahless	2.91	123
herausnehmen	2.91	123
durchhält	2.91	123
durchbricht	2.91	123
zerbreche	2.91	123
anfechten	2.91	123
sanktionen	2.91	123
bebt	2.91	123
gegenstück	2.91	123
parma	2.91	123
hackst	2.91	123
separat	2.91	123
benz	2.91	123
registrierung	2.91	123
paletti	2.91	123
qualvollen	2.91	123
chappelle	2.91	123
adeline	2.91	123
schlüpft	2.91	123
westentasche	2.91	123
flippst	2.91	123
nyssa	2.91	123
nexus	2.91	123
umlegt	2.91	123
gestehst	2.91	123
milchmann	2.91	123
voicemail	2.91	123
tanzschule	2.91	123
befördere	2.91	123
rumgeschnüffelt	2.91	123
neuestes	2.91	123
groove	2.91	123
jugoslawien	2.91	123
leckerer	2.91	123
veränderst	2.91	123
herrsche	2.91	123
überhört	2.91	123
understand	2.91	123
mistakes	2.91	123
zhou	2.91	123
message	2.91	123
hockst	2.91	123
berichts	2.91	123
paule	2.91	123
tropen	2.91	123
verbiegen	2.91	123
achtgeben	2.91	123
britannia	2.91	123
uralter	2.91	123
olly	2.91	123
boleyn	2.91	123
reputation	2.91	123
oas	2.91	123
sümbül	2.91	123
byers	2.91	122
bieter	2.91	122
vielseitig	2.91	122
meghan	2.91	122
bundes	2.91	122
geradeheraus	2.91	122
besteigt	2.91	122
pflegemutter	2.91	122
umarmst	2.91	122
auszupacken	2.91	122
vergriffen	2.91	122
grafik	2.91	122
bluffe	2.91	122
resonanz	2.91	122
camus	2.91	122
repertoire	2.91	122
kund	2.91	122
anlügt	2.91	122
damaja	2.91	122
baudelaires	2.91	122
öffentlichkeitsarbeit	2.91	122
tropische	2.91	122
grundwasser	2.91	122
cologne	2.91	122
unterzeichnete	2.91	122
niagara	2.91	122
verkleinern	2.91	122
einsatzteam	2.91	122
engagiere	2.91	122
befreier	2.91	122
means	2.91	122
diktat	2.91	122
40ern	2.91	122
kartoffelchips	2.91	122
hakt	2.91	122
reflektieren	2.91	122
gym	2.91	122
sil	2.91	122
zerfall	2.91	122
shut	2.91	122
nachlässigkeit	2.91	122
nachbesprechung	2.91	122
pädophiler	2.91	122
striker	2.91	122
schänden	2.91	122
suff	2.91	122
searching	2.91	122
mose	2.91	122
erröten	2.91	122
beschimpfungen	2.91	122
nitroglyzerin	2.91	122
vorgedrungen	2.91	122
eingebildete	2.91	122
kensington	2.91	122
amazonen	2.91	122
chicagoer	2.91	122
lymphknoten	2.91	122
beschlag	2.91	122
rasgotra	2.91	122
kraken	2.91	122
heilende	2.91	122
serenas	2.91	122
camps	2.91	122
remus	2.91	122
pedrosa	2.91	122
verlässliche	2.91	122
gefängniswärter	2.91	122
wüstling	2.91	122
thorax	2.91	122
ivanova	2.91	122
flügelmann	2.91	122
beilage	2.91	122
verpfeift	2.91	122
romulanischen	2.91	122
sari	2.91	122
maiskolben	2.91	122
freiheitskämpfer	2.91	122
mittelfinger	2.91	122
muli	2.91	122
eheprobleme	2.91	122
wasserversorgung	2.91	122
anzuführen	2.91	122
geflügel	2.91	122
viertens	2.91	122
nachwirkungen	2.91	122
gesegnete	2.91	122
kommerziellen	2.91	122
ehrwürden	2.91	122
observiert	2.91	122
fischt	2.91	122
franziska	2.91	122
debatten	2.91	122
jab	2.91	122
desperate	2.91	122
horden	2.91	122
korrekten	2.91	122
suchmeldung	2.91	122
tannen	2.91	122
pauli	2.91	122
yuma	2.91	122
ungläubiger	2.91	122
entgegentreten	2.91	122
terroristischen	2.91	122
ranmachen	2.91	122
unethisch	2.91	122
abgerutscht	2.91	122
inez	2.91	122
verachtest	2.91	122
geklauten	2.91	122
bizarren	2.91	122
leichenhaus	2.91	122
anvisieren	2.91	122
aram	2.91	122
anzeigt	2.91	122
bauchspeicheldrüse	2.91	122
tae-soo	2.91	122
computersystem	2.91	122
eichmann	2.91	122
toilettenspülung	2.91	122
requisite	2.91	122
errol	2.91	122
noriko	2.91	122
weed	2.91	122
haarigen	2.91	122
familienbesitz	2.91	122
einlasse	2.91	122
wittert	2.91	122
mitarbeiten	2.91	122
lateinamerika	2.91	122
labrador	2.91	122
luken	2.91	122
anmalen	2.91	122
romanen	2.91	122
pächter	2.91	122
lebenslangen	2.91	122
glynn	2.91	122
pokerface	2.91	122
associates	2.91	122
beschlagen	2.91	122
feuerwaffen	2.91	122
zwangsarbeit	2.91	122
kassen	2.91	122
runterladen	2.91	122
heidnischen	2.91	122
telefons	2.91	122
preises	2.91	122
einmaligen	2.91	122
maze	2.91	122
burgunder	2.91	122
ekelst	2.91	122
verkehrte	2.91	122
midtown	2.91	122
gestunken	2.91	122
trennungen	2.91	122
ausrichtung	2.91	122
bijou	2.91	122
nn1	2.91	122
antennen	2.91	122
verdeutlichen	2.91	122
unis	2.91	122
knuddeln	2.91	122
stefans	2.91	122
zensiert	2.91	122
bearbeitung	2.91	122
kaya	2.91	122
poren	2.91	122
bluterguss	2.91	122
memos	2.91	122
rumkriegen	2.91	122
stroud	2.91	122
plazenta	2.91	122
erlernt	2.91	122
woraufhin	2.91	122
used	2.91	122
waden	2.91	122
erstelle	2.91	122
truth	2.91	122
yamamoto	2.91	122
flüssige	2.91	122
vaterschaftstest	2.91	122
touristin	2.91	122
lynchen	2.91	122
durchmachte	2.91	122
restliches	2.91	122
geburtstagskuchen	2.91	122
spinnweben	2.91	122
vampirblut	2.91	122
lennie	2.91	122
nikotin	2.91	122
hirngespinste	2.91	122
helsinki	2.91	122
drangehen	2.90	121
syracuse	2.90	121
ruhestätte	2.90	121
chadwick	2.90	121
aufgemischt	2.90	121
weggeschnappt	2.90	121
zurückgenommen	2.90	121
fliehst	2.90	121
elli	2.90	121
rausgefahren	2.90	121
individualität	2.90	121
wiedersehn	2.90	121
verheilen	2.90	121
navigationssystem	2.90	121
gebeine	2.90	121
augenzeugin	2.90	121
diosa	2.90	121
ausradieren	2.90	121
bösartiger	2.90	121
behaart	2.90	121
studentenwohnheim	2.90	121
fredericks	2.90	121
zyklen	2.90	121
hodscha	2.90	121
zusammenzustellen	2.90	121
fatale	2.90	121
kunsthändler	2.90	121
schwachsinnige	2.90	121
limousinen	2.90	121
vasa	2.90	121
sämtlicher	2.90	121
haarspray	2.90	121
yup	2.90	121
druide	2.90	121
beleuchten	2.90	121
jamison	2.90	121
stillstehen	2.90	121
madagaskar	2.90	121
kunststücke	2.90	121
ablegt	2.90	121
flaherty	2.90	121
verkündete	2.90	121
vorionen	2.90	121
strohmann	2.90	121
konstruieren	2.90	121
mittelweg	2.90	121
seinfeld	2.90	121
verwegen	2.90	121
einsatzleitung	2.90	121
unentschuldbar	2.90	121
sigurd	2.90	121
ausgespannt	2.90	121
gesellig	2.90	121
femme	2.90	121
rechtens	2.90	121
flanagan	2.90	121
leonie	2.90	121
angeregt	2.90	121
specht	2.90	121
mindestlohn	2.90	121
bewölkt	2.90	121
schniefen	2.90	121
stepan	2.90	121
supervisor	2.90	121
beweislage	2.90	121
kathrin	2.90	121
laborbericht	2.90	121
aiko	2.90	121
ood	2.90	121
cenk	2.90	121
hetze	2.90	121
häuslichen	2.90	121
manno	2.90	121
fantasy	2.90	121
tolstoi	2.90	121
schlürft	2.90	121
abfälle	2.90	121
weltklasse	2.90	121
rachsüchtig	2.90	121
faulkner	2.90	121
masturbation	2.90	121
sperrten	2.90	121
gefolgschaft	2.90	121
years	2.90	121
odyssee	2.90	121
colonels	2.90	121
ungesetzlich	2.90	121
ehrwürdigen	2.90	121
hinzukommen	2.90	121
palästinenser	2.90	121
anschneiden	2.90	121
diesseits	2.90	121
vorwürfen	2.90	121
hanzo	2.90	121
japanerin	2.90	121
übersehe	2.90	121
popel	2.90	121
millicent	2.90	121
hinterrücks	2.90	121
veranlasse	2.90	121
echtzeit	2.90	121
kajüte	2.90	121
fesselnd	2.90	121
jüdisches	2.90	121
bleichen	2.90	121
sapiens	2.90	121
words	2.90	121
trois	2.90	121
hergeflogen	2.90	121
1-mal	2.90	121
eurotape	2.90	121
angstzustände	2.90	121
eiszapfen	2.90	121
gibbler	2.90	121
feinfühlig	2.90	121
sybille	2.90	121
cum	2.90	121
videoband	2.90	121
bieber	2.90	121
investments	2.90	121
grössten	2.90	121
wuerde	2.90	121
verlogenes	2.90	121
begehrte	2.90	121
vortrefflich	2.90	121
pilotin	2.90	121
hergerufen	2.90	121
volldampf	2.90	121
emerald	2.90	121
tentakel	2.90	121
hauptsitz	2.90	121
faszinierenden	2.90	121
mäßig	2.90	121
mafiosi	2.90	121
verkaufszahlen	2.90	121
hinfallen	2.90	121
rasierklingen	2.90	121
gestohlener	2.90	121
beziehe	2.90	121
niederzulassen	2.90	121
selbstmordgefährdet	2.90	121
italienern	2.90	121
geschult	2.90	121
para	2.90	121
soja	2.90	121
tankwart	2.90	121
hen	2.90	121
chibs	2.90	121
verblödet	2.90	121
klangen	2.90	121
tears	2.90	121
ravens	2.90	121
bogenschießen	2.90	121
saum	2.90	121
ausquetschen	2.90	121
prius	2.90	121
psychotisch	2.90	121
bereichert	2.90	121
komplexes	2.90	121
wahnvorstellung	2.90	121
nacho	2.90	121
scpd	2.90	121
bitterman	2.90	121
notice	2.90	121
mägen	2.90	121
input	2.90	121
versprechend	2.90	121
gatter	2.90	121
giftgas	2.90	121
transe	2.90	121
frommer	2.90	121
sturheit	2.90	121
wahlrecht	2.90	121
auftritten	2.90	121
projiziert	2.90	121
fleh	2.90	121
erbstück	2.90	121
köstliches	2.90	121
griswold	2.90	121
nutzloses	2.90	121
laufender	2.90	121
mitzugehen	2.90	121
guacamole	2.90	121
anstößig	2.90	121
verbal	2.90	121
colonial	2.90	121
hester-sue	2.90	121
hologramme	2.90	121
extrahieren	2.90	121
waffengewalt	2.90	121
krämer	2.90	121
bergbau	2.90	121
ballantine	2.90	120
militärbasis	2.90	120
türöffner	2.90	120
mutationen	2.90	120
wiederzuerkennen	2.90	120
zuverlässigen	2.90	120
seppel	2.90	120
erkundung	2.90	120
stattlich	2.90	120
kommunikator	2.90	120
filialleiter	2.90	120
kiko	2.90	120
lobotomie	2.90	120
hao	2.90	120
abgekartetes	2.90	120
yip	2.90	120
blutbank	2.90	120
antue	2.90	120
erschießungskommando	2.90	120
ausgiebig	2.90	120
rausschicken	2.90	120
kalzium	2.90	120
autorennen	2.90	120
mordanschlag	2.90	120
geschehene	2.90	120
enzyme	2.90	120
damalige	2.90	120
sohlen	2.90	120
baujahr	2.90	120
moz	2.90	120
artikeln	2.90	120
uhrzeigersinn	2.90	120
minderwertig	2.90	120
byrne	2.90	120
regelmäßigen	2.90	120
verstreuen	2.90	120
tacker	2.90	120
hämatom	2.90	120
virgin	2.90	120
exzellenten	2.90	120
ermüdet	2.90	120
hinfährst	2.90	120
nassar	2.90	120
rauchmelder	2.90	120
dünen	2.90	120
fehle	2.90	120
heimgekehrt	2.90	120
niedlicher	2.90	120
jährigen	2.90	120
gebackene	2.90	120
zielstrebig	2.90	120
daves	2.90	120
entspringt	2.90	120
fertigstellen	2.90	120
schenkeln	2.90	120
weggeschafft	2.90	120
fahrers	2.90	120
sportart	2.90	120
unerheblich	2.90	120
weltgeschichte	2.90	120
seamus	2.90	120
befolgst	2.90	120
paulson	2.90	120
zielgruppe	2.90	120
abbezahlen	2.90	120
halsschmerzen	2.90	120
kronprinzen	2.90	120
boynton	2.90	120
weinerlich	2.90	120
barons	2.90	120
düsterer	2.90	120
chiana	2.90	120
s01e02	2.90	120
mi5	2.90	120
schlittschuhe	2.90	120
grogan	2.90	120
abschnitte	2.90	120
avocado	2.90	120
rechtsanwälte	2.90	120
weathers	2.90	120
voldemort	2.90	120
delphin	2.90	120
ausweiten	2.90	120
schlichen	2.90	120
abtreibungen	2.90	120
doyles	2.90	120
eingeschnappt	2.90	120
flüssigen	2.90	120
jenn	2.90	120
auffallend	2.90	120
schuftet	2.90	120
netterweise	2.90	120
vorahnungen	2.90	120
breaker	2.90	120
isaacs	2.90	120
bezirke	2.90	120
schlepp	2.90	120
prozessor	2.90	120
patris	2.90	120
dazugelernt	2.90	120
download	2.90	120
gitarrist	2.90	120
starrten	2.90	120
musikerin	2.90	120
stéphanie	2.90	120
schädels	2.90	120
sterbeurkunde	2.90	120
tragisches	2.90	120
patente	2.90	120
daseins	2.90	120
mayor	2.90	120
groovy	2.90	120
kannibale	2.90	120
dunne	2.90	120
fön	2.90	120
räumte	2.90	120
aktivisten	2.90	120
notlandung	2.90	120
modernste	2.90	120
gehirnzellen	2.90	120
dating	2.90	120
geschickte	2.90	120
vergießt	2.90	120
alors	2.90	120
psalm	2.90	120
kamillentee	2.90	120
alia	2.90	120
verheißt	2.90	120
breeze	2.90	120
ausscheiden	2.90	120
unerklärlich	2.90	120
schnüffelst	2.90	120
rangemacht	2.90	120
yokohama	2.90	120
verbandskasten	2.90	120
ausländern	2.90	120
glover	2.90	120
sphären	2.90	120
macpherson	2.90	120
hereinkommt	2.90	120
überzeug	2.90	120
lenkte	2.90	120
rising	2.90	120
misstraut	2.90	120
kanälen	2.90	120
abgrundtief	2.90	120
erblich	2.90	120
umstritten	2.90	120
pulverfass	2.90	120
heißhunger	2.90	120
helfende	2.90	120
auffiel	2.90	120
delikat	2.90	120
woodbury	2.90	120
gebrauchten	2.90	120
sway	2.90	120
stürmten	2.90	120
publikums	2.90	120
unterzeichnung	2.90	120
verabschiedung	2.90	120
zyanid	2.90	120
einleuchtend	2.90	120
spater	2.90	120
meat	2.90	120
bosses	2.90	120
maulesel	2.90	120
fussball	2.90	120
debattieren	2.90	120
überlegene	2.90	120
eat	2.90	120
gasleitung	2.90	120
hilly	2.90	120
sisters	2.90	120
flag	2.90	120
ungenießbar	2.90	120
amphetamine	2.89	119
fantasiert	2.89	119
feet	2.89	119
spuken	2.89	119
sheryl	2.89	119
scheißjob	2.89	119
hinzuweisen	2.89	119
barbados	2.89	119
fortpflanzen	2.89	119
bengt	2.89	119
trommelt	2.89	119
zusah	2.89	119
stadtgrenze	2.89	119
miezen	2.89	119
schlafwandeln	2.89	119
verschiebung	2.89	119
mordfällen	2.89	119
ausmaßes	2.89	119
rettungsschwimmer	2.89	119
gekifft	2.89	119
hervorragendes	2.89	119
bratwurst	2.89	119
prozente	2.89	119
roark	2.89	119
vorzuführen	2.89	119
wohlgemerkt	2.89	119
warmherzig	2.89	119
weisheiten	2.89	119
tollpatschig	2.89	119
blanc	2.89	119
emery	2.89	119
urgh	2.89	119
studienjahr	2.89	119
friseursalon	2.89	119
verschlucken	2.89	119
gator	2.89	119
vorderster	2.89	119
fixe	2.89	119
cheddar	2.89	119
lotta	2.89	119
schimpfwort	2.89	119
tromaville	2.89	119
konzipiert	2.89	119
schriller	2.89	119
gedeck	2.89	119
pornostar	2.89	119
alleinstehend	2.89	119
nationalpark	2.89	119
acid	2.89	119
demos	2.89	119
leekie	2.89	119
niedrigsten	2.89	119
abzureisen	2.89	119
aufspießen	2.89	119
eintreiben	2.89	119
mayas	2.89	119
unmittelbarer	2.89	119
widerstandskämpfer	2.89	119
vorsätzlicher	2.89	119
corwin	2.89	119
malerin	2.89	119
vulkane	2.89	119
übergib	2.89	119
yogi	2.89	119
murmel	2.89	119
rhea	2.89	119
mäh	2.89	119
leibwache	2.89	119
abschminken	2.89	119
wütendes	2.89	119
knowles	2.89	119
drauflos	2.89	119
cream	2.89	119
mütterlicherseits	2.89	119
herbekommen	2.89	119
orks	2.89	119
abgeneigt	2.89	119
danger	2.89	119
frog	2.89	119
aufgetan	2.89	119
ismail	2.89	119
hinkt	2.89	119
hänschen	2.89	119
nachahmer	2.89	119
besuches	2.89	119
durchzieht	2.89	119
belastend	2.89	119
woodhull	2.89	119
saroyan	2.89	119
heia	2.89	119
zärtliche	2.89	119
brauchbare	2.89	119
schlüssig	2.89	119
beugte	2.89	119
kicker	2.89	119
beschiss	2.89	119
produkten	2.89	119
deinesgleichen	2.89	119
schnorrer	2.89	119
herumgeführt	2.89	119
giuliano	2.89	119
besoffenen	2.89	119
eifersüchtigen	2.89	119
föhn	2.89	119
nordwest	2.89	119
mammut	2.89	119
schwertkampf	2.89	119
allgemeiner	2.89	119
gregorio	2.89	119
verwirklicht	2.89	119
waffensystem	2.89	119
bücherwurm	2.89	119
spieglein	2.89	119
wechselten	2.89	119
rausreden	2.89	119
aufgetischt	2.89	119
rausgehe	2.89	119
charmaine	2.89	119
freikommen	2.89	119
zertrampelt	2.89	119
zieren	2.89	119
totgeschlagen	2.89	119
anguckt	2.89	119
eintrat	2.89	119
anführt	2.89	119
zimmergenossin	2.89	119
hinauswollen	2.89	119
reingeplatzt	2.89	119
pain	2.89	119
britisches	2.89	119
verschlechtern	2.89	119
satterfield	2.89	119
abaddon	2.89	119
erbittet	2.89	119
tauri	2.89	119
höllischen	2.89	119
massiver	2.89	119
vergessenen	2.89	119
seward	2.89	119
schonend	2.89	119
erzeugte	2.89	119
rie	2.89	119
wiederzubekommen	2.89	119
arschficker	2.89	119
durchschuss	2.89	119
desinfektionsmittel	2.89	119
sumner	2.89	119
aale	2.89	119
premierministerin	2.89	119
bällen	2.89	119
dit	2.89	119
cleveren	2.89	119
absprachen	2.89	119
diagnostizieren	2.89	119
rockband	2.89	119
telepathisch	2.89	119
kühnen	2.89	119
flüstere	2.89	119
abzuschießen	2.89	119
hartmann	2.89	119
schoßhündchen	2.89	119
begrabe	2.89	119
topeka	2.89	119
k-a-k	2.89	119
duluth	2.89	119
staatsfeind	2.89	119
übermacht	2.89	119
erstgeborene	2.89	119
physischer	2.89	119
daly	2.89	119
bösem	2.89	119
ermüden	2.89	119
mutterleib	2.89	119
bossen	2.89	119
kasinos	2.89	119
cayman	2.89	119
zusammengefasst	2.89	119
gewiß	2.89	119
reiko	2.89	119
waschküche	2.89	119
beamer	2.89	119
fadenkreuz	2.89	119
mietet	2.89	119
balsam	2.89	119
urinprobe	2.89	119
mala	2.89	119
schweigens	2.89	118
kernschmelze	2.89	118
aufbrausend	2.89	118
dankst	2.89	118
drauben	2.89	118
came	2.89	118
überreagieren	2.89	118
kreator	2.89	118
eingefahren	2.89	118
merlot	2.89	118
skorpione	2.89	118
mittelstufe	2.89	118
lumpi	2.89	118
schockierende	2.89	118
enthauptung	2.89	118
ölung	2.89	118
vertigo	2.89	118
lexa	2.89	118
antreiben	2.89	118
verblute	2.89	118
auffliegt	2.89	118
abstürzt	2.89	118
investierte	2.89	118
9mm	2.89	118
suis	2.89	118
une	2.89	118
seefahrer	2.89	118
armdrücken	2.89	118
verschaff	2.89	118
kiemen	2.89	118
feuergefecht	2.89	118
größenordnung	2.89	118
psi	2.89	118
bewegungsmelder	2.89	118
storniert	2.89	118
italiens	2.89	118
idealist	2.89	118
druckt	2.89	118
erotischen	2.89	118
austoben	2.89	118
teufeln	2.89	118
börsengang	2.89	118
genehm	2.89	118
chaka	2.89	118
göttliches	2.89	118
geflüster	2.89	118
pechvogel	2.89	118
makoto	2.89	118
respektierte	2.89	118
muller	2.89	118
tropischen	2.89	118
schneeball	2.89	118
gesuchter	2.89	118
mausi	2.89	118
meatball	2.89	118
randvoll	2.89	118
wachtel	2.89	118
überhören	2.89	118
cemal	2.89	118
einvernehmlich	2.89	118
morel	2.89	118
abmachungen	2.89	118
professionalität	2.89	118
sauger	2.89	118
erhellen	2.89	118
sultans	2.89	118
rückblickend	2.89	118
vorbeiziehen	2.89	118
vos	2.89	118
shang	2.89	118
vervollständigen	2.89	118
moechte	2.89	118
rollenspiele	2.89	118
vergleichst	2.89	118
fließband	2.89	118
lichtstrahl	2.89	118
gallien	2.89	118
umfassend	2.89	118
noahs	2.89	118
entfaltet	2.89	118
wichse	2.89	118
hee	2.89	118
ichi	2.89	118
flitzen	2.89	118
smoothie	2.89	118
schlepptau	2.89	118
ölwechsel	2.89	118
monarchen	2.89	118
einzupacken	2.89	118
abzustellen	2.89	118
weihnachtskarte	2.89	118
ziegenbock	2.89	118
entwaffnen	2.89	118
rattenfänger	2.89	118
kurzzeitig	2.89	118
einkünfte	2.89	118
iosava	2.89	118
landing	2.89	118
wildkatze	2.89	118
abschiede	2.89	118
geschwüre	2.89	118
operiere	2.89	118
smiths	2.89	118
unannehmlichkeit	2.89	118
gemeindezentrum	2.89	118
humanoiden	2.89	118
tricky	2.89	118
sahib	2.89	118
anrührt	2.89	118
gespeist	2.89	118
bewußt	2.89	118
vollgekotzt	2.89	118
saukomisch	2.89	118
nasses	2.89	118
safes	2.89	118
finney	2.89	118
kurzgeschichten	2.89	118
gucci	2.89	118
diadem	2.89	118
ablehnst	2.89	118
abzudecken	2.89	118
mähne	2.89	118
marshak	2.89	118
sterilisiert	2.89	118
deckmantel	2.89	118
beizustehen	2.89	118
hürden	2.89	118
gibs	2.89	118
tiefsinnig	2.89	118
synchronisiert	2.89	118
rausgeschlichen	2.89	118
rats	2.89	118
eismann	2.89	118
afroamerikaner	2.89	118
secretary	2.89	118
wilgul	2.89	118
klosters	2.89	118
naoki	2.89	118
liebenswerter	2.89	118
erlag	2.89	118
wärm	2.89	118
barr	2.89	118
standet	2.89	118
zugeständnisse	2.89	118
nachvollziehbar	2.89	118
verschönern	2.89	118
lautsprechern	2.89	118
vollpfosten	2.89	118
nami	2.89	118
hearts	2.89	118
evas	2.89	118
verschiedensten	2.89	118
dice	2.89	118
zünd	2.89	118
untertassen	2.89	118
fraßen	2.89	118
sexualstraftäter	2.89	118
gräuel	2.89	118
mccartney	2.89	118
schotter	2.89	118
geschimpft	2.89	118
laure	2.89	118
gehässig	2.89	118
schwalbe	2.89	118
besitzergreifend	2.89	118
hinfällig	2.89	118
zurückzuschlagen	2.89	118
sonntagsschule	2.89	118
herausziehen	2.89	118
filmmusik	2.89	118
fresh	2.89	118
einigten	2.89	118
peeta	2.89	118
astoria	2.89	118
saudi-arabien	2.89	118
hegte	2.89	118
fiepen	2.89	118
überfällen	2.89	118
nachbildung	2.89	118
perfektioniert	2.89	118
terrace	2.89	118
schussverletzung	2.89	118
mutmaßliche	2.89	118
aktuelles	2.89	118
feierlichen	2.89	118
erteilte	2.89	118
körperliches	2.89	118
gewahrt	2.89	118
gescheiterte	2.89	118
versagten	2.89	117
hinbringt	2.89	117
zusammengebaut	2.89	117
eigenständig	2.89	117
kaffeehaus	2.89	117
wandlung	2.89	117
episoden	2.89	117
außenstehende	2.89	117
vormundschaft	2.89	117
einschusslöcher	2.89	117
begegnest	2.89	117
dienlich	2.89	117
raushelfen	2.89	117
erhabenen	2.89	117
außenstehenden	2.89	117
weiterhilft	2.89	117
eriksen	2.89	117
ri	2.89	117
shaws	2.89	117
follower	2.89	117
mittlerer	2.89	117
männersache	2.89	117
wallung	2.89	117
repräsentant	2.89	117
gerty	2.89	117
cleary	2.89	117
verschlüsselten	2.89	117
aufspielen	2.89	117
verräters	2.89	117
nester	2.89	117
istjetzt	2.89	117
kontinuum	2.89	117
georgette	2.89	117
durand	2.89	117
unnahbar	2.89	117
kränker	2.89	117
agamemnon	2.89	117
atmosphärische	2.89	117
ziert	2.89	117
faulenzer	2.89	117
geschneit	2.89	117
geschäftswelt	2.89	117
kiel	2.89	117
leavenworth	2.89	117
sandsack	2.89	117
miracle	2.89	117
taktischer	2.89	117
fress	2.89	117
mausefalle	2.89	117
maester	2.89	117
baja	2.89	117
sadako	2.89	117
leckereien	2.89	117
formelle	2.89	117
spieldose	2.89	117
elektromagnetischen	2.89	117
kurzschließen	2.89	117
co2	2.89	117
manion	2.89	117
lustigste	2.89	117
fertigstellung	2.89	117
versüßen	2.89	117
erwerb	2.89	117
mätzchen	2.89	117
breites	2.89	117
ruderboot	2.89	117
brems	2.89	117
gemogelt	2.89	117
ausgingen	2.89	117
gesundheitszustand	2.89	117
lohnerhöhung	2.89	117
zögerte	2.89	117
gefegt	2.89	117
kippte	2.89	117
grabstätte	2.89	117
finanzieller	2.89	117
aufopferung	2.89	117
chesapeake-ripper	2.89	117
gelangten	2.89	117
originelle	2.89	117
ungestüm	2.89	117
deanie	2.89	117
sprunghaft	2.89	117
sancti	2.89	117
festlich	2.89	117
sixpack	2.89	117
mancini	2.89	117
kenya	2.89	117
wölfin	2.89	117
briefpapier	2.89	117
atropin	2.89	117
künstlername	2.89	117
heimisch	2.89	117
agathe	2.89	117
brüllst	2.89	117
called	2.89	117
wertes	2.89	117
hauptziel	2.89	117
vatikans	2.89	117
zugeordnet	2.89	117
gutierrez	2.89	117
kühne	2.89	117
gehüllt	2.89	117
heathrow	2.89	117
idiotischer	2.89	117
schlachtplan	2.89	117
hebräer	2.89	117
territorien	2.89	117
einzelfall	2.89	117
genua	2.89	117
möchtegern	2.89	117
unterseite	2.89	117
negromanus	2.89	117
gierigen	2.89	117
ehegelübde	2.89	117
dogen	2.89	117
dreistigkeit	2.89	117
porträts	2.89	117
rostigen	2.89	117
lackiert	2.89	117
angebrannt	2.89	117
ausschlaggebend	2.89	117
buscapé	2.89	117
ausgebe	2.89	117
osgood	2.89	117
aufhielt	2.89	117
isle	2.89	117
mitmischen	2.89	117
motiven	2.89	117
aktualisiert	2.89	117
ramsay	2.89	117
fragerei	2.89	117
kochkünste	2.89	117
christlicher	2.89	117
abgebe	2.89	117
anschleichen	2.89	117
eiswagen	2.89	117
fünfundzwanzig	2.89	117
tallahassee	2.89	117
railly	2.89	117
pacquiao	2.89	117
handgreiflich	2.89	117
zurückgehst	2.89	117
southampton	2.89	117
drastische	2.89	117
verrichtet	2.89	117
return	2.89	117
ausgrabungen	2.89	117
alfa	2.89	117
cristo	2.89	117
pfandleiher	2.89	117
aleikum	2.89	117
geklont	2.89	117
lips	2.89	117
durham	2.89	117
elm	2.89	117
spülmaschine	2.88	116
durchchecken	2.88	116
lüftung	2.88	116
frevel	2.88	116
corleone	2.88	116
kanalisieren	2.88	116
farley	2.88	116
schlagloch	2.88	116
thefaceofboe	2.88	116
mays	2.88	116
dna-probe	2.88	116
gebietet	2.88	116
transporte	2.88	116
maulkorb	2.88	116
bankschließfach	2.88	116
angelika	2.88	116
tiefster	2.88	116
testete	2.88	116
ramadan	2.88	116
eastside	2.88	116
sirena	2.88	116
egozentrisch	2.88	116
adlon	2.88	116
geborgenheit	2.88	116
toulon	2.88	116
mordechai	2.88	116
leiblicher	2.88	116
fifi	2.88	116
aussucht	2.88	116
heard	2.88	116
nuttig	2.88	116
wegs	2.88	116
soft	2.88	116
personalakten	2.88	116
vorhalten	2.88	116
rammer	2.88	116
stalken	2.88	116
bewilligen	2.88	116
mittäter	2.88	116
anfühlte	2.88	116
spontanen	2.88	116
graces	2.88	116
merrin	2.88	116
antiquitätenhändler	2.88	116
profitabel	2.88	116
midway	2.88	116
reliquie	2.88	116
ausgab	2.88	116
flagranti	2.88	116
corso	2.88	116
alexanders	2.88	116
befällt	2.88	116
montoya	2.88	116
verlauten	2.88	116
niedere	2.88	116
mayflower	2.88	116
feurig	2.88	116
walkman	2.88	116
rancher	2.88	116
hitzig	2.88	116
heiterkeit	2.88	116
leichtesten	2.88	116
erhole	2.88	116
tano	2.88	116
tati	2.88	116
dürftig	2.88	116
follow	2.88	116
geldtransporter	2.88	116
unbewacht	2.88	116
tellerwäscher	2.88	116
antibiotikum	2.88	116
dienerschaft	2.88	116
überweise	2.88	116
südlicher	2.88	116
westlicher	2.88	116
dung	2.88	116
häufen	2.88	116
materielle	2.88	116
langston	2.88	116
lombardo	2.88	116
sportarten	2.88	116
vertrittst	2.88	116
ariadne	2.88	116
squash	2.88	116
genehmige	2.88	116
kaputtgegangen	2.88	116
weggeschlossen	2.88	116
filii	2.88	116
handtaschen	2.88	116
radiosprecher	2.88	116
gemütliches	2.88	116
ausplaudern	2.88	116
untersten	2.88	116
ehrenhaften	2.88	116
cabal	2.88	116
nierenversagen	2.88	116
westside	2.88	116
fürchterliches	2.88	116
verängstigen	2.88	116
ists	2.88	116
kinsella	2.88	116
höherem	2.88	116
abschaffung	2.88	116
ständchen	2.88	116
spottet	2.88	116
saudi	2.88	116
barone	2.88	116
schocken	2.88	116
mutprobe	2.88	116
gags	2.88	116
unglaublichste	2.88	116
maschinendeck	2.88	116
ausgelaufen	2.88	116
marisol	2.88	116
vertrocknet	2.88	116
sigrid	2.88	116
evening	2.88	116
eröffneten	2.88	116
theologie	2.88	116
tönt	2.88	116
achja	2.88	116
neurologen	2.88	116
obdach	2.88	116
kniete	2.88	116
ansteckende	2.88	116
wenngleich	2.88	116
couscous	2.88	116
eskalieren	2.88	116
inning	2.88	116
irritierend	2.88	116
langford	2.88	116
napoleons	2.88	116
haßt	2.88	116
whites	2.88	116
kringle	2.88	116
quid	2.88	116
vorliest	2.88	116
nervenbündel	2.88	116
ulli	2.88	116
gekapert	2.88	116
aufrichtigen	2.88	116
stücks	2.88	116
ansturm	2.88	116
mund-zu-mund-beatmung	2.88	116
duras	2.88	116
bebe	2.88	116
familiären	2.88	116
zurückweisen	2.88	116
rätst	2.88	116
beschreib	2.88	116
rückte	2.88	116
gerümpel	2.88	116
plato	2.88	116
large	2.88	116
bildes	2.88	116
rowland	2.88	116
sy	2.88	116
heiratsurkunde	2.88	116
pestizide	2.88	116
astaire	2.88	116
hässlichkeit	2.88	116
nichl	2.88	116
coy	2.88	116
verlagert	2.88	116
mysteriöses	2.88	116
beträge	2.88	116
zwecks	2.88	116
übernachtest	2.88	116
hyatt	2.88	116
hornochse	2.88	116
nächtelang	2.88	116
neuzugang	2.88	116
faisal	2.88	116
manipulativ	2.88	116
wichtigster	2.88	116
p.d.	2.88	116
entzückenden	2.88	116
annehmbar	2.88	116
gesegelt	2.88	116
brillenschlange	2.88	116
staatsstreich	2.88	116
abgewaschen	2.88	116
geladenen	2.88	116
saras	2.88	116
michima	2.88	116
mauser	2.88	116
lebensinhalt	2.88	115
nachgestellt	2.88	115
guckte	2.88	115
spectator	2.88	115
hines	2.88	115
khasinau	2.88	115
gehörig	2.88	115
aphrodisiakum	2.88	115
brauchbar	2.88	115
zobelle	2.88	115
delikate	2.88	115
schubste	2.88	115
geschnarcht	2.88	115
rudels	2.88	115
abzulassen	2.88	115
eugen	2.88	115
totenkopf	2.88	115
pinkle	2.88	115
krankenakten	2.88	115
goldfische	2.88	115
fuji	2.88	115
warpgeschwindigkeit	2.88	115
geradebiegen	2.88	115
strömungen	2.88	115
vorangehen	2.88	115
bog	2.88	115
zerschossen	2.88	115
funktionstüchtig	2.88	115
tatjana	2.88	115
diskutierten	2.88	115
geschwärmt	2.88	115
gegnerische	2.88	115
gesponsert	2.88	115
ptbs	2.88	115
sébastien	2.88	115
standish	2.88	115
beherrschte	2.88	115
vektor	2.88	115
indisches	2.88	115
rausfand	2.88	115
leidens	2.88	115
gru	2.88	115
kindischen	2.88	115
prairie	2.88	115
ihrerseits	2.88	115
indisch	2.88	115
übernatürlich	2.88	115
soziopathen	2.88	115
brigadier	2.88	115
zhen	2.88	115
fotoalbum	2.88	115
trainingslager	2.88	115
einäugige	2.88	115
tunten	2.88	115
filzen	2.88	115
luftschacht	2.88	115
gleichberechtigt	2.88	115
überdauern	2.88	115
sepp	2.88	115
yeti	2.88	115
euphemia	2.88	115
funksprüche	2.88	115
abwasser	2.88	115
gotteslästerung	2.88	115
tüchtige	2.88	115
aufmache	2.88	115
verständigung	2.88	115
verlogenen	2.88	115
annies	2.88	115
empfingen	2.88	115
ausräuchern	2.88	115
rachael	2.88	115
absolvieren	2.88	115
u.a.	2.88	115
unterrichtest	2.88	115
stormy	2.88	115
sündige	2.88	115
chuckie	2.88	115
rausgehalten	2.88	115
kyles	2.88	115
ehrbaren	2.88	115
sehvermögen	2.88	115
luftfeuchtigkeit	2.88	115
quasseln	2.88	115
säcken	2.88	115
com	2.88	115
wahrzunehmen	2.88	115
helens	2.88	115
gebilligt	2.88	115
machts	2.88	115
handgranaten	2.88	115
along	2.88	115
schmalz	2.88	115
zweitbesetzung	2.88	115
hellsten	2.88	115
waschmittel	2.88	115
nachtdienst	2.88	115
verabschiedete	2.88	115
schlanker	2.88	115
haqqani	2.88	115
blende	2.88	115
monogamie	2.88	115
disk	2.88	115
erlös	2.88	115
abschlag	2.88	115
burritos	2.88	115
anspannen	2.88	115
bewegende	2.88	115
danforth	2.88	115
sneakers	2.88	115
cyrano	2.88	115
abschlussjahr	2.88	115
loves	2.88	115
desselben	2.88	115
schwimmbecken	2.88	115
funkverkehr	2.88	115
braden	2.88	115
unregelmäßigkeiten	2.88	115
gartenzwerg	2.88	115
sturzflug	2.88	115
sicherheitshalber	2.88	115
stoddard	2.88	115
kubus	2.88	115
hoho	2.88	115
medikation	2.88	115
hospiz	2.88	115
verpetzt	2.88	115
türsummer	2.88	115
durchschaubar	2.88	115
nymphomanin	2.88	115
gewalttätigkeit	2.88	115
zugegriffen	2.88	115
saints	2.88	115
himmelherrgott	2.88	115
geblinzelt	2.88	115
zurechtzukommen	2.88	115
weggespült	2.88	115
sehnsüchtig	2.88	115
überquerte	2.88	115
gouverneurin	2.88	115
stecher	2.88	115
lucilla	2.88	115
abstrakt	2.88	115
neuronen	2.88	115
gurren	2.88	115
meeks	2.88	115
eisbecher	2.88	115
herausgeholt	2.88	115
sehet	2.88	115
bekenntnis	2.88	115
beame	2.88	115
schriftrollen	2.88	115
befasse	2.88	115
strafanstalt	2.88	115
permanente	2.88	115
gewagte	2.88	115
harke	2.88	115
kindliche	2.88	115
erschreckte	2.88	115
palastes	2.88	115
abwechseln	2.88	115
auszuhändigen	2.88	115
bewachst	2.88	115
meta	2.88	115
abgeschüttelt	2.88	115
durchleuchtet	2.88	115
festsetzen	2.88	115
pennywise	2.88	115
pda	2.88	115
hochgekommen	2.88	115
rucksäcke	2.88	115
skier	2.88	115
patenkind	2.88	115
throat	2.88	115
individuelle	2.88	115
elodie	2.88	115
rausgestellt	2.88	115
handgelenken	2.88	115
holler	2.88	115
fanta	2.88	115
mongolei	2.88	115
coo	2.88	115
festgemacht	2.88	115
grösse	2.88	115
hannahs	2.88	115
sinan	2.88	115
reserviere	2.88	115
fritzi	2.88	115
regelst	2.88	115
lerngruppe	2.88	115
gamma-quadranten	2.88	115
weigerten	2.88	115
umweltverschmutzung	2.88	115
sicherheitssysteme	2.88	115
herc	2.88	115
unbeschädigt	2.88	115
backofen	2.88	115
streifschuss	2.88	115
rygel	2.88	115
weibsstück	2.88	115
fragwürdige	2.88	115
moll	2.88	115
titelmelodie	2.88	115
unbeschwert	2.88	115
transparenz	2.88	115
anstrich	2.88	114
reardon	2.88	114
vorverlegt	2.88	114
erkenn	2.88	114
beichtstuhl	2.88	114
bissig	2.88	114
lähmt	2.88	114
präsentierte	2.88	114
empfangt	2.88	114
egoistisches	2.88	114
jobsuche	2.88	114
hansson	2.88	114
vorbeizuschauen	2.88	114
harmloses	2.88	114
franke	2.88	114
spiegelei	2.88	114
orgien	2.88	114
bauernhaus	2.88	114
mcpherson	2.88	114
shao	2.88	114
pendeln	2.88	114
sümpfen	2.88	114
liquidieren	2.88	114
vedek	2.88	114
fahrgestell	2.88	114
wilshire	2.88	114
sinnvoller	2.88	114
astrologie	2.88	114
zyniker	2.88	114
sammelten	2.88	114
factory	2.88	114
überlebenskünstler	2.88	114
begrüß	2.88	114
götz	2.88	114
prügle	2.88	114
drogensüchtig	2.88	114
eisige	2.88	114
micht	2.88	114
übersteigen	2.88	114
volksrepublik	2.88	114
dottore	2.88	114
nessi	2.88	114
autohaus	2.88	114
schiesst	2.88	114
grabrede	2.88	114
skeptiker	2.88	114
henriksen	2.88	114
sheri	2.88	114
bestandteile	2.88	114
hieran	2.88	114
rammt	2.88	114
allahu	2.88	114
schriftzeichen	2.88	114
sis	2.88	114
adrienne	2.88	114
motorradfahrer	2.88	114
chlor	2.88	114
c.c.	2.88	114
credit	2.88	114
facebook-seite	2.88	114
übertragungen	2.88	114
footballspiel	2.88	114
fear	2.88	114
rapport	2.88	114
zündschnur	2.88	114
filmte	2.88	114
teilnimmt	2.88	114
rotzlöffel	2.88	114
hormonen	2.88	114
sauf	2.88	114
arabern	2.88	114
arschgeige	2.88	114
norwegisch	2.88	114
vorstrafe	2.88	114
beisetzung	2.88	114
technologies	2.88	114
filzläuse	2.88	114
grölen	2.88	114
bürogebäude	2.88	114
gebell	2.88	114
krautsalat	2.88	114
kronos	2.88	114
uli	2.88	114
drehtag	2.88	114
davie	2.88	114
schafott	2.88	114
wassern	2.88	114
kimball	2.88	114
patience	2.88	114
sammelklage	2.88	114
zugesteckt	2.88	114
norbert	2.88	114
westeros	2.88	114
elster	2.88	114
holliday	2.88	114
turin	2.88	114
instrumenten	2.88	114
außenstelle	2.88	114
psychotischen	2.88	114
sätzen	2.88	114
erwärmen	2.88	114
miezekatze	2.88	114
schaumbad	2.88	114
videothek	2.88	114
holding	2.88	114
thymian	2.88	114
vertrages	2.88	114
ausgetreten	2.88	114
aufgelauert	2.88	114
trügen	2.88	114
hurricane	2.88	114
veröffentliche	2.88	114
whip	2.88	114
regelung	2.88	114
hervorruft	2.88	114
hecheln	2.88	114
torrance	2.88	114
zusammenbauen	2.88	114
australische	2.88	114
tischdecken	2.88	114
krabbelt	2.88	114
auftakt	2.88	114
notbremse	2.88	114
knallharte	2.88	114
stichst	2.88	114
v3	2.88	114
ahnten	2.88	114
zuzugreifen	2.88	114
killerin	2.88	114
trommelfell	2.88	114
looks	2.88	114
hinzugeben	2.88	114
blamiere	2.88	114
manövrieren	2.88	114
ledige	2.88	114
eheliche	2.88	114
kanzel	2.88	114
draufgeht	2.88	114
härtere	2.88	114
kleide	2.88	114
pfandhaus	2.88	114
verlusten	2.88	114
lanka	2.88	114
shephard	2.88	114
sportplatz	2.88	114
soldatin	2.88	114
verberge	2.88	114
weibsbild	2.88	114
lieblichen	2.88	114
ärmster	2.88	114
lexus	2.88	114
ungelöste	2.88	114
höllenschlund	2.88	114
kriegsgefangenen	2.88	114
cherokee	2.88	114
bazooka	2.88	114
ranken	2.88	114
hartnäckigkeit	2.88	114
gillespie	2.88	114
redlichkeit	2.88	114
rechtskräftig	2.88	114
dopamin	2.88	114
identifiziere	2.88	114
ausgeschöpft	2.88	114
lachgas	2.88	114
überfluten	2.88	114
trips	2.88	114
humanitäre	2.88	114
getöteten	2.88	114
landers	2.88	114
vatertag	2.88	114
brogan	2.88	114
berichtigen	2.88	114
signalisieren	2.88	114
unterbrichst	2.88	114
stillwell	2.88	114
draco	2.88	114
hinzusehen	2.88	114
bewarb	2.88	114
madden	2.88	114
terminen	2.88	114
eheversprechen	2.88	114
simples	2.88	114
bazillen	2.88	114
theta	2.88	114
asha	2.88	114
verärgerte	2.88	114
todesanzeigen	2.88	114
fruchtbaren	2.88	114
zeitgleich	2.88	114
kath	2.88	114
silhouette	2.88	114
gewährte	2.88	114
keck	2.88	114
trillerpfeife	2.88	114
sitzenlassen	2.88	114
schnalzt	2.88	114
ask	2.88	114
zurechnungsfähig	2.88	114
widmore	2.87	113
baseballspiel	2.87	113
erdrückend	2.87	113
kanonenrohr	2.87	113
vaseline	2.87	113
schnitzeljagd	2.87	113
lüftungsschacht	2.87	113
reisetasche	2.87	113
geschwitzt	2.87	113
ang	2.87	113
versand	2.87	113
bemühst	2.87	113
dominguez	2.87	113
wohnort	2.87	113
auszahlung	2.87	113
chummy	2.87	113
kaminsims	2.87	113
zauns	2.87	113
friday	2.87	113
sozialisten	2.87	113
zurückzutreten	2.87	113
einflüsse	2.87	113
dagwood	2.87	113
gower	2.87	113
senders	2.87	113
afro	2.87	113
hana	2.87	113
beliefern	2.87	113
ravioli	2.87	113
sonnenklar	2.87	113
arrangements	2.87	113
horten	2.87	113
verblüffende	2.87	113
trompeter	2.87	113
vizekönig	2.87	113
kühltruhe	2.87	113
anzubringen	2.87	113
joon	2.87	113
törnt	2.87	113
einzelheit	2.87	113
realexkav	2.87	113
südpol	2.87	113
zusammenhalt	2.87	113
herausbringen	2.87	113
schutzgeld	2.87	113
fluglinie	2.87	113
kurbel	2.87	113
einzulegen	2.87	113
wissentlich	2.87	113
briefumschlag	2.87	113
théo	2.87	113
suresh	2.87	113
totenbett	2.87	113
heckenschützen	2.87	113
bloodberry	2.87	113
ehrenhafte	2.87	113
index	2.87	113
massenvernichtungswaffen	2.87	113
hölzernen	2.87	113
leonid	2.87	113
watanabe	2.87	113
altert	2.87	113
hohlen	2.87	113
luftdruck	2.87	113
skaikru	2.87	113
takahashi	2.87	113
abzuknallen	2.87	113
probt	2.87	113
privateigentum	2.87	113
hardcore	2.87	113
parkers	2.87	113
logbücher	2.87	113
ikea	2.87	113
dasteht	2.87	113
schlagmann	2.87	113
giftmüll	2.87	113
aurore	2.87	113
anrufs	2.87	113
penne	2.87	113
schleift	2.87	113
football-team	2.87	113
steuereintreiber	2.87	113
kari	2.87	113
steroiden	2.87	113
liebeserklärung	2.87	113
vermerk	2.87	113
kracher	2.87	113
tschernobyl	2.87	113
googeln	2.87	113
wichtigem	2.87	113
ramone	2.87	113
imogene	2.87	113
pinkman	2.87	113
autobahnen	2.87	113
verklag	2.87	113
haller	2.87	113
cod	2.87	113
achtel	2.87	113
grange	2.87	113
heimwerkerking	2.87	113
kohlendioxid	2.87	113
bezahlter	2.87	113
reißzähne	2.87	113
soviele	2.87	113
baileys	2.87	113
boon	2.87	113
bunchy	2.87	113
grausamkeiten	2.87	113
bück	2.87	113
bumse	2.87	113
site	2.87	113
schütz	2.87	113
jordans	2.87	113
geschäftsbeziehung	2.87	113
spazierengehen	2.87	113
trakt	2.87	113
veranlagung	2.87	113
ringrichter	2.87	113
heisenberg	2.87	113
frühstücksflocken	2.87	113
tschechisch	2.87	113
steffen	2.87	113
seltsamsten	2.87	113
mila	2.87	113
daye	2.87	113
blauem	2.87	113
verliebter	2.87	113
beichtvater	2.87	113
schnipp	2.87	113
beginnend	2.87	113
spelunke	2.87	113
denham	2.87	113
halluziniere	2.87	113
enterbt	2.87	113
rebecka	2.87	113
richterliche	2.87	113
brubaker	2.87	113
barmherziger	2.87	113
oona	2.87	113
ek	2.87	113
überdacht	2.87	113
g.w.	2.87	113
elektroden	2.87	113
oboe	2.87	113
heimwerkerkönig	2.87	113
beschmiert	2.87	113
abhebt	2.87	113
überraschungsmoment	2.87	113
nebensächlich	2.87	113
griffe	2.87	113
aufhalte	2.87	113
tabitha	2.87	113
zupacken	2.87	113
steins	2.87	113
zugänge	2.87	113
gefundenes	2.87	113
avancen	2.87	113
enoch	2.87	113
pendel	2.87	113
laertes	2.87	113
glockenschlag	2.87	113
waere	2.87	113
klitzekleinen	2.87	113
mechanisch	2.87	113
ungehindert	2.87	113
verschließ	2.87	113
landezone	2.87	113
bardot	2.87	113
ruhelos	2.87	113
australischen	2.87	113
theatralisch	2.87	113
unterstellung	2.87	113
großpapa	2.87	113
neulinge	2.87	113
hinterlistig	2.87	113
clumsy	2.87	113
ehrung	2.87	113
reaper	2.87	113
befiehlst	2.87	113
kriechst	2.87	113
großmutters	2.87	113
verständlicherweise	2.87	113
lucys	2.87	113
abschließt	2.87	113
vermuteten	2.87	113
befummelt	2.87	113
tino	2.87	113
stimulation	2.87	113
boyer	2.87	113
werbekampagne	2.87	113
nicolás	2.87	113
höllenloch	2.87	113
ponyo	2.87	113
therapien	2.87	113
trampen	2.87	113
enthüllungen	2.87	113
ecuador	2.87	113
anbruch	2.87	113
tomasz	2.87	113
indianerin	2.87	113
gesinnt	2.87	113
verfrachten	2.87	113
normannen	2.87	113
katholikin	2.87	113
irisblende	2.87	113
wetters	2.87	113
unangekündigt	2.87	113
entsagen	2.87	113
geschicklichkeit	2.87	113
weihnachtsessen	2.87	113
mariano	2.87	113
verunreinigt	2.87	113
bellas	2.87	113
ansahen	2.87	113
studiums	2.87	113
herziehen	2.87	113
trude	2.87	112
ausholen	2.87	112
poliere	2.87	112
zähneputzen	2.87	112
intuitiv	2.87	112
beaucoup	2.87	112
reinplatze	2.87	112
autorisierung	2.87	112
herzblatt	2.87	112
bnd	2.87	112
menelaos	2.87	112
gemeißelt	2.87	112
abgelassen	2.87	112
wonka	2.87	112
peak	2.87	112
opera	2.87	112
vorstoß	2.87	112
petzen	2.87	112
fragebogen	2.87	112
vermisster	2.87	112
ägyptens	2.87	112
jux	2.87	112
parry	2.87	112
geldsorgen	2.87	112
älteres	2.87	112
kahlen	2.87	112
tagesablauf	2.87	112
fbi-agentin	2.87	112
lokaler	2.87	112
capricorn	2.87	112
führungskraft	2.87	112
siamesische	2.87	112
nielsen	2.87	112
apfelmus	2.87	112
wortlaut	2.87	112
herausgegeben	2.87	112
abnehmer	2.87	112
geschäftsmänner	2.87	112
sekretariat	2.87	112
analysten	2.87	112
ausdiskutieren	2.87	112
saskia	2.87	112
montmartre	2.87	112
smaragd	2.87	112
polizeibehörde	2.87	112
scheisskerl	2.87	112
spräche	2.87	112
fancy	2.87	112
ebba	2.87	112
blutend	2.87	112
mehrfache	2.87	112
zurückzieht	2.87	112
verschissen	2.87	112
frédéric	2.87	112
ekliger	2.87	112
leichtem	2.87	112
nyberg	2.87	112
daphnée	2.87	112
rj	2.87	112
riskante	2.87	112
piñata	2.87	112
strikes	2.87	112
unzen	2.87	112
bushrod	2.87	112
außenpolitik	2.87	112
dingfest	2.87	112
caulfield	2.87	112
angelockt	2.87	112
feldherr	2.87	112
ersetzte	2.87	112
caspere	2.87	112
dominanz	2.87	112
piece	2.87	112
umentschieden	2.87	112
bestehend	2.87	112
verkleidete	2.87	112
heikles	2.87	112
ausführungen	2.87	112
quäl	2.87	112
pfeifton	2.87	112
rüttelt	2.87	112
korridore	2.87	112
sklavenhändler	2.87	112
goldjunge	2.87	112
though	2.87	112
harken	2.87	112
canary	2.87	112
akzeptier	2.87	112
cabaret	2.87	112
rasierst	2.87	112
wiedervereint	2.87	112
haarausfall	2.87	112
ethische	2.87	112
paradoxon	2.87	112
guineen	2.87	112
blutgeld	2.87	112
metzgerei	2.87	112
goddard	2.87	112
kribbelt	2.87	112
bertin	2.87	112
gedankenkontrolle	2.87	112
kollateralschäden	2.87	112
misthaufen	2.87	112
jago	2.87	112
lincolns	2.87	112
spenser	2.87	112
krankenkasse	2.87	112
masuka	2.87	112
moralisches	2.87	112
aeon	2.87	112
reptil	2.87	112
resort	2.87	112
wahnhaft	2.87	112
einladend	2.87	112
erstach	2.87	112
verglich	2.87	112
blythe	2.87	112
atemzüge	2.87	112
beherrsch	2.87	112
pyjamaparty	2.87	112
heranwachsen	2.87	112
erzwungen	2.87	112
tritte	2.87	112
menschenopfer	2.87	112
würger	2.87	112
begehrenswert	2.87	112
filtern	2.87	112
strohhalme	2.87	112
schweinehunde	2.87	112
papiertüte	2.87	112
astra	2.87	112
mitgerissen	2.87	112
eroberungen	2.87	112
oberflächliche	2.87	112
rauszuschmeißen	2.87	112
altmann	2.87	112
amtierende	2.87	112
stürmischen	2.87	112
hosenträger	2.87	112
hathaway	2.87	112
berufs	2.87	112
gequetscht	2.87	112
unkontrollierbar	2.87	112
rechtsstreit	2.87	112
credits	2.87	112
kirkland	2.87	112
dominieren	2.87	112
staate	2.87	112
unbezahlte	2.87	112
zeitzünder	2.87	112
chirurgisch	2.87	112
zurückzuerobern	2.87	112
tv-serie	2.87	112
predige	2.87	112
erblüht	2.87	112
belgischen	2.87	112
erneuten	2.87	112
zurückgeschlagen	2.87	112
dienstwaffe	2.87	112
lecke	2.87	112
squire	2.87	112
midland	2.87	112
parkbank	2.87	112
barstow	2.87	112
schülerzeitung	2.87	112
sexualleben	2.87	112
nid	2.87	112
aufklärer	2.87	112
dagmar	2.87	112
dharma	2.87	112
extravagant	2.87	112
nervösen	2.87	112
warterei	2.87	112
vorfahre	2.87	112
vikram	2.87	112
hähne	2.87	112
himbeeren	2.87	112
auszog	2.87	112
annapolis	2.87	112
nachzählen	2.87	112
enges	2.87	112
nachdachte	2.87	112
grüsse	2.87	112
meal	2.87	112
massives	2.87	112
einloggen	2.87	112
zurückbringe	2.87	112
ephraim	2.87	112
plattfuß	2.87	112
langsames	2.87	112
kneif	2.87	112
wahrnimmt	2.87	112
mieseste	2.87	112
abschreckung	2.87	112
coolsten	2.87	112
kleinkinder	2.87	112
mercia	2.87	112
vitalfunktionen	2.87	112
aufzieht	2.86	111
beschreiten	2.86	111
früchtchen	2.86	111
schmierig	2.86	111
nomaden	2.86	111
personalausweis	2.86	111
terje	2.86	111
inhaftierung	2.86	111
minutes	2.86	111
beckham	2.86	111
martín	2.86	111
opfergabe	2.86	111
ausländerin	2.86	111
improvisiere	2.86	111
verwandelten	2.86	111
stine	2.86	111
konsumieren	2.86	111
gilly	2.86	111
fernes	2.86	111
akron	2.86	111
schwatzen	2.86	111
devise	2.86	111
alberts	2.86	111
rockstars	2.86	111
ausbezahlt	2.86	111
blackwell	2.86	111
departments	2.86	111
weiterzuführen	2.86	111
aufgetaut	2.86	111
selbsthass	2.86	111
einzigartiger	2.86	111
wainwright	2.86	111
jiang	2.86	111
artur	2.86	111
halstead	2.86	111
kinderbett	2.86	111
drehbuchautor	2.86	111
begehrst	2.86	111
kontamination	2.86	111
hinterhältigen	2.86	111
papaya	2.86	111
bucks	2.86	111
sternbild	2.86	111
toa	2.86	111
saßt	2.86	111
consuela	2.86	111
unpraktisch	2.86	111
anbaggern	2.86	111
bewusste	2.86	111
mardi	2.86	111
nussknacker	2.86	111
trara	2.86	111
altmodischer	2.86	111
mallorca	2.86	111
bussi	2.86	111
soong	2.86	111
bräune	2.86	111
forscht	2.86	111
bestattet	2.86	111
denkens	2.86	111
flaute	2.86	111
felice	2.86	111
blanke	2.86	111
produktivität	2.86	111
spanne	2.86	111
nationales	2.86	111
nervtötend	2.86	111
visuell	2.86	111
mittelalterlichen	2.86	111
rettungsdienst	2.86	111
barrieren	2.86	111
behandlungsraum	2.86	111
fantasiewelt	2.86	111
rumtreibt	2.86	111
meerwasser	2.86	111
zufriedener	2.86	111
pemberton	2.86	111
vöglein	2.86	111
wohlhabender	2.86	111
banning	2.86	111
einzahlen	2.86	111
ene	2.86	111
theoretische	2.86	111
angeberei	2.86	111
bootsfahrt	2.86	111
testpersonen	2.86	111
jurij	2.86	111
hogwarts	2.86	111
nachzukommen	2.86	111
überrede	2.86	111
grauzone	2.86	111
zwielichtige	2.86	111
küchen	2.86	111
totalschaden	2.86	111
kompromittieren	2.86	111
befunde	2.86	111
merton	2.86	111
liebesgeschichten	2.86	111
mitteilungen	2.86	111
ausschütten	2.86	111
lackieren	2.86	111
verwirrter	2.86	111
satin	2.86	111
starthilfe	2.86	111
charakters	2.86	111
judo	2.86	111
user	2.86	111
abgeraten	2.86	111
betroffene	2.86	111
kotelett	2.86	111
hollywoods	2.86	111
flugfeld	2.86	111
thought	2.86	111
terrier	2.86	111
eiserner	2.86	111
fremdgegangen	2.86	111
macao	2.86	111
40er	2.86	111
mclane	2.86	111
unerwünschte	2.86	111
primaten	2.86	111
schweitzer	2.86	111
younger	2.86	111
vorwiegend	2.86	111
drogengeschäft	2.86	111
zweigen	2.86	111
sardellen	2.86	111
verarbeitung	2.86	111
anprobiert	2.86	111
kämpfend	2.86	111
innerstes	2.86	111
moines	2.86	111
erste-hilfe-kasten	2.86	111
shimada	2.86	111
marshmallow	2.86	111
ausgewählte	2.86	111
wöchentlichen	2.86	111
stadien	2.86	111
15-jährige	2.86	111
inwieweit	2.86	111
scherbe	2.86	111
satteln	2.86	111
cosby	2.86	111
schrammen	2.86	111
verkabeln	2.86	111
wickle	2.86	111
streicher	2.86	111
håkon	2.86	111
kunstgalerie	2.86	111
herodes	2.86	111
hässlichste	2.86	111
schätzungsweise	2.86	111
exodus	2.86	111
mattes	2.86	111
geräumig	2.86	111
aufrechte	2.86	111
überlebenschancen	2.86	111
its	2.86	111
kao	2.86	111
testaments	2.86	111
okay.	2.86	111
halsabschneider	2.86	111
drogenfahnder	2.86	111
bekriegen	2.86	111
danner	2.86	111
seligkeit	2.86	111
einzugrenzen	2.86	111
auskosten	2.86	111
sprechender	2.86	111
vollständiger	2.86	111
guide	2.86	111
bleibenden	2.86	111
geisteskranken	2.86	111
reguliert	2.86	111
leberfleck	2.86	111
überdreht	2.86	111
woolsey	2.86	111
artemis	2.86	111
javadi	2.86	111
annemarie	2.86	111
farbenblind	2.86	111
enttäusch	2.86	111
kita	2.86	111
panzerung	2.86	111
tariq	2.86	111
herunterkommen	2.86	111
jacs	2.86	111
lichte	2.86	111
entsichern	2.86	111
nobler	2.86	111
annes	2.86	111
kreuzigung	2.86	111
sendezeit	2.86	111
fliegendes	2.86	111
ansprüchen	2.86	111
göran	2.86	111
trübt	2.86	111
subaru	2.86	111
fenton	2.86	111
dragonfly	2.86	111
kabeljau	2.86	111
verwirkt	2.86	111
fragwürdigen	2.86	111
stratege	2.86	111
besänftigt	2.86	111
aimée	2.86	111
geschäftsführung	2.86	111
joch	2.86	111
surrey	2.86	111
pollack	2.86	111
lemmy	2.86	111
mutiges	2.86	111
gefriert	2.86	111
jolie	2.86	111
poor	2.86	111
pinken	2.86	111
traumata	2.86	111
birk	2.86	111
weitererzählen	2.86	111
larsson	2.86	111
beinarbeit	2.86	111
positionieren	2.86	111
molière	2.86	110
tüchtiger	2.86	110
vandal	2.86	110
eisenwarenladen	2.86	110
ines	2.86	110
us-bürger	2.86	110
muffy	2.86	110
erfolgs	2.86	110
zecke	2.86	110
mondstein	2.86	110
wilfred	2.86	110
rhodos	2.86	110
funkverbindung	2.86	110
knallst	2.86	110
einlaufen	2.86	110
geographie	2.86	110
heimzukommen	2.86	110
fäulnis	2.86	110
kinderchen	2.86	110
höchstem	2.86	110
vereidigt	2.86	110
hornhaut	2.86	110
brustschmerzen	2.86	110
anatoly	2.86	110
angsthasen	2.86	110
ferngesteuert	2.86	110
interagieren	2.86	110
jo-jo	2.86	110
verstörende	2.86	110
pavian	2.86	110
runner	2.86	110
beagle	2.86	110
fallschirmjäger	2.86	110
andorianer	2.86	110
ersatzreifen	2.86	110
tall	2.86	110
nimmerland	2.86	110
lain	2.86	110
later	2.86	110
suicide	2.86	110
längerem	2.86	110
quadratkilometer	2.86	110
nona	2.86	110
forstman	2.86	110
medford	2.86	110
andri	2.86	110
vizekanzler	2.86	110
begruben	2.86	110
anregen	2.86	110
spannenden	2.86	110
kitzlig	2.86	110
erwägt	2.86	110
wettest	2.86	110
mexikos	2.86	110
allererstes	2.86	110
produzierte	2.86	110
neolution	2.86	110
schah	2.86	110
geschnüffelt	2.86	110
gemini	2.86	110
brezel	2.86	110
ekelhaften	2.86	110
belangt	2.86	110
ginsberg	2.86	110
chevrolet	2.86	110
tte	2.86	110
masha	2.86	110
enthusiastisch	2.86	110
umdrehungen	2.86	110
öfteren	2.86	110
übermüdet	2.86	110
hinreißende	2.86	110
abschussliste	2.86	110
küsser	2.86	110
nachgelaufen	2.86	110
farrah	2.86	110
hälse	2.86	110
lokführer	2.86	110
höchstes	2.86	110
maisie	2.86	110
hinsieht	2.86	110
dolce	2.86	110
armani	2.86	110
spielerei	2.86	110
perlenkette	2.86	110
engste	2.86	110
fantasieren	2.86	110
lächerliches	2.86	110
nagelneu	2.86	110
brennstoff	2.86	110
insolvenz	2.86	110
schrot	2.86	110
volm	2.86	110
staffeln	2.86	110
roe	2.86	110
klägerin	2.86	110
zulassungsstelle	2.86	110
erdrutsch	2.86	110
kaugummis	2.86	110
lyons	2.86	110
rebeccas	2.86	110
standby	2.86	110
flugobjekt	2.86	110
schüchterne	2.86	110
höllenhund	2.86	110
klapp	2.86	110
entzücken	2.86	110
goss	2.86	110
odda	2.86	110
galeere	2.86	110
flure	2.86	110
hemmungslos	2.86	110
accessoires	2.86	110
egoistischen	2.86	110
schimpf	2.86	110
verteil	2.86	110
zurückkriegen	2.86	110
hinkriegt	2.86	110
parmesan	2.86	110
panzerwagen	2.86	110
zeitsprung	2.86	110
fleißige	2.86	110
ländlichen	2.86	110
verhütung	2.86	110
strickland	2.86	110
itaker	2.86	110
gerast	2.86	110
kreuzritter	2.86	110
fahrradfahren	2.86	110
chewie	2.86	110
generalstab	2.86	110
stränge	2.86	110
uniformierten	2.86	110
woodman	2.86	110
entsprungen	2.86	110
beschneiden	2.86	110
keyboard	2.86	110
tellern	2.86	110
sonnenbrillen	2.86	110
herausschneiden	2.86	110
verwöhnst	2.86	110
guns	2.86	110
schiffshorn	2.86	110
straft	2.86	110
plausch	2.86	110
klee	2.86	110
redfern	2.86	110
gerrit	2.86	110
gehirnen	2.86	110
befragten	2.86	110
stans	2.86	110
arier	2.86	110
adliger	2.86	110
tar	2.86	110
süchtigen	2.86	110
führender	2.86	110
filmgeschäft	2.86	110
verkehrskameras	2.86	110
sparbuch	2.86	110
nachtleben	2.86	110
irmgard	2.86	110
ungezogener	2.86	110
mongolen	2.86	110
bag	2.86	110
beteilige	2.86	110
bekehrt	2.86	110
fahrzeugpapiere	2.86	110
vertauschen	2.86	110
umfahren	2.86	110
treibend	2.86	110
persischen	2.86	110
duckt	2.86	110
gewappnet	2.86	110
prahlt	2.86	110
buenas	2.86	110
pranger	2.86	110
konsumenten	2.86	110
rumtreiben	2.86	110
pendragon	2.86	110
bleichgesicht	2.86	110
lund	2.86	110
werkzeugen	2.86	110
auflaufen	2.86	110
transmission	2.86	110
danes	2.86	110
messing	2.86	110
verbissen	2.86	110
temps	2.86	110
eigenmächtig	2.86	110
quittieren	2.86	110
michèle	2.86	110
joplin	2.86	110
fahrersitz	2.86	110
parodie	2.86	110
primo	2.86	110
tonbandgerät	2.86	110
cammie	2.86	110
ministeriums	2.86	110
rahul	2.86	110
imhotep	2.86	110
stammten	2.86	110
versauern	2.86	110
schwül	2.86	110
wynn	2.86	110
rafi	2.86	110
japoness	2.86	110
hauptgrund	2.86	110
bevölkert	2.86	110
drauflegen	2.86	110
fiat	2.86	109
allerwenigsten	2.86	109
java	2.86	109
paraguay	2.86	109
roche	2.86	109
bedeuteten	2.86	109
flüssiger	2.86	109
bergsteigen	2.86	109
konzerten	2.86	109
alessandra	2.86	109
entlein	2.86	109
ohlsson	2.86	109
renaud	2.86	109
g.g.	2.86	109
symmetrie	2.86	109
durchdenken	2.86	109
eiskalten	2.86	109
kollisionskurs	2.86	109
löwenzahn	2.86	109
abendnachrichten	2.86	109
niedrigste	2.86	109
trägheit	2.86	109
lerche	2.86	109
restlos	2.86	109
mistkäfer	2.86	109
abzufeuern	2.86	109
bibeln	2.86	109
weltkrieges	2.86	109
iange	2.86	109
io	2.86	109
wanted	2.86	109
spaniern	2.86	109
loyalen	2.86	109
schmeichelei	2.86	109
tap	2.86	109
lowen	2.86	109
flair	2.86	109
ofelia	2.86	109
zaubert	2.86	109
wegwerfhandy	2.86	109
blaster	2.86	109
begebenheit	2.86	109
kun	2.86	109
drazi	2.86	109
bewirbt	2.86	109
hauptgericht	2.86	109
perfektionieren	2.86	109
nordmänner	2.86	109
vorsteher	2.86	109
fc	2.86	109
teng	2.86	109
argos	2.86	109
sony	2.86	109
dab	2.86	109
leviten	2.86	109
mea	2.86	109
geschwungen	2.86	109
prämien	2.86	109
gütigen	2.86	109
sozialversicherung	2.86	109
pflegefamilien	2.86	109
chorgesang	2.86	109
leona	2.86	109
reinwerfen	2.86	109
abgleichen	2.86	109
aufzuladen	2.86	109
zuwerfen	2.86	109
saturday	2.86	109
erstem	2.86	109
hervorbringen	2.86	109
julienne	2.86	109
reingehe	2.86	109
sozialistischen	2.86	109
marleen	2.86	109
feurigen	2.86	109
einbrach	2.86	109
colson	2.86	109
einschränkung	2.86	109
walde	2.86	109
üblicher	2.86	109
verdreifachen	2.86	109
fane	2.86	109
racheakt	2.86	109
glorreicher	2.86	109
rassistischen	2.86	109
laudanum	2.86	109
striche	2.86	109
sühne	2.86	109
klarkomme	2.86	109
remo	2.86	109
säugetiere	2.86	109
milder	2.86	109
coca	2.86	109
herzzerreißend	2.86	109
poncho	2.86	109
mitchum	2.86	109
lateinischen	2.86	109
frye	2.86	109
kaylee	2.86	109
durchkreuzt	2.86	109
erwiderte	2.86	109
barrès	2.86	109
besenkammer	2.86	109
lyta	2.86	109
ranlassen	2.86	109
verhökern	2.86	109
aang	2.86	109
sandsturm	2.86	109
verschmutzung	2.86	109
rotznase	2.86	109
äußerungen	2.86	109
peggotty	2.86	109
erwarb	2.86	109
rodgers	2.86	109
bolschewiken	2.86	109
smoak	2.86	109
alive	2.86	109
pap	2.86	109
radikaler	2.86	109
damar	2.86	109
moralpredigt	2.86	109
unersättlich	2.86	109
huntley	2.86	109
strychnin	2.86	109
liedes	2.86	109
programmierte	2.86	109
lol	2.86	109
unorthodox	2.86	109
gekko	2.86	109
ds9	2.86	109
nachgeschlagen	2.86	109
fortwährend	2.86	109
ausgeweidet	2.86	109
riesengroße	2.86	109
cassio	2.86	109
jungle	2.86	109
kranich	2.86	109
coupons	2.86	109
ungarische	2.86	109
familiensache	2.86	109
polin	2.86	109
anfänge	2.86	109
anerkennt	2.86	109
trina	2.86	109
awesome	2.86	109
schuhkarton	2.86	109
fehlendes	2.86	109
corp.	2.86	109
längerer	2.86	109
formaldehyd	2.86	109
kohldampf	2.86	109
eunuch	2.86	109
angebrochen	2.86	109
schlichter	2.86	109
einpflanzen	2.86	109
unvergessliche	2.86	109
flüchteten	2.86	109
sitzordnung	2.86	109
thaddeus	2.86	109
unanständiges	2.86	109
gesicherten	2.86	109
bedrängnis	2.86	109
janna	2.86	109
originals	2.86	109
personals	2.86	109
beschenkt	2.86	109
victorias	2.86	109
signalisiert	2.86	109
nimmermehr	2.86	109
kratzte	2.86	109
nonstop	2.86	109
eingehend	2.86	109
future	2.86	109
jut	2.86	109
rockige	2.86	109
spezifikationen	2.86	109
versicherungsgesellschaft	2.86	109
innovation	2.86	109
sinnliche	2.86	109
unternehmung	2.86	109
katalysator	2.86	109
zugbrücke	2.86	109
kimmel	2.86	109
heimkomme	2.86	109
mitsingen	2.86	109
om	2.86	109
ströme	2.86	109
feldes	2.86	109
khaleesi	2.86	109
eisbär	2.86	109
äm	2.86	109
jeffersonian	2.86	109
ausrufezeichen	2.86	109
zoes	2.86	109
auszuwischen	2.86	109
aufkaufen	2.86	109
königsmund	2.86	109
erwischst	2.86	109
maiden	2.86	109
pontius	2.86	109
katapult	2.86	109
boulogne	2.86	109
famos	2.86	109
erzieher	2.86	109
bewunderst	2.86	109
kirchenglocke	2.86	109
mexikanern	2.86	109
boshaftigkeit	2.86	109
erschütterung	2.86	109
muck	2.86	109
starterlaubnis	2.86	109
schachfigur	2.86	109
hirntot	2.86	109
christel	2.86	109
midori	2.86	109
arbeitskraft	2.85	108
straßenräuber	2.85	108
staffelfinale	2.85	108
schlauste	2.85	108
matéo	2.85	108
törichten	2.85	108
baratheon	2.85	108
shall	2.85	108
stocksauer	2.85	108
wee	2.85	108
rackham	2.85	108
schüttete	2.85	108
senke	2.85	108
hinfährt	2.85	108
klans	2.85	108
abzocken	2.85	108
ethischen	2.85	108
schnellere	2.85	108
chloes	2.85	108
transvestiten	2.85	108
hackman	2.85	108
tick-tack	2.85	108
fünftausend	2.85	108
hosts	2.85	108
hirsche	2.85	108
titelseiten	2.85	108
leung	2.85	108
tierische	2.85	108
undankbaren	2.85	108
statusbericht	2.85	108
pennern	2.85	108
knöpfchen	2.85	108
bluttransfusion	2.85	108
observierung	2.85	108
wegzufahren	2.85	108
geigerzähler	2.85	108
necken	2.85	108
bemühte	2.85	108
hofmann	2.85	108
besserungsanstalt	2.85	108
lebenserhaltungssystem	2.85	108
verfechter	2.85	108
ander	2.85	108
ablage	2.85	108
eingeengt	2.85	108
einschließt	2.85	108
homecoming	2.85	108
gegnerischen	2.85	108
teuflisches	2.85	108
maschinerie	2.85	108
abgaben	2.85	108
sonnenstrahlen	2.85	108
leibhaftig	2.85	108
fried	2.85	108
spendier	2.85	108
carstairs	2.85	108
alcide	2.85	108
trojanisches	2.85	108
streichelzoo	2.85	108
auslöschung	2.85	108
mouna	2.85	108
lieferservice	2.85	108
kostbarer	2.85	108
ekeln	2.85	108
lions	2.85	108
entehren	2.85	108
regulieren	2.85	108
geheimnistuerei	2.85	108
irène	2.85	108
hereinlassen	2.85	108
cates	2.85	108
evangelina	2.85	108
ungewollt	2.85	108
helix	2.85	108
honduras	2.85	108
misshandlungen	2.85	108
alexi	2.85	108
middle	2.85	108
häute	2.85	108
teuflischer	2.85	108
apfelwein	2.85	108
redefreiheit	2.85	108
abgibst	2.85	108
blinzelt	2.85	108
herausgeschnitten	2.85	108
foxtrott	2.85	108
angesammelt	2.85	108
warze	2.85	108
lesley	2.85	108
missbrauchte	2.85	108
maggies	2.85	108
pauken	2.85	108
hüh	2.85	108
abgekratzt	2.85	108
kürzesten	2.85	108
drückeberger	2.85	108
montagabend	2.85	108
teddys	2.85	108
strahlte	2.85	108
sechst	2.85	108
eintrafen	2.85	108
richtigkeit	2.85	108
klatschnass	2.85	108
odie	2.85	108
acosta	2.85	108
untote	2.85	108
vorratskammer	2.85	108
reproduktion	2.85	108
zuschüsse	2.85	108
vorzieht	2.85	108
fotografierte	2.85	108
hydraulik	2.85	108
tatum	2.85	108
knutschfleck	2.85	108
familienangelegenheiten	2.85	108
schleimige	2.85	108
abholst	2.85	108
kooperiere	2.85	108
gierige	2.85	108
bäuchlein	2.85	108
nates	2.85	108
abrücken	2.85	108
regierte	2.85	108
hernando	2.85	108
anführers	2.85	108
soziologie	2.85	108
leach	2.85	108
sammelpunkt	2.85	108
flugblatt	2.85	108
vanity	2.85	108
tic	2.85	108
keksdose	2.85	108
alltägliche	2.85	108
molekül	2.85	108
demokrat	2.85	108
ausmaße	2.85	108
mole	2.85	108
burgund	2.85	108
tintin	2.85	108
schädeltrauma	2.85	108
versaute	2.85	108
beträchtlichen	2.85	108
reza	2.85	108
caution	2.85	108
h.g.	2.85	108
vespa	2.85	108
witzigen	2.85	108
rausgegeben	2.85	108
mischte	2.85	108
märchenprinz	2.85	108
übergewicht	2.85	108
flugs	2.85	108
herkamst	2.85	108
stickerei	2.85	108
plastiksprengstoff	2.85	108
avengers	2.85	108
ostseite	2.85	108
scheußliches	2.85	108
klinke	2.85	108
pullis	2.85	108
umwerfen	2.85	108
schuldirektor	2.85	108
doppelbett	2.85	108
kampfstationen	2.85	108
webcam	2.85	108
koteletts	2.85	108
klaustrophobie	2.85	108
zerrte	2.85	108
mangels	2.85	108
monatlichen	2.85	108
geburtstags	2.85	108
problemchen	2.85	108
rawlins	2.85	108
köhler	2.85	108
bereiteten	2.85	108
pragmatisch	2.85	108
vermache	2.85	108
unterbrach	2.85	108
zustimmst	2.85	108
notizblock	2.85	108
drazen	2.85	108
desserts	2.85	108
engl	2.85	108
vollzug	2.85	108
boise	2.85	108
ramm	2.85	108
beschleuniger	2.85	108
keusch	2.85	108
pollard	2.85	108
armseliges	2.85	108
goya	2.85	108
maik	2.85	108
urknall	2.85	108
davonläuft	2.85	108
templer	2.85	108
vernichtend	2.85	108
energreen	2.85	108
kassettenrekorder	2.85	108
geizkragen	2.85	108
nous	2.85	108
habseligkeiten	2.85	108
chemischer	2.85	108
kaschmir	2.85	108
altstadt	2.85	108
überlegten	2.85	108
unterging	2.85	108
hinwegsehen	2.85	108
vorzufinden	2.85	108
lora	2.85	108
glitschig	2.85	108
neuland	2.85	108
gemälden	2.85	108
siebzig	2.85	107
momento	2.85	107
morgenstunden	2.85	107
vorspeisen	2.85	107
wächtern	2.85	107
geräuschen	2.85	107
ölen	2.85	107
ungeklärten	2.85	107
aufgehetzt	2.85	107
genehmigte	2.85	107
methadon	2.85	107
schulkinder	2.85	107
schnarchst	2.85	107
botox	2.85	107
näheren	2.85	107
sona	2.85	107
fertigkeiten	2.85	107
psi-corps	2.85	107
auffassen	2.85	107
erhitzen	2.85	107
verzehr	2.85	107
polizeipräsidenten	2.85	107
nachahmen	2.85	107
reaktivieren	2.85	107
ziels	2.85	107
äthiopien	2.85	107
hani	2.85	107
etat	2.85	107
archiven	2.85	107
sirius	2.85	107
schmerzensschrei	2.85	107
aktenschrank	2.85	107
weitgehend	2.85	107
hervé	2.85	107
meistgesuchten	2.85	107
nobu	2.85	107
schlichtweg	2.85	107
durcharbeiten	2.85	107
drogenbehörde	2.85	107
schneeflocke	2.85	107
philo	2.85	107
hays	2.85	107
handelskammer	2.85	107
läute	2.85	107
martinsson	2.85	107
cushing	2.85	107
nirvana	2.85	107
hull	2.85	107
penisse	2.85	107
ähnlichem	2.85	107
spielfilm	2.85	107
näh	2.85	107
vererben	2.85	107
triftigen	2.85	107
danzig	2.85	107
flandern	2.85	107
abzutreten	2.85	107
production	2.85	107
dauerwelle	2.85	107
divisionen	2.85	107
wagon	2.85	107
größenwahn	2.85	107
tals	2.85	107
ausschnitte	2.85	107
betsey	2.85	107
kee	2.85	107
fallschirmspringen	2.85	107
buon	2.85	107
kasachstan	2.85	107
erzittern	2.85	107
patronenhülse	2.85	107
jamaica	2.85	107
opernmusik	2.85	107
kneifst	2.85	107
strebe	2.85	107
bedeutendsten	2.85	107
namenlosen	2.85	107
herausreißen	2.85	107
achmed	2.85	107
spaltet	2.85	107
rausspringen	2.85	107
euern	2.85	107
trostpreis	2.85	107
feststeht	2.85	107
nagen	2.85	107
strix	2.85	107
takumi	2.85	107
stipendien	2.85	107
ehebrecher	2.85	107
sweetie	2.85	107
herumhängen	2.85	107
schnepfe	2.85	107
spezialeinheiten	2.85	107
seuchen	2.85	107
blumenkohl	2.85	107
plastischen	2.85	107
seitwärts	2.85	107
getilgt	2.85	107
liebesaffäre	2.85	107
sometimes	2.85	107
erkundet	2.85	107
ledoux	2.85	107
o.j.	2.85	107
plattenvertrag	2.85	107
oxy	2.85	107
mordprozess	2.85	107
entwerfe	2.85	107
bildhübsch	2.85	107
beaufsichtigt	2.85	107
brotkrumen	2.85	107
wettervorhersage	2.85	107
maßstäbe	2.85	107
immens	2.85	107
schränkt	2.85	107
zampano	2.85	107
neugieriger	2.85	107
kontaktaufnahme	2.85	107
aufhörten	2.85	107
zurückstellen	2.85	107
erhaltet	2.85	107
aufnimmst	2.85	107
teekessel	2.85	107
unverzichtbar	2.85	107
legat	2.85	107
leonards	2.85	107
sten	2.85	107
taschenrechner	2.85	107
gewürzt	2.85	107
hampelmann	2.85	107
zentralbank	2.85	107
portale	2.85	107
staatsgrenze	2.85	107
rowdy	2.85	107
jc	2.85	107
überträger	2.85	107
überraschungsangriff	2.85	107
hachi	2.85	107
sass	2.85	107
rotterdam	2.85	107
schützengräben	2.85	107
ämter	2.85	107
ewa	2.85	107
indigo	2.85	107
irisch	2.85	107
schändliche	2.85	107
schsch	2.85	107
respekts	2.85	107
teleportieren	2.85	107
miyuki	2.85	107
scheinchen	2.85	107
kaputtgehen	2.85	107
konklave	2.85	107
davonkommt	2.85	107
kamikaze	2.85	107
entließ	2.85	107
starrköpfig	2.85	107
rolltreppe	2.85	107
odins	2.85	107
breitengrad	2.85	107
nebeneffekt	2.85	107
skylar	2.85	107
fouquet	2.85	107
verführer	2.85	107
aung	2.85	107
deputies	2.85	107
uh-uh	2.85	107
unschätzbarem	2.85	107
vs.	2.85	107
umgehst	2.85	107
carm	2.85	107
schlanke	2.85	107
sechsen	2.85	107
laboratorium	2.85	107
tobe	2.85	107
wettbewerbs	2.85	107
herzschrittmacher	2.85	107
plakette	2.85	107
dumas	2.85	107
soundtrack	2.85	107
abgeschiedenheit	2.85	107
horus	2.85	107
virgilia	2.85	107
merlotte	2.85	107
posen	2.85	107
beschädigung	2.85	107
hochging	2.85	107
abgeräumt	2.85	107
adlers	2.85	107
ausgefallenes	2.85	107
geary	2.85	107
pau	2.85	107
grimassen	2.85	107
unverkäuflich	2.85	107
fotoshooting	2.85	107
sprengsätze	2.85	107
zerbrochenes	2.85	107
jacoby	2.85	107
weiterlebt	2.85	107
margit	2.85	107
betreffenden	2.85	107
heutiges	2.85	107
eight	2.85	107
verwunden	2.85	107
emory	2.85	107
aussteigt	2.85	107
würfe	2.85	107
verstrichen	2.85	107
bekanntschaften	2.85	107
truthähne	2.85	107
zugebracht	2.85	107
lanes	2.85	107
bekunden	2.85	107
matts	2.85	107
anzuzweifeln	2.85	107
ernähre	2.85	107
revere	2.85	107
klagte	2.85	107
halluzinieren	2.85	107
vorurteilen	2.85	107
ruhms	2.85	107
kolumbianischen	2.85	107
jungens	2.85	107
zwielichtigen	2.85	107
begebenheiten	2.85	107
vollstrecken	2.85	107
unbedeutender	2.85	107
aufspringen	2.85	107
verdampft	2.85	107
vordersitz	2.85	107
leckst	2.85	107
aggressivität	2.85	107
wohlhabende	2.85	107
chiropraktiker	2.85	107
drängst	2.85	107
rumkommandieren	2.85	107
huldigen	2.85	107
qualmt	2.85	107
turnt	2.85	107
bunde	2.85	107
muskulös	2.85	107
argwöhnisch	2.85	107
uhrmacher	2.85	107
udon	2.85	107
scorpion	2.85	107
harve	2.84	106
prozession	2.84	106
bandbreite	2.84	106
reinzulassen	2.84	106
elsbeth	2.84	106
einsatzkräfte	2.84	106
freundeskreis	2.84	106
bellefleur	2.84	106
umsehe	2.84	106
regeneration	2.84	106
bedauerst	2.84	106
finanzberater	2.84	106
singularität	2.84	106
konzil	2.84	106
gedächtnisschwund	2.84	106
erkrankungen	2.84	106
händlern	2.84	106
sündhaft	2.84	106
erinnerungsvermögen	2.84	106
epstein	2.84	106
kindische	2.84	106
nachthimmel	2.84	106
kühlwalda	2.84	106
kubanischen	2.84	106
schwachsinnigen	2.84	106
südstaaten	2.84	106
gegenschlag	2.84	106
närrisch	2.84	106
nachahmungstäter	2.84	106
boaz	2.84	106
verleumden	2.84	106
norad	2.84	106
ausgeburt	2.84	106
shotgun	2.84	106
stinger	2.84	106
sternenhimmel	2.84	106
finte	2.84	106
beauchamp	2.84	106
geschrubbt	2.84	106
zurückfinden	2.84	106
nguyen	2.84	106
allgegenwärtig	2.84	106
romulanische	2.84	106
nacktfotos	2.84	106
pinkelst	2.84	106
racer	2.84	106
enttäuschte	2.84	106
walküre	2.84	106
abgeführt	2.84	106
neurologe	2.84	106
kleidungsstück	2.84	106
schwules	2.84	106
schlüsselbund	2.84	106
draufsetzen	2.84	106
durchgreifen	2.84	106
bulldogge	2.84	106
huste	2.84	106
festgefahren	2.84	106
sportliche	2.84	106
milf	2.84	106
mösen	2.84	106
schuhladen	2.84	106
jupp	2.84	106
bräuten	2.84	106
kalium	2.84	106
delacroix	2.84	106
pembroke	2.84	106
trunkenbold	2.84	106
zusammenlegen	2.84	106
gebildeter	2.84	106
billigste	2.84	106
schnuppert	2.84	106
frier	2.84	106
abzudrücken	2.84	106
schmückt	2.84	106
gemischten	2.84	106
ansprechpartner	2.84	106
kaminski	2.84	106
drogenabhängige	2.84	106
wiedererlangt	2.84	106
precious	2.84	106
nachtschatten	2.84	106
instanz	2.84	106
indianischen	2.84	106
munch	2.84	106
herzschmerz	2.84	106
aussehens	2.84	106
verschmäht	2.84	106
selby	2.84	106
pflichtgefühl	2.84	106
funde	2.84	106
grünem	2.84	106
torso	2.84	106
importieren	2.84	106
homosexueller	2.84	106
number	2.84	106
überwachungssystem	2.84	106
verwöhntes	2.84	106
himalaya	2.84	106
fra	2.84	106
aufzuwärmen	2.84	106
gruppenführer	2.84	106
pontiac	2.84	106
geschichtenerzähler	2.84	106
verjährt	2.84	106
beaver	2.84	106
tullius	2.84	106
freilässt	2.84	106
mene	2.84	106
füßchen	2.84	106
abweichen	2.84	106
above	2.84	106
buds	2.84	106
hobbit	2.84	106
erfinderisch	2.84	106
eber	2.84	106
verheddert	2.84	106
poughkeepsie	2.84	106
verbraucher	2.84	106
verhüllt	2.84	106
croupier	2.84	106
hausdurchsuchung	2.84	106
geheule	2.84	106
einwanderung	2.84	106
enthaupten	2.84	106
möpsen	2.84	106
biochemie	2.84	106
schergen	2.84	106
laufburschen	2.84	106
calvert	2.84	106
tabellen	2.84	106
geduldiger	2.84	106
eheleben	2.84	106
schwindeln	2.84	106
nachzuweisen	2.84	106
uri	2.84	106
geschrottet	2.84	106
crickett	2.84	106
faszinierender	2.84	106
charts	2.84	106
einstürzt	2.84	106
modeln	2.84	106
kille	2.84	106
gestattest	2.84	106
kuriert	2.84	106
verspürte	2.84	106
sonstige	2.84	106
echelon	2.84	106
brandneues	2.84	106
kühner	2.84	106
auffrisst	2.84	106
peacekeeper	2.84	106
sicherheitsprotokolle	2.84	106
eismaschine	2.84	106
prachtexemplar	2.84	106
verrostet	2.84	106
ministerpräsidenten	2.84	106
reinspazieren	2.84	106
nachjagen	2.84	106
robson	2.84	106
cosette	2.84	106
unzureichend	2.84	106
packer	2.84	106
missionar	2.84	106
heylia	2.84	106
zelig	2.84	106
schrittweise	2.84	106
trapper	2.84	106
vornehmer	2.84	106
tobey	2.84	106
thorndyke	2.84	106
komtess	2.84	106
einzuweihen	2.84	106
zugebe	2.84	106
triumphiert	2.84	106
bemerkenswertes	2.84	106
müllsack	2.84	106
wi-fi	2.84	106
besonderheit	2.84	106
auswischen	2.84	106
ronin	2.84	106
gesetzloser	2.84	106
modernsten	2.84	106
wolfes	2.84	106
armin	2.84	106
quarks	2.84	106
mylene	2.84	106
hilfskraft	2.84	106
spoiler	2.84	106
wirbt	2.84	106
minenarbeiter	2.84	106
paddington	2.84	106
macleod	2.84	106
wachteln	2.84	106
malheur	2.84	106
selbstgerecht	2.84	106
imponiert	2.84	106
rasant	2.84	106
hügels	2.84	106
ausweinen	2.84	106
hofrat	2.84	106
schadest	2.84	106
arbeitsmoral	2.84	106
laborratte	2.84	106
entgegenzunehmen	2.84	106
verfehlte	2.84	106
rath	2.84	106
runterschlucken	2.84	106
preist	2.84	106
manne	2.84	106
absinth	2.84	106
budgets	2.84	106
gordy	2.84	106
geringeres	2.84	106
vertrat	2.84	106
heldenhaften	2.84	106
erbauen	2.84	106
überfordern	2.84	106
todesfällen	2.84	106
abgestattet	2.84	106
jerrys	2.84	106
yeung	2.84	106
befangen	2.84	106
cochrane	2.84	106
jachthafen	2.84	106
vilma	2.84	106
claudine	2.84	106
platonisch	2.84	106
geilste	2.84	106
ritas	2.84	105
android	2.84	105
konvent	2.84	105
lakewood	2.84	105
jippie	2.84	105
jacuzzi	2.84	105
schwerelosigkeit	2.84	105
schüchternheit	2.84	105
zuckerschlecken	2.84	105
unbeständig	2.84	105
vertrags	2.84	105
lanzen	2.84	105
berserker	2.84	105
hinzuhalten	2.84	105
eventuelle	2.84	105
postleitzahl	2.84	105
brennender	2.84	105
studentenverbindung	2.84	105
peanuts	2.84	105
erfundenen	2.84	105
pyjama-party	2.84	105
mündlich	2.84	105
desorientiert	2.84	105
schmatzen	2.84	105
gescheut	2.84	105
schmollst	2.84	105
kenshin	2.84	105
spürhund	2.84	105
kompetenzen	2.84	105
hepburn	2.84	105
command	2.84	105
getrost	2.84	105
heimlichtuerei	2.84	105
bahnt	2.84	105
hochtouren	2.84	105
everlasting	2.84	105
baustellen	2.84	105
anwerben	2.84	105
zugeworfen	2.84	105
arger	2.84	105
mcgregor	2.84	105
sequenzen	2.84	105
vermögend	2.84	105
abgemurkst	2.84	105
befolgte	2.84	105
mildern	2.84	105
primus	2.84	105
phrase	2.84	105
zerknittert	2.84	105
alm	2.84	105
prentice	2.84	105
wanja	2.84	105
kirkman	2.84	105
zielgebiet	2.84	105
schadenfreude	2.84	105
ronaldo	2.84	105
blaulicht	2.84	105
abkommandiert	2.84	105
aufrufe	2.84	105
rochen	2.84	105
hammermäßig	2.84	105
arbeitsweise	2.84	105
gesänge	2.84	105
sad	2.84	105
bombendrohung	2.84	105
großaufnahme	2.84	105
kitzel	2.84	105
thin	2.84	105
hallam	2.84	105
spab	2.84	105
leuchter	2.84	105
jun-shik	2.84	105
pentagramm	2.84	105
erschütternd	2.84	105
auswählt	2.84	105
verehrtes	2.84	105
knospe	2.84	105
vorantreiben	2.84	105
pint	2.84	105
zermalmt	2.84	105
zurückhält	2.84	105
raustragen	2.84	105
systolisch	2.84	105
buddhismus	2.84	105
kränkt	2.84	105
mitansehen	2.84	105
bostoner	2.84	105
carsten	2.84	105
markierten	2.84	105
pipers	2.84	105
rausgesucht	2.84	105
messdiener	2.84	105
wertloser	2.84	105
abspritzen	2.84	105
krakau	2.84	105
babygeschrei	2.84	105
wahltag	2.84	105
wichtigeren	2.84	105
mohn	2.84	105
weitermache	2.84	105
uganda	2.84	105
ungewissen	2.84	105
sogenannter	2.84	105
10k	2.84	105
unterste	2.84	105
larrabee	2.84	105
arbeitsloser	2.84	105
ausritt	2.84	105
ausschluss	2.84	105
derevko	2.84	105
komik	2.84	105
glückskeks	2.84	105
planetarium	2.84	105
punktestand	2.84	105
unabhängigkeitstag	2.84	105
matthieu	2.84	105
herumgelaufen	2.84	105
sakrileg	2.84	105
cranston	2.84	105
shinji	2.84	105
erbracht	2.84	105
autoreifen	2.84	105
lanie	2.84	105
nachschenken	2.84	105
augenscheinlich	2.84	105
salbei	2.84	105
südostasien	2.84	105
freuten	2.84	105
regentschaft	2.84	105
krüge	2.84	105
quiche	2.84	105
handsome	2.84	105
beständigkeit	2.84	105
inhalte	2.84	105
chirac	2.84	105
ungebunden	2.84	105
offenbarte	2.84	105
überstimmt	2.84	105
dosenöffner	2.84	105
hergelockt	2.84	105
staatssicherheit	2.84	105
öh	2.84	105
leberwurst	2.84	105
gefahndet	2.84	105
gogo	2.84	105
bestritten	2.84	105
konflikten	2.84	105
ermittlerin	2.84	105
claim	2.84	105
finanzierte	2.84	105
backpulver	2.84	105
krista	2.84	105
robot	2.84	105
mart	2.84	105
mate	2.84	105
eingesackt	2.84	105
körperflüssigkeiten	2.84	105
schätzungen	2.84	105
zugespielt	2.84	105
rusk	2.84	105
geheimniskrämerei	2.84	105
bestünde	2.84	105
ausgefallene	2.84	105
essbares	2.84	105
romulanern	2.84	105
ausnahmslos	2.84	105
hopes	2.84	105
seelenverwandten	2.84	105
strengstens	2.84	105
stutzig	2.84	105
veranlasste	2.84	105
forschungsabteilung	2.84	105
beängstigende	2.84	105
djs	2.84	105
canning	2.84	105
lydgate	2.84	105
halbblut	2.84	105
ito	2.84	105
doppelgängerin	2.84	105
shari	2.84	105
mondlandung	2.84	105
mittwochabend	2.84	105
cosgrove	2.84	105
notfällen	2.84	105
frosty	2.84	105
zuteilen	2.84	105
jimmie	2.84	105
zusammengelegt	2.84	105
callum	2.84	105
bodentruppen	2.84	105
mitgeholfen	2.84	105
alkoholismus	2.84	105
durchleuchten	2.84	105
selbstkontrolle	2.84	105
scarface	2.84	105
schuldiger	2.84	105
photos	2.84	105
einzahlung	2.84	105
muskete	2.84	105
miserable	2.84	105
ortungsgerät	2.84	105
ville	2.84	105
zumeist	2.84	105
vernascht	2.84	105
weggelassen	2.84	105
befürchtung	2.84	105
stuten	2.84	105
schnippisch	2.84	105
retrovirus	2.84	105
heilbar	2.84	105
gedatet	2.84	105
horseman	2.84	105
hirnschäden	2.84	105
anger	2.84	105
meditiert	2.84	105
umgefahren	2.84	105
fluchtwagen	2.84	105
betreff	2.84	105
nahaufnahmen	2.84	105
niedergestreckt	2.84	105
erträglicher	2.84	105
abhaue	2.84	104
maulwürfe	2.84	104
gets	2.84	104
anzumelden	2.84	104
bezwingt	2.84	104
sünderin	2.84	104
griggs	2.84	104
cecilie	2.84	104
aufwartung	2.84	104
lichtblick	2.84	104
aubergine	2.84	104
knorpel	2.84	104
rumzukriegen	2.84	104
eingeschlichen	2.84	104
zeitreisender	2.84	104
gigantischer	2.84	104
luftzug	2.84	104
geprahlt	2.84	104
cohn	2.84	104
fleischfresser	2.84	104
auktionator	2.84	104
blutvergiftung	2.84	104
ashby	2.84	104
thompsons	2.84	104
masao	2.84	104
staatsgewalt	2.84	104
convention	2.84	104
langweilte	2.84	104
aufreißt	2.84	104
gard	2.84	104
turnbull	2.84	104
gekicher	2.84	104
drogengeld	2.84	104
aussetzer	2.84	104
wohltat	2.84	104
erbauer	2.84	104
verarbeite	2.84	104
hollander	2.84	104
dreitausend	2.84	104
schlüsselanhänger	2.84	104
each	2.84	104
giftstoffe	2.84	104
rausprügeln	2.84	104
schriebst	2.84	104
padmé	2.84	104
rückerstattung	2.84	104
eingebettet	2.84	104
ereilt	2.84	104
3d	2.84	104
thais	2.84	104
erbrochen	2.84	104
bringer	2.84	104
gabt	2.84	104
sägemehl	2.84	104
mogeln	2.84	104
bellini	2.84	104
belagern	2.84	104
telefongespräche	2.84	104
einkaufszentren	2.84	104
kritisiere	2.84	104
keilriemen	2.84	104
majestic	2.84	104
dienstleistungen	2.84	104
barack	2.84	104
behelligen	2.84	104
sorbonne	2.84	104
projektil	2.84	104
vans	2.84	104
krypta	2.84	104
thrace	2.84	104
schlaflosen	2.84	104
streifte	2.84	104
roys	2.84	104
infantin	2.84	104
sofas	2.84	104
dietz	2.84	104
geknüpft	2.84	104
eph	2.84	104
begrabt	2.84	104
tatorts	2.84	104
herrisch	2.84	104
jakey	2.84	104
beeinflussung	2.84	104
individuell	2.84	104
styles	2.84	104
weltbank	2.84	104
kurator	2.84	104
maultiere	2.84	104
masaki	2.84	104
spitzenklasse	2.84	104
auftrat	2.84	104
nesbitt	2.84	104
schwellungen	2.84	104
kriegszeiten	2.84	104
atomaren	2.84	104
kreuzten	2.84	104
mcdonalds	2.84	104
reguläre	2.84	104
besitzers	2.84	104
unternehmungen	2.84	104
holländischen	2.84	104
lieutenants	2.84	104
nicke	2.84	104
daria	2.84	104
verhöhnen	2.84	104
verheimliche	2.84	104
telefonzentrale	2.84	104
startest	2.84	104
sohnemann	2.84	104
caris	2.84	104
tanny	2.84	104
epinephrin	2.84	104
todesstoß	2.84	104
grete	2.84	104
dienstwagen	2.84	104
dauphin	2.84	104
verputzt	2.84	104
ungewisse	2.84	104
dankbarer	2.84	104
klassenbeste	2.84	104
newt	2.84	104
dominant	2.84	104
until	2.84	104
späßchen	2.84	104
morbide	2.84	104
kalbfleisch	2.84	104
gutsherr	2.84	104
aufhänger	2.84	104
konstellation	2.84	104
cindi	2.84	104
momentane	2.84	104
kant	2.84	104
theon	2.84	104
geografie	2.84	104
knochenbrüche	2.84	104
austritt	2.84	104
heintje	2.84	104
ausheben	2.84	104
hoss	2.84	104
barmherzige	2.84	104
benutzer	2.84	104
privatdetektive	2.84	104
landkreis	2.84	104
erstausgabe	2.84	104
romanzen	2.84	104
vorgefahren	2.84	104
simcoe	2.84	104
victoire	2.84	104
eingeschläfert	2.84	104
ch6122c0	2.84	104
zerreiß	2.84	104
wegzusperren	2.84	104
geniessen	2.84	104
strippe	2.84	104
prozac	2.84	104
freigestellt	2.84	104
exeter	2.84	104
cube	2.84	104
ohnezahn	2.84	104
leugnest	2.84	104
erstanden	2.84	104
ereignisses	2.84	104
kreatives	2.84	104
umfassen	2.84	104
speichert	2.84	104
aufnahmegerät	2.84	104
leann	2.84	104
apfelbaum	2.84	104
darein	2.84	104
objektivität	2.84	104
sinnvolle	2.84	104
herumrennen	2.84	104
sorgfältiger	2.84	104
töle	2.84	104
muchachos	2.84	104
wutanfälle	2.84	104
frühstückt	2.84	104
harcourt	2.84	104
interessantesten	2.84	104
nervenheilanstalt	2.84	104
zusammengezogen	2.84	104
vorväter	2.84	104
ernennt	2.84	104
jip	2.84	104
übereilt	2.84	104
fen	2.84	104
seok	2.84	104
frigide	2.84	104
mutterschaft	2.84	104
plappermaul	2.84	104
matschig	2.84	104
platzangst	2.84	104
versenden	2.84	104
rya	2.84	104
blumentopf	2.84	104
leblos	2.84	104
vielversprechende	2.84	104
manuskripte	2.84	104
notrufe	2.84	104
diskreter	2.84	104
cissy	2.84	104
zurueck	2.84	104
osbourne	2.84	104
aufreißer	2.84	104
bruna	2.84	104
frühmorgens	2.84	104
cartier	2.84	104
viking	2.84	104
heldenhafte	2.84	104
auswerten	2.84	104
winkte	2.84	104
hein	2.84	104
simst	2.84	104
erfrischt	2.84	104
souverän	2.84	104
fluchtauto	2.84	104
herzprobleme	2.84	104
doppelschicht	2.84	104
umsetzung	2.84	104
zajac	2.84	104
wayward	2.84	104
bekloppter	2.84	104
baguette	2.84	104
bilbo	2.84	104
provence	2.84	104
fäkalien	2.84	104
muffig	2.84	104
tnt	2.84	104
schaltkreis	2.84	104
lattimer	2.84	104
telefonanrufe	2.84	104
eunuchen	2.84	104
widersprich	2.84	104
fitness-studio	2.83	103
manie	2.83	103
flutwelle	2.83	103
kirschkuchen	2.83	103
dahl	2.83	103
schönem	2.83	103
snap	2.83	103
verleugnung	2.83	103
kletterst	2.83	103
tutor	2.83	103
gepredigt	2.83	103
fondue	2.83	103
nimah	2.83	103
melli	2.83	103
verkneifen	2.83	103
harz	2.83	103
versprochene	2.83	103
bischöfe	2.83	103
ausweiden	2.83	103
athene	2.83	103
muht	2.83	103
patrol	2.83	103
alraune	2.83	103
kämpfern	2.83	103
guapo	2.83	103
zusammengelebt	2.83	103
stündchen	2.83	103
geistiges	2.83	103
dolche	2.83	103
gartens	2.83	103
lehrgang	2.83	103
abnehme	2.83	103
final	2.83	103
shoes	2.83	103
hintenrum	2.83	103
stingray	2.83	103
lähmen	2.83	103
geschliffen	2.83	103
spatzenhirn	2.83	103
suki	2.83	103
variable	2.83	103
kristine	2.83	103
petz	2.83	103
janek	2.83	103
raees	2.83	103
beitritt	2.83	103
auskundschaften	2.83	103
fortzugehen	2.83	103
urkunden	2.83	103
zurückkehrten	2.83	103
verspielen	2.83	103
geißel	2.83	103
oda	2.83	103
mungo	2.83	103
arrogantes	2.83	103
trennst	2.83	103
anspringt	2.83	103
aufnehme	2.83	103
verdrehten	2.83	103
reef	2.83	103
kriegsverbrechen	2.83	103
homepage	2.83	103
platoon	2.83	103
bachelor	2.83	103
herumschlagen	2.83	103
5-mal	2.83	103
verspielte	2.83	103
tapfersten	2.83	103
kritischer	2.83	103
blowjobs	2.83	103
draufdrücken	2.83	103
inquisitor	2.83	103
wiederholten	2.83	103
requiem	2.83	103
fordwick	2.83	103
gallenblase	2.83	103
spektakuläre	2.83	103
sintflut	2.83	103
touchdowns	2.83	103
freakshow	2.83	103
schlagartig	2.83	103
werds	2.83	103
aldous	2.83	103
forschungslabor	2.83	103
export	2.83	103
verbannte	2.83	103
royals	2.83	103
valentines	2.83	103
osterhase	2.83	103
mead	2.83	103
col	2.83	103
fleißiger	2.83	103
popularität	2.83	103
chipping	2.83	103
auswandern	2.83	103
schallend	2.83	103
nachtruhe	2.83	103
beigestanden	2.83	103
reih	2.83	103
association	2.83	103
eierkopf	2.83	103
verpetzen	2.83	103
warriors	2.83	103
inoffizielle	2.83	103
rasierte	2.83	103
kolosseum	2.83	103
zugewandt	2.83	103
herausragende	2.83	103
betäubungsgewehr	2.83	103
lotti	2.83	103
näherten	2.83	103
leibgericht	2.83	103
anwerber	2.83	103
nd	2.83	103
langjährigen	2.83	103
autofahrt	2.83	103
kontinenten	2.83	103
spuckte	2.83	103
verflixten	2.83	103
smartphone	2.83	103
hauptgebäude	2.83	103
fitzpatrick	2.83	103
bleibende	2.83	103
nahem	2.83	103
alufolie	2.83	103
cha-cha	2.83	103
abtasten	2.83	103
besitzern	2.83	103
robbe	2.83	103
zarek	2.83	103
realist	2.83	103
priest	2.83	103
überweisungen	2.83	103
amato	2.83	103
voranzutreiben	2.83	103
laufband	2.83	103
barmherzigen	2.83	103
anekdote	2.83	103
entfremdet	2.83	103
commonwealth	2.83	103
landminen	2.83	103
travolta	2.83	103
anlasser	2.83	103
existierten	2.83	103
unermesslich	2.83	103
sicherheitsgurte	2.83	103
longmire	2.83	103
kristi	2.83	103
friendly	2.83	103
fries	2.83	103
geplauder	2.83	103
menopause	2.83	103
nördlicher	2.83	103
crumb	2.83	103
beschwört	2.83	103
veum	2.83	103
restauriert	2.83	103
vertreibe	2.83	103
professionelles	2.83	103
ehepaare	2.83	103
kreuzte	2.83	103
revolverhelden	2.83	103
sparkonto	2.83	103
eskortiert	2.83	103
fallend	2.83	103
vietnamkrieg	2.83	103
unbegrenzten	2.83	103
abständen	2.83	103
herzensbrecher	2.83	103
aufzuzeichnen	2.83	103
mumps	2.83	103
pappa	2.83	103
spinal	2.83	103
mitstreiter	2.83	103
sticker	2.83	103
conchita	2.83	103
pet	2.83	103
pflanzte	2.83	103
büßt	2.83	103
funktionierenden	2.83	103
tilda	2.83	103
beschwichtigen	2.83	103
tran	2.83	103
empfindung	2.83	103
kommts	2.83	103
standpauke	2.83	103
krankgeschrieben	2.83	103
dumpf	2.83	103
verblüffen	2.83	103
enchanté	2.83	103
zurückverwandeln	2.83	103
sportunterricht	2.83	103
verräterische	2.83	103
konserviert	2.83	103
hay	2.83	103
telemetrie	2.83	103
gieriger	2.83	103
weinende	2.83	103
halbach	2.83	103
verstümmelung	2.83	103
auszulassen	2.83	103
teilung	2.83	103
beardsley	2.83	103
guinness	2.83	103
schönster	2.83	103
pfötchen	2.83	103
teleporter	2.83	103
waffenbesitz	2.83	103
tzu	2.83	103
brustbein	2.83	103
connection	2.83	103
brads	2.83	103
mitzwa	2.83	103
flughafens	2.83	103
dinar	2.83	103
schnellzug	2.83	103
jour	2.83	103
res	2.83	103
sonnensystems	2.83	103
verlobungsparty	2.83	103
legends	2.83	103
mp	2.83	103
affront	2.83	103
vergrault	2.83	103
durchschnittlicher	2.83	103
zs	2.83	103
scheue	2.83	102
olympus	2.83	102
außenseite	2.83	102
fortschrittliche	2.83	102
feilen	2.83	102
dekret	2.83	102
myriam	2.83	102
mayweather	2.83	102
guam	2.83	102
detektivarbeit	2.83	102
gerichtsmedizinerin	2.83	102
dealern	2.83	102
büffeln	2.83	102
morduntersuchung	2.83	102
erdenklichen	2.83	102
gesetzlichen	2.83	102
shades	2.83	102
fatma	2.83	102
lindberg	2.83	102
pfunde	2.83	102
pfählen	2.83	102
tb	2.83	102
dümmsten	2.83	102
stranguliert	2.83	102
dobson	2.83	102
sprotte	2.83	102
asami	2.83	102
auszuhelfen	2.83	102
siebenmal	2.83	102
tornados	2.83	102
ritterlichkeit	2.83	102
widerworte	2.83	102
übertrumpfen	2.83	102
unternehmt	2.83	102
überhand	2.83	102
beklage	2.83	102
gerste	2.83	102
zimmerschlüssel	2.83	102
cardassianern	2.83	102
gebratenes	2.83	102
zuspruch	2.83	102
zimmergenosse	2.83	102
michelles	2.83	102
vorzuziehen	2.83	102
startkapital	2.83	102
rückhand	2.83	102
assistenzärztin	2.83	102
harbour	2.83	102
gönnst	2.83	102
lilo	2.83	102
kabeln	2.83	102
cocktailparty	2.83	102
chlamydien	2.83	102
bekämpfte	2.83	102
zehennägel	2.83	102
aushängeschild	2.83	102
fallakten	2.83	102
abstellkammer	2.83	102
sasori	2.83	102
rädchen	2.83	102
hinausgeht	2.83	102
sekten	2.83	102
logans	2.83	102
handgepäck	2.83	102
tragbare	2.83	102
religiöses	2.83	102
cobain	2.83	102
eingehandelt	2.83	102
fachwissen	2.83	102
nachspeise	2.83	102
tischtennis	2.83	102
ap	2.83	102
glasscherben	2.83	102
menschenfresser	2.83	102
hilfssheriffs	2.83	102
desinfiziert	2.83	102
carry	2.83	102
hbo	2.83	102
anarchist	2.83	102
lauscht	2.83	102
verstoße	2.83	102
niro	2.83	102
tacoma	2.83	102
wählern	2.83	102
loverboy	2.83	102
verbrechensrate	2.83	102
classic	2.83	102
rannehmen	2.83	102
auberginen	2.83	102
fudge	2.83	102
tarik	2.83	102
garys	2.83	102
subjektiv	2.83	102
bettelst	2.83	102
höflichkeiten	2.83	102
abseilen	2.83	102
unnachgiebig	2.83	102
abhörung	2.83	102
bingham	2.83	102
zhu	2.83	102
untergräbt	2.83	102
pace	2.83	102
zauberbuch	2.83	102
rc	2.83	102
molina	2.83	102
sternensystem	2.83	102
ungeklärte	2.83	102
bragg	2.83	102
hinausläuft	2.83	102
aufseherin	2.83	102
herausgeputzt	2.83	102
unbehelligt	2.83	102
diagnosen	2.83	102
freckles	2.83	102
umgangsformen	2.83	102
bewahr	2.83	102
reinsehen	2.83	102
pisa	2.83	102
might	2.83	102
larven	2.83	102
goin	2.83	102
havre	2.83	102
radiosendung	2.83	102
paola	2.83	102
asiatin	2.83	102
loeb	2.83	102
notwendigerweise	2.83	102
ansel	2.83	102
verzerrung	2.83	102
unbekümmert	2.83	102
herbeiführen	2.83	102
keefe	2.83	102
trapp	2.83	102
ode	2.83	102
selige	2.83	102
sylvain	2.83	102
börge	2.83	102
geschlossener	2.83	102
glitzert	2.83	102
muskelprotz	2.83	102
argumentation	2.83	102
juana	2.83	102
andauert	2.83	102
verdächtigte	2.83	102
symbolen	2.83	102
schlechthin	2.83	102
harmonisch	2.83	102
auseinandergenommen	2.83	102
traube	2.83	102
helo	2.83	102
zeynep	2.83	102
receiver	2.83	102
bedürfen	2.83	102
crab	2.83	102
feuchter	2.83	102
minderwertige	2.83	102
fundbüro	2.83	102
begünstigt	2.83	102
hur	2.83	102
morddrohungen	2.83	102
ausschaltet	2.83	102
bonn	2.83	102
magenverstimmung	2.83	102
schreiende	2.83	102
einflussreichen	2.83	102
wespen	2.83	102
suggestion	2.83	102
besetzte	2.83	102
herzenswunsch	2.83	102
abzuschütteln	2.83	102
stottlemeyer	2.83	102
blackbeard	2.83	102
müllers	2.83	102
latex	2.83	102
proton	2.83	102
schwieg	2.83	102
bareil	2.83	102
gleiter	2.83	102
interessanterweise	2.83	102
tayler	2.83	102
shockley	2.83	102
abbau	2.83	102
theory	2.83	102
etta	2.83	102
since	2.83	102
zenturio	2.83	102
ranghöchste	2.83	102
anstandsdame	2.83	102
zusammenzuleben	2.83	102
hitch	2.83	102
brannigan	2.83	102
gefüllten	2.83	102
erforderlichen	2.83	102
niederreißen	2.83	102
enthülle	2.83	102
teilchenbeschleuniger	2.83	102
meisterhaft	2.83	102
oktopus	2.82	101
tweet	2.82	101
vorfahrt	2.82	101
nantes	2.82	101
umhüllt	2.82	101
iranische	2.82	101
gt	2.82	101
eskapaden	2.82	101
verwerflich	2.82	101
ehemaliges	2.82	101
pants	2.82	101
geniest	2.82	101
sympathien	2.82	101
erhaschen	2.82	101
minderjähriger	2.82	101
malp	2.82	101
irrgarten	2.82	101
mascara	2.82	101
hauptproblem	2.82	101
ziemt	2.82	101
pädophilen	2.82	101
navajo	2.82	101
pinke	2.82	101
ritualen	2.82	101
salto	2.82	101
pumps	2.82	101
unbefugte	2.82	101
flitzer	2.82	101
molekulare	2.82	101
velvet	2.82	101
beiläufig	2.82	101
brutales	2.82	101
transit	2.82	101
einzubauen	2.82	101
dahinterstecken	2.82	101
blickst	2.82	101
rachid	2.82	101
vergnügungen	2.82	101
eiskalter	2.82	101
natuerlich	2.82	101
chaim	2.82	101
autohändler	2.82	101
kursieren	2.82	101
mentalität	2.82	101
saftiges	2.82	101
militärschule	2.82	101
bend	2.82	101
einzuspringen	2.82	101
schlund	2.82	101
tomás	2.82	101
mahidevran	2.82	101
gargamel	2.82	101
störenfried	2.82	101
harpo	2.82	101
rostiger	2.82	101
leihgabe	2.82	101
stubenrein	2.82	101
xin	2.82	101
sprießen	2.82	101
halo	2.82	101
unsicheren	2.82	101
hierbleibst	2.82	101
kenshiro	2.82	101
kawasaki	2.82	101
majestätisch	2.82	101
gepachtet	2.82	101
ausschließt	2.82	101
haftet	2.82	101
eton	2.82	101
steuerfrei	2.82	101
westflügel	2.82	101
earls	2.82	101
jahresende	2.82	101
absalon	2.82	101
jammere	2.82	101
leichteste	2.82	101
schoßhund	2.82	101
kilometerweit	2.82	101
glaubwürdige	2.82	101
beschriftet	2.82	101
cervantes	2.82	101
loker	2.82	101
oralsex	2.82	101
streitwagen	2.82	101
einsatzbesprechung	2.82	101
aufblasen	2.82	101
rückmeldung	2.82	101
klavierklänge	2.82	101
beats	2.82	101
prügelte	2.82	101
einsitzen	2.82	101
caramba	2.82	101
seelenheil	2.82	101
byrd	2.82	101
waiting	2.82	101
erschreckende	2.82	101
boulder	2.82	101
auswärtige	2.82	101
widersprüchlich	2.82	101
arlena	2.82	101
kolumbianische	2.82	101
tierverhalten	2.82	101
ödland	2.82	101
piranhas	2.82	101
mohawk	2.82	101
eingegraben	2.82	101
esperanza	2.82	101
hortense	2.82	101
isch	2.82	101
shrimp	2.82	101
aberdeen	2.82	101
chronik	2.82	101
unpersönlich	2.82	101
tramp	2.82	101
gunderson	2.82	101
regionale	2.82	101
lehrmeister	2.82	101
dolmetscherin	2.82	101
legales	2.82	101
eigenartigen	2.82	101
markiere	2.82	101
zerstör	2.82	101
pang	2.82	101
northman	2.82	101
assimilieren	2.82	101
tamsin	2.82	101
rinaldo	2.82	101
tet	2.82	101
abstürzte	2.82	101
krantz	2.82	101
wievielte	2.82	101
durcheinandergebracht	2.82	101
finalen	2.82	101
justizvollzugsanstalt	2.82	101
jayne	2.82	101
heilerin	2.82	101
übersieht	2.82	101
giraffen	2.82	101
esta	2.82	101
falschaussage	2.82	101
neubeginn	2.82	101
nürnberg	2.82	101
sackgesicht	2.82	101
geschlechtsumwandlung	2.82	101
drinsteckt	2.82	101
entziehungskur	2.82	101
missbrauchs	2.82	101
eustace	2.82	101
geknebelt	2.82	101
rübergekommen	2.82	101
bodega	2.82	101
gemüsegarten	2.82	101
crewman	2.82	101
watergate	2.82	101
götterspeise	2.82	101
faultier	2.82	101
wochentag	2.82	101
lp	2.82	101
fad	2.82	101
studiengebühren	2.82	101
kontoauszüge	2.82	101
bekämpfung	2.82	101
untauglich	2.82	101
gottlose	2.82	101
westwärts	2.82	101
pferdedieb	2.82	101
blinddarmentzündung	2.82	101
ausgeplaudert	2.82	101
laos	2.82	101
zahnbürsten	2.82	101
schichtwechsel	2.82	101
ungarischen	2.82	101
francoise	2.82	101
endloser	2.82	101
biblischen	2.82	101
knack	2.82	101
abdomen	2.82	101
normalem	2.82	101
hobart	2.82	101
loukauskis	2.82	101
vertrautes	2.82	101
parkman	2.82	101
wilkinson	2.82	101
rausgeputzt	2.82	101
mörderischer	2.82	101
reinpasst	2.82	101
hanf	2.82	101
einblicke	2.82	101
wirbelt	2.82	101
tutet	2.82	101
kalifornische	2.82	101
vize-präsident	2.82	101
angegossen	2.82	101
wirbelwind	2.82	101
geplapper	2.82	101
vane	2.82	101
unerlaubtes	2.82	101
wiederzuhaben	2.82	101
ungeborenes	2.82	101
luck	2.82	101
stammgäste	2.82	101
marienkäfer	2.82	101
siesta	2.82	101
yousef	2.82	101
elspeth	2.82	101
gerti	2.82	101
ansprach	2.82	101
gestützt	2.82	101
frittierte	2.82	101
abwasserkanal	2.82	101
minsk	2.82	101
finanziere	2.82	101
reichts	2.82	101
dry	2.82	101
ausliefert	2.82	101
chesterfield	2.82	101
probanden	2.82	101
brustwarze	2.82	101
hate	2.82	101
veruntreut	2.82	101
zion	2.82	101
amazon	2.82	101
carlsen	2.82	101
werwölfen	2.82	101
lipgloss	2.82	101
rührende	2.82	101
minder	2.82	101
forget	2.82	101
verschlang	2.82	101
weeks	2.82	101
geklemmt	2.82	101
verknackt	2.82	101
schaltung	2.82	101
koothrappali	2.82	100
brause	2.82	100
geselle	2.82	100
kehrseite	2.82	100
umgangen	2.82	100
angsteinflößend	2.82	100
dreyfuss	2.82	100
persönlichkeitsstörung	2.82	100
stopfte	2.82	100
schillinge	2.82	100
subtile	2.82	100
savonarola	2.82	100
ehemännern	2.82	100
zufriedenstellen	2.82	100
bray	2.82	100
sauftour	2.82	100
schnuckelchen	2.82	100
angeschwollen	2.82	100
ashford	2.82	100
sechseinhalb	2.82	100
geschichtslehrer	2.82	100
abfalleimer	2.82	100
engagierten	2.82	100
bagchi	2.82	100
spam	2.82	100
history	2.82	100
psychopathin	2.82	100
schorsch	2.82	100
regenbogens	2.82	100
kicken	2.82	100
riccardo	2.82	100
suchtrupps	2.82	100
ehrerbietung	2.82	100
erweckte	2.82	100
theatergruppe	2.82	100
fünftes	2.82	100
iz	2.82	100
mcfly	2.82	100
carrolls	2.82	100
herold	2.82	100
reaktiviert	2.82	100
brettern	2.82	100
feile	2.82	100
zugestehen	2.82	100
wehrlose	2.82	100
lucian	2.82	100
minne	2.82	100
putnam	2.82	100
gedämpftes	2.82	100
kaliforniens	2.82	100
drexler	2.82	100
verharren	2.82	100
terpentin	2.82	100
geisterbahn	2.82	100
k-a-k-mann	2.82	100
pay	2.82	100
familienfoto	2.82	100
begebt	2.82	100
miraculix	2.82	100
trash	2.82	100
angeklopft	2.82	100
magnetisch	2.82	100
wedding	2.82	100
ausgefahren	2.82	100
berücksichtigung	2.82	100
vendetta	2.82	100
bussen	2.82	100
rumgekommen	2.82	100
nashörner	2.82	100
aufführst	2.82	100
pantoffel	2.82	100
barn	2.82	100
toshio	2.82	100
sosuke	2.82	100
täufer	2.82	100
gegenmaßnahmen	2.82	100
sonstwo	2.82	100
pac-man	2.82	100
glitzern	2.82	100
maitland	2.82	100
satellitenschüssel	2.82	100
eingegrenzt	2.82	100
executive	2.82	100
anekdoten	2.82	100
escher	2.82	100
sita	2.82	100
amo	2.82	100
uniformierte	2.82	100
erwäge	2.82	100
verstopfen	2.82	100
beschworen	2.82	100
schwingst	2.82	100
kaylie	2.82	100
erfolgreichste	2.82	100
goodson	2.82	100
familienerbstück	2.82	100
marcella	2.82	100
kundinnen	2.82	100
gefangengenommen	2.82	100
pathetisch	2.82	100
rückstoß	2.82	100
hetz	2.82	100
wicked	2.82	100
milliliter	2.82	100
ausbeute	2.82	100
bereitgestellt	2.82	100
festungen	2.82	100
ungehalten	2.82	100
durchschnittlichen	2.82	100
bereitschaftsraum	2.82	100
krankhafte	2.82	100
bastelt	2.82	100
eroberten	2.82	100
analysierte	2.82	100
leichenbestatter	2.82	100
verschnaufen	2.82	100
dickdarm	2.82	100
drückten	2.82	100
corned	2.82	100
unanständige	2.82	100
kururugi	2.82	100
wordsworth	2.82	100
samira	2.82	100
prager	2.82	100
ausgeholfen	2.82	100
arzneimittel	2.82	100
gefolgsleute	2.82	100
mcleods	2.82	100
kipling	2.82	100
bekanntgeben	2.82	100
mühlen	2.82	100
dutton	2.82	100
champagne	2.82	100
whipper	2.82	100
schnitzer	2.82	100
zurückgeworfen	2.82	100
klatsche	2.82	100
lovers	2.82	100
hike	2.82	100
basilikum	2.82	100
wilkommen	2.82	100
misshandeln	2.82	100
schwerfällt	2.82	100
sternenflottenkommando	2.82	100
kreuzweise	2.82	100
zwölfte	2.82	100
chrom	2.82	100
krycek	2.82	100
untersetzer	2.82	100
shumway	2.82	100
fährmann	2.82	100
kassiere	2.82	100
sprengstoffe	2.82	100
guts	2.82	100
zelena	2.82	100
wandelndes	2.82	100
zerstreuung	2.82	100
verfallsdatum	2.82	100
hohepriester	2.82	100
pilgerfahrt	2.82	100
zankou	2.82	100
appétit	2.82	100
grimmig	2.82	100
verderbe	2.82	100
durchsetzt	2.82	100
makes	2.82	100
sting	2.82	100
barkeeperin	2.82	100
gesetzliche	2.82	100
weihnachtsgeschenke	2.82	100
verdufte	2.82	100
runterzukommen	2.82	100
alpakas	2.82	100
schlittschuh	2.82	100
guineas	2.82	100
stabilen	2.82	100
sperrst	2.82	100
thriller	2.82	100
auffahren	2.82	100
gerockt	2.82	100
pim	2.82	100
unachtsam	2.82	100
somewhere	2.82	100
eros	2.82	100
unterdrücker	2.82	100
hardcastles	2.82	100
rumzumachen	2.82	100
fettnäpfchen	2.82	100
t-bag	2.82	100
chazz	2.82	100
leichentuch	2.82	100
exponentiell	2.82	100
einschläfst	2.82	100
abklären	2.82	100
verlobungsfeier	2.82	100
zeitreisende	2.82	100
beethovens	2.82	100
zin	2.82	100
befahlen	2.82	100
merrill	2.82	100
tommaso	2.82	100
kopfwunde	2.82	100
tischdecke	2.82	100
wechsele	2.82	100
floristen	2.82	100
ausflippt	2.82	100
dune	2.82	100
untersuchungsausschuss	2.82	100
zuschicken	2.82	100
ruhmreichen	2.82	100
matador	2.82	100
orwell	2.82	100
belvedere	2.82	100
familienfotos	2.82	100
solloway	2.82	100
feministin	2.82	100
objektive	2.82	100
lebensläufe	2.82	100
wackel	2.82	100
designerin	2.82	100
musen	2.82	100
pollux	2.82	100
hochgradig	2.82	100
kaufvertrag	2.82	100
akuter	2.82	100
silk	2.82	100
molto	2.82	100
abfällt	2.82	100
hawes	2.82	100
elektronen	2.82	100
catco	2.82	100
faselst	2.82	100
hickok	2.82	100
oversight	2.82	100
abfüllen	2.82	100
mankato	2.82	100
ir	2.82	100
odum	2.82	100
mittelklasse	2.82	100
fda	2.82	100
sauge	2.82	100
erstellte	2.82	100
vida	2.82	100
barrows	2.82	100
sardinien	2.82	100
zerocl	2.82	100
schriftliches	2.82	100
bottom	2.82	100
beweisführung	2.81	99
besiegst	2.81	99
yung	2.81	99
schamanen	2.81	99
atemlos	2.81	99
lar	2.81	99
schnorren	2.81	99
übereinstimmungen	2.81	99
zoomen	2.81	99
gi	2.81	99
meschugge	2.81	99
rodolfo	2.81	99
optimale	2.81	99
miley	2.81	99
affentheater	2.81	99
impliziert	2.81	99
bierko	2.81	99
dickson	2.81	99
arschbacken	2.81	99
ausgekommen	2.81	99
verbanne	2.81	99
kaffeetasse	2.81	99
letze	2.81	99
auffinden	2.81	99
fehlzündung	2.81	99
mystery	2.81	99
mitzvah	2.81	99
bremen	2.81	99
goofy	2.81	99
goetz	2.81	99
humpeln	2.81	99
niyazi	2.81	99
verschwören	2.81	99
felgen	2.81	99
drüsen	2.81	99
achter	2.81	99
brumm	2.81	99
font	2.81	99
herumlungern	2.81	99
crimson	2.81	99
blocken	2.81	99
marietta	2.81	99
bellevue	2.81	99
cardinal	2.81	99
schwammen	2.81	99
stierkämpfer	2.81	99
explodierten	2.81	99
muchas	2.81	99
holländische	2.81	99
quakt	2.81	99
wehrdienst	2.81	99
aufgesammelt	2.81	99
checkliste	2.81	99
einher	2.81	99
brava	2.81	99
abrasiert	2.81	99
darmody	2.81	99
weltbesten	2.81	99
quetschungen	2.81	99
knallharter	2.81	99
muslimische	2.81	99
muhammed	2.81	99
verhilft	2.81	99
zoë	2.81	99
willige	2.81	99
chica	2.81	99
erwachsenwerden	2.81	99
heiligt	2.81	99
unparteiisch	2.81	99
falco	2.81	99
freds	2.81	99
wirtschaftslage	2.81	99
astronomen	2.81	99
continental	2.81	99
nahrhaft	2.81	99
laila	2.81	99
entging	2.81	99
schlitzt	2.81	99
festliche	2.81	99
wire	2.81	99
montauk	2.81	99
westseite	2.81	99
manfredi	2.81	99
amboss	2.81	99
aufzuteilen	2.81	99
jau	2.81	99
beaufort	2.81	99
lorena	2.81	99
ietzten	2.81	99
forschungsarbeit	2.81	99
markov	2.81	99
roddy	2.81	99
lamborghini	2.81	99
abgetrennten	2.81	99
sechser	2.81	99
sonnenuntergänge	2.81	99
trachten	2.81	99
garaus	2.81	99
fernrohr	2.81	99
höchststrafe	2.81	99
fellow	2.81	99
akne	2.81	99
angehabt	2.81	99
yar	2.81	99
rohypnol	2.81	99
rumgekriegt	2.81	99
tuen	2.81	99
tätern	2.81	99
herausfordert	2.81	99
pharaonen	2.81	99
erdatmosphäre	2.81	99
mamba	2.81	99
stöße	2.81	99
belly	2.81	99
nba	2.81	99
cilly	2.81	99
yumi	2.81	99
klebrige	2.81	99
jean-marc	2.81	99
jeannette	2.81	99
bezirzen	2.81	99
kaust	2.81	99
opus	2.81	99
einzubringen	2.81	99
kommandantin	2.81	99
einsatzwagen	2.81	99
bekanntesten	2.81	99
curie	2.81	99
abschneidet	2.81	99
took	2.81	99
überlegenen	2.81	99
goody	2.81	99
kunststoff	2.81	99
reliquien	2.81	99
zugeknöpft	2.81	99
kamal	2.81	99
interdicted	2.81	99
allee	2.81	99
beflügelt	2.81	99
umgänglich	2.81	99
bereitstehen	2.81	99
indio	2.81	99
eingebunden	2.81	99
rekonstruiert	2.81	99
ridges	2.81	99
konkubinen	2.81	99
beschränkungen	2.81	99
zutage	2.81	99
getränken	2.81	99
forsch	2.81	99
rosemarie	2.81	99
aristokraten	2.81	99
grounder	2.81	99
pritchett	2.81	99
clarisse	2.81	99
zentral	2.81	99
flussbett	2.81	99
stressen	2.81	99
symbolische	2.81	99
aris	2.81	99
metalldetektor	2.81	99
friedensvertrag	2.81	99
landwirt	2.81	99
dartmouth	2.81	99
iso	2.81	99
hokkaido	2.81	99
unmöglicher	2.81	99
südpazifik	2.81	99
abgehangen	2.81	99
sensibles	2.81	99
athelstan	2.81	99
vertrautheit	2.81	99
ausgestochen	2.81	99
targaryen	2.81	99
fütterte	2.81	99
gelula	2.81	99
geruht	2.81	99
2o	2.81	99
seelischen	2.81	99
vijay	2.81	99
haushoch	2.81	99
erhören	2.81	99
abszess	2.81	99
einstiche	2.81	99
barbarei	2.81	99
cork	2.81	99
orin	2.81	99
rinnt	2.81	99
hierzulande	2.81	99
namenloser	2.81	99
verteilst	2.81	99
wracks	2.81	99
schmollt	2.81	99
möget	2.81	99
tuhan	2.81	99
uneheliche	2.81	99
pig	2.81	99
vermögenswerte	2.81	99
unsterblicher	2.81	99
chfbfa34	2.81	99
oğuz	2.81	99
eingebildeter	2.81	99
staatsanwälte	2.81	99
embryo	2.81	99
eichel	2.81	99
unbedacht	2.81	99
trödel	2.81	99
metastasen	2.81	99
lebron	2.81	99
carolines	2.81	99
milchprodukte	2.81	99
fehlerfrei	2.81	99
schmieriger	2.81	99
timberlake	2.81	99
packten	2.81	99
beruhigte	2.81	99
überflüssige	2.81	99
ely	2.81	99
claypool	2.81	99
wundervollste	2.81	99
gemütliche	2.81	99
stromberg	2.81	99
spitzer	2.81	99
eindämmungsfeld	2.81	99
vegetarisch	2.81	99
langjährige	2.81	99
fulci	2.81	99
s01e04	2.81	99
schreckhaft	2.81	99
bahnhöfe	2.81	98
willkommene	2.81	98
anbetung	2.81	98
simulator	2.81	98
zurückzuschicken	2.81	98
mittelfeld	2.81	98
auszuzahlen	2.81	98
führungsqualitäten	2.81	98
entnehme	2.81	98
umdrehte	2.81	98
knicken	2.81	98
saukerl	2.81	98
basisschiff	2.81	98
sakura	2.81	98
chronos	2.81	98
halloran	2.81	98
finny	2.81	98
sokar	2.81	98
display	2.81	98
sondersendung	2.81	98
unwichtige	2.81	98
kleingedruckte	2.81	98
vandalen	2.81	98
leckte	2.81	98
todeszeit	2.81	98
tantiemen	2.81	98
viviane	2.81	98
liegende	2.81	98
bauwerk	2.81	98
liebenswürdigkeit	2.81	98
lithium	2.81	98
sarina	2.81	98
seetang	2.81	98
weichling	2.81	98
abhörst	2.81	98
zweifelhaften	2.81	98
zeitachse	2.81	98
dekolleté	2.81	98
äußerung	2.81	98
belog	2.81	98
schwerlich	2.81	98
brat	2.81	98
honor	2.81	98
testlauf	2.81	98
gables	2.81	98
polypen	2.81	98
unhygienisch	2.81	98
zugsignal	2.81	98
preiswert	2.81	98
vermisstes	2.81	98
hinwollte	2.81	98
bratton	2.81	98
astrein	2.81	98
finsterer	2.81	98
geiselnehmer	2.81	98
raiders	2.81	98
palais	2.81	98
servierst	2.81	98
unkonzentriert	2.81	98
alois	2.81	98
altmodisches	2.81	98
portsmouth	2.81	98
uraltes	2.81	98
stundenkilometer	2.81	98
kapitalisten	2.81	98
mitnahmen	2.81	98
kommunistin	2.81	98
einsperrt	2.81	98
hogue	2.81	98
gesteh	2.81	98
gefühlvoll	2.81	98
abkassieren	2.81	98
lebenslanger	2.81	98
nickie	2.81	98
vicomte	2.81	98
regalen	2.81	98
eiter	2.81	98
leibt	2.81	98
festem	2.81	98
todesanzeige	2.81	98
freizeitpark	2.81	98
snape	2.81	98
mexikanerin	2.81	98
planes	2.81	98
seriösen	2.81	98
leblanc	2.81	98
nichtsnutziger	2.81	98
anhörst	2.81	98
urs	2.81	98
stromkreis	2.81	98
plötzliches	2.81	98
mather	2.81	98
kostümparty	2.81	98
ausblasen	2.81	98
renauld	2.81	98
befehlsverweigerung	2.81	98
vorspulen	2.81	98
abernathy	2.81	98
präparat	2.81	98
hinsetzt	2.81	98
semak	2.81	98
abzustimmen	2.81	98
rituelle	2.81	98
furie	2.81	98
irrationale	2.81	98
tink	2.81	98
transparent	2.81	98
vorzimmer	2.81	98
äbtissin	2.81	98
eddington	2.81	98
erlangte	2.81	98
hereinbitten	2.81	98
freikaufen	2.81	98
benützen	2.81	98
durchführte	2.81	98
driver	2.81	98
potenzieller	2.81	98
indios	2.81	98
einlagen	2.81	98
schweinebraten	2.81	98
unhöflichkeit	2.81	98
navarre	2.81	98
californication	2.81	98
rotation	2.81	98
lottie	2.81	98
jeffs	2.81	98
grenzenlose	2.81	98
edda	2.81	98
unglückliches	2.81	98
mundbewegungen	2.81	98
strähne	2.81	98
anklagepunkten	2.81	98
wickelte	2.81	98
steife	2.81	98
krasses	2.81	98
zertifikat	2.81	98
bauernmädchen	2.81	98
weben	2.81	98
ragout	2.81	98
mandschurei	2.81	98
musketen	2.81	98
salutiert	2.81	98
nahesteht	2.81	98
kikeriki	2.81	98
bugsy	2.81	98
vergraulen	2.81	98
sikes	2.81	98
spielende	2.81	98
bewachten	2.81	98
übels	2.81	98
seans	2.81	98
ausgeprägt	2.81	98
feuertreppe	2.81	98
telefonen	2.81	98
sauerstoffmangel	2.81	98
gasleck	2.81	98
wohlgesonnen	2.81	98
sonderpreis	2.81	98
anlehnen	2.81	98
cally	2.81	98
eingeräumt	2.81	98
souveränität	2.81	98
briefkästen	2.81	98
dorie	2.81	98
karol	2.81	98
betrinkt	2.81	98
griffel	2.81	98
cheri	2.81	98
erbes	2.81	98
rumba	2.81	98
pussycat	2.81	98
vick	2.81	98
fuhrst	2.81	98
videoaufnahmen	2.81	98
größtem	2.81	98
hogarth	2.81	98
rumhängst	2.81	98
abfällig	2.81	98
schließfächer	2.81	98
verkleidungen	2.81	98
sendete	2.81	98
dime	2.81	98
weiterschlafen	2.81	98
mexx79	2.81	98
yuen	2.81	98
rüde	2.81	98
räudigen	2.81	98
ausgeschrieben	2.81	98
blinzle	2.81	98
ehrensache	2.81	98
gerichten	2.81	98
vorgab	2.81	98
knackarsch	2.81	98
aufgekratzt	2.81	98
vororten	2.81	98
gefechtsstation	2.81	98
erzeuger	2.81	98
vegetation	2.81	98
geforscht	2.81	98
irrtümlich	2.81	98
motorengeräusche	2.81	98
verräterischen	2.81	98
bethesda	2.81	98
stinklangweilig	2.81	98
lichtjahren	2.81	98
schnittwunde	2.81	98
fehlers	2.81	98
anyone	2.81	98
cuba	2.81	98
fachleute	2.81	98
arkady	2.81	98
shing	2.81	98
teamleiter	2.81	98
plo	2.81	98
abtrünniger	2.81	98
jährige	2.81	98
wiederkehren	2.81	98
bisse	2.81	98
rammbock	2.81	98
jungfräuliche	2.81	98
gruppentherapie	2.81	98
rubine	2.81	98
verwesen	2.81	98
missionare	2.81	98
gesprüht	2.81	98
cochise	2.81	98
kublai	2.81	98
lyn	2.81	98
freizugeben	2.81	98
fünfeinhalb	2.81	98
mammy	2.81	98
kürzere	2.81	98
avanti	2.81	98
sloth	2.81	98
nigar	2.81	98
übergaben	2.81	98
auszuspielen	2.81	98
nasty	2.81	98
aufschluss	2.81	98
seherin	2.81	98
greco	2.81	98
gleichem	2.81	98
konventionelle	2.81	98
einzog	2.81	98
heldentum	2.81	98
dunning	2.81	98
schweißen	2.81	98
unerledigte	2.81	98
fanpost	2.81	98
hinterbliebenen	2.81	98
beigelegt	2.81	98
taktisches	2.81	98
bastarden	2.81	98
feindseligkeiten	2.81	98
doctors	2.81	98
damme	2.81	98
einrenken	2.81	98
erschreck	2.81	98
nachgemacht	2.81	98
kirchturm	2.81	98
einzulösen	2.81	98
branko	2.81	98
säfte	2.81	98
finito	2.81	98
eindringlich	2.81	97
yao	2.81	97
porto	2.81	97
paintball	2.81	97
bulldog	2.81	97
naß	2.81	97
gan	2.81	97
deng	2.81	97
oss	2.81	97
kroger	2.81	97
widerstandes	2.81	97
zittrig	2.81	97
nachtschichten	2.81	97
abgabetermin	2.81	97
rotkehlchen	2.81	97
mahlen	2.81	97
verliehenen	2.81	97
durchdrungen	2.81	97
bleifuß	2.81	97
telepathischen	2.81	97
beziehst	2.81	97
geschäftssinn	2.81	97
vermiete	2.81	97
dade	2.81	97
feuerbereit	2.81	97
hunters	2.81	97
tagesstätte	2.81	97
adoptierte	2.81	97
fortgeschickt	2.81	97
sippschaft	2.81	97
hup	2.81	97
übertrumpft	2.81	97
fürze	2.81	97
häuptlinge	2.81	97
schwitzkasten	2.81	97
rothschild	2.81	97
spirituosen	2.81	97
amoklauf	2.81	97
stattliche	2.81	97
teddybären	2.81	97
friseurin	2.81	97
beschaffenheit	2.81	97
aktivierte	2.81	97
latin	2.81	97
kitsch	2.81	97
assistiert	2.81	97
veranlassung	2.81	97
häßlich	2.81	97
mattis	2.81	97
berthier	2.81	97
entzugserscheinungen	2.81	97
grimms	2.81	97
cabernet	2.81	97
bedenklich	2.81	97
vorweg	2.81	97
bildschön	2.81	97
adoptiveltern	2.81	97
hungernden	2.81	97
tipptopp	2.81	97
wehrlosen	2.81	97
seaworld	2.81	97
synchro	2.81	97
kaoru	2.81	97
revolutionen	2.81	97
völliges	2.81	97
polio	2.81	97
umgehe	2.81	97
angefressen	2.81	97
überfragt	2.81	97
lesern	2.81	97
blablabla	2.81	97
sméagol	2.81	97
schärfsten	2.81	97
coionei	2.81	97
appetitlich	2.81	97
schamlose	2.81	97
geniales	2.81	97
rausschleichen	2.81	97
tanzpartner	2.81	97
landkarten	2.81	97
anspruchsvolle	2.81	97
basketballspiel	2.81	97
offiziersmesse	2.81	97
mucki	2.81	97
nanosonden	2.81	97
ibn	2.81	97
indochina	2.81	97
hindus	2.81	97
jugendknast	2.81	97
kimmie	2.81	97
meise	2.81	97
autowaschanlage	2.81	97
piney	2.81	97
villen	2.81	97
ballet	2.81	97
meade	2.81	97
gebratenen	2.81	97
imperial	2.81	97
zurückruft	2.81	97
wegzuziehen	2.81	97
lim	2.81	97
prallt	2.81	97
limited	2.81	97
filippo	2.81	97
zyste	2.81	97
liams	2.81	97
s01e03	2.81	97
l.a.p.d.	2.81	97
elegantes	2.81	97
übergezogen	2.81	97
kurzfristige	2.81	97
aula	2.81	97
berlioz	2.81	97
alana	2.81	97
maps	2.81	97
erhöhter	2.81	97
vereist	2.81	97
baumstumpf	2.81	97
paranoider	2.81	97
kick-ass	2.81	97
expeditionen	2.81	97
austrocknen	2.81	97
vereinbarte	2.81	97
unruhige	2.81	97
blob	2.81	97
regenzeit	2.81	97
cartagena	2.81	97
gemeinste	2.81	97
maisfeld	2.81	97
karli	2.81	97
mickrigen	2.81	97
entledigt	2.81	97
leisteten	2.81	97
poison	2.81	97
erholte	2.81	97
neuankömmlinge	2.81	97
bjarne	2.81	97
brasilianischen	2.81	97
schlittschuhlaufen	2.81	97
festsitzt	2.81	97
kimba	2.81	97
wirtschaftlich	2.81	97
yo-yo	2.81	97
verfiel	2.81	97
experimentierte	2.81	97
eugenia	2.81	97
spy	2.81	97
gefasel	2.81	97
picknicken	2.81	97
suspekt	2.81	97
gescheiter	2.81	97
hummus	2.81	97
tragende	2.81	97
mockingbird	2.81	97
sinnloser	2.81	97
koteletten	2.81	97
superb	2.81	97
gynäkologen	2.81	97
weihnachtsmorgen	2.81	97
näherin	2.81	97
übersinnlichen	2.81	97
präfektur	2.81	97
hauptrechner	2.81	97
wettbüro	2.81	97
runs	2.81	97
aufbewahrung	2.81	97
güterzug	2.81	97
silence	2.81	97
kryptonier	2.81	97
verzauberte	2.81	97
judson	2.81	97
heimsucht	2.81	97
miho	2.81	97
zackig	2.81	97
argumentiert	2.81	97
erblinden	2.81	97
voltaire	2.81	97
stütz	2.81	97
entfesseln	2.81	97
mahmoud	2.81	97
siedlungen	2.81	97
siam	2.81	97
tütchen	2.81	97
erkrankte	2.81	97
überstellt	2.81	97
fiesta	2.81	97
ähnelst	2.81	97
diz	2.81	97
veto	2.81	97
tron	2.81	97
naivität	2.81	97
runterfällt	2.81	97
ilya	2.81	97
collage	2.81	97
bully	2.81	97
parlaments	2.81	97
vordereingang	2.81	97
erheblichen	2.81	97
wiederzuerlangen	2.81	97
volke	2.81	97
faulpelze	2.81	97
bemuttern	2.81	97
fototermin	2.81	97
verträgen	2.81	97
schlössern	2.81	97
duellieren	2.81	97
ortung	2.81	97
strickjacke	2.81	97
kal	2.81	97
überrasch	2.81	97
pulle	2.81	97
charge	2.81	97
literarische	2.81	97
morgenstern	2.81	97
fängen	2.81	97
rotieren	2.81	97
servierte	2.81	97
baudelaire	2.81	97
telegrafiert	2.81	97
auszahlt	2.81	97
zellengenossen	2.81	97
rotröcke	2.81	97
centre	2.81	97
bibliotheken	2.81	97
sizilianer	2.81	97
demon	2.81	97
rumspielen	2.81	97
handelns	2.80	96
überzeugst	2.80	96
hofdame	2.80	96
kurzfassung	2.80	96
konfitüre	2.80	96
ausrechnen	2.80	96
schuljunge	2.80	96
culpepper	2.80	96
patrizia	2.80	96
brät	2.80	96
dons	2.80	96
gegrillte	2.80	96
schwarzweiß	2.80	96
geschwollene	2.80	96
trotzt	2.80	96
jubei	2.80	96
addie	2.80	96
knechtschaft	2.80	96
betone	2.80	96
herbeirufen	2.80	96
steinigen	2.80	96
freeze	2.80	96
bezirzt	2.80	96
kyla	2.80	96
metamorphose	2.80	96
forschungsinstitut	2.80	96
avec	2.80	96
realismus	2.80	96
kegeln	2.80	96
produziere	2.80	96
bankdirektor	2.80	96
mau	2.80	96
angezweifelt	2.80	96
denkzettel	2.80	96
beherzigen	2.80	96
siebter	2.80	96
aussätzige	2.80	96
zielscheiben	2.80	96
tankwagen	2.80	96
spionageabwehr	2.80	96
thanks	2.80	96
klammerst	2.80	96
abverlangt	2.80	96
spreng	2.80	96
ehrbar	2.80	96
schmitt	2.80	96
opernhaus	2.80	96
varieté	2.80	96
pulitzer	2.80	96
gejohle	2.80	96
knackigen	2.80	96
suarez	2.80	96
tolliver	2.80	96
beliebig	2.80	96
ding-dong	2.80	96
hierbleibe	2.80	96
eastman	2.80	96
schont	2.80	96
blitzschlag	2.80	96
mobbing	2.80	96
freiheitsstrafe	2.80	96
gewinns	2.80	96
laugier	2.80	96
markos	2.80	96
herzstück	2.80	96
entsorgung	2.80	96
grr	2.80	96
qing	2.80	96
schlummertrunk	2.80	96
schwärmerei	2.80	96
verleumdungen	2.80	96
bogenschütze	2.80	96
lovely	2.80	96
rastlos	2.80	96
mechs	2.80	96
brodie	2.80	96
untaten	2.80	96
schnallst	2.80	96
petto	2.80	96
riskanter	2.80	96
kronzeuge	2.80	96
aufenthalts	2.80	96
wahrzeichen	2.80	96
nachträglich	2.80	96
gefährde	2.80	96
zündkerzen	2.80	96
unvergleichliche	2.80	96
getreuen	2.80	96
herhalten	2.80	96
aslan	2.80	96
polizeigewahrsam	2.80	96
entbindungsstation	2.80	96
anwendet	2.80	96
einholt	2.80	96
temporär	2.80	96
levinson	2.80	96
beendeten	2.80	96
freigang	2.80	96
vasektomie	2.80	96
aqua	2.80	96
wundbrand	2.80	96
dominante	2.80	96
zenith	2.80	96
leid.	2.80	96
funktioniere	2.80	96
gigs	2.80	96
platsch	2.80	96
galloway	2.80	96
booster	2.80	96
reiflicher	2.80	96
crittendon	2.80	96
ästhetik	2.80	96
dawg	2.80	96
funkelt	2.80	96
besonderheiten	2.80	96
einziehe	2.80	96
raussuchen	2.80	96
sonnenstich	2.80	96
verstrahlt	2.80	96
cartouche	2.80	96
trümpfe	2.80	96
abgetreten	2.80	96
sarang	2.80	96
diele	2.80	96
lebenserfahrung	2.80	96
verzeichnen	2.80	96
aufweisen	2.80	96
rolls-royce	2.80	96
daxam	2.80	96
altersschwäche	2.80	96
bilanzen	2.80	96
pino	2.80	96
rohstoffe	2.80	96
humanoid	2.80	96
trainierten	2.80	96
erachtens	2.80	96
zink	2.80	96
herrschenden	2.80	96
doherty	2.80	96
katastrophale	2.80	96
gluten	2.80	96
g.d.	2.80	96
talentsucher	2.80	96
puta	2.80	96
verkabelung	2.80	96
angeschmiert	2.80	96
niggern	2.80	96
giganten	2.80	96
schreibblockade	2.80	96
iassen	2.80	96
knirscht	2.80	96
zyklopen	2.80	96
rastplatz	2.80	96
lokalnachrichten	2.80	96
verfehlungen	2.80	96
verhalf	2.80	96
zi	2.80	96
liquidiert	2.80	96
versus	2.80	96
drohenden	2.80	96
julchen	2.80	96
gerichtlich	2.80	96
coeur	2.80	96
unerklärlichen	2.80	96
siegte	2.80	96
negan	2.80	96
benni	2.80	96
gemeinschaftsraum	2.80	96
mosley	2.80	96
bewertungen	2.80	96
zooey	2.80	96
nanking	2.80	96
scheißleben	2.80	96
slotter	2.80	96
nettigkeit	2.80	96
messwerte	2.80	96
juckreiz	2.80	96
kutner	2.80	96
unerfreuliche	2.80	96
portfolio	2.80	96
fuhrpark	2.80	96
einsetzte	2.80	96
eislaufen	2.80	96
wiedergegeben	2.80	96
verteidigungsministeriums	2.80	96
updates	2.80	96
motorroller	2.80	96
loulou	2.80	96
kan	2.80	96
bp	2.80	96
danke.	2.80	96
gacet	2.80	96
menschheitsgeschichte	2.80	96
sesamstraße	2.80	96
landurlaub	2.80	96
gemunkelt	2.80	96
neurologie	2.80	96
spätzchen	2.80	96
beruft	2.80	96
nebenstraßen	2.80	96
reykjavik	2.80	96
demarco	2.80	96
wundersames	2.80	96
oberschicht	2.80	96
gemisch	2.80	96
verstümmelte	2.80	96
nagelt	2.80	96
moderatorin	2.80	96
gepfiffen	2.80	96
hufen	2.80	96
büchsen	2.80	96
dink	2.80	96
miro	2.80	96
vorgesorgt	2.80	96
farbig	2.80	96
ramsch	2.80	96
individuellen	2.80	96
bewachte	2.80	96
zählten	2.80	96
kontaktdaten	2.80	96
spat	2.80	96
verschrieb	2.80	96
macgregor	2.80	96
ausgebaut	2.80	96
staut	2.80	96
durchbringen	2.80	96
lahmlegen	2.80	96
fatalen	2.80	96
vermerken	2.80	96
hingeschmissen	2.80	96
midlife-crisis	2.80	96
frühlingsrollen	2.80	96
schleudert	2.80	96
pazifist	2.80	96
anwesens	2.80	96
amtierenden	2.80	96
fitnessraum	2.80	96
gitarrenklänge	2.80	96
folterkammer	2.80	96
rüdiger	2.80	96
bezirksgefängnis	2.80	96
zip	2.80	96
marthas	2.80	96
fo	2.80	96
bonnies	2.80	96
deveraux	2.80	96
gießerei	2.80	96
halfter	2.80	96
freikommt	2.80	96
cs	2.80	96
türknauf	2.80	96
fjodor	2.80	96
anriefst	2.80	96
vasen	2.80	96
xerxes	2.80	96
schlechteren	2.80	96
konzepte	2.80	96
tschechen	2.80	96
rechtmäßiger	2.80	96
amüsante	2.80	96
haftung	2.80	96
scharfsinn	2.80	96
geschichtsbüchern	2.80	95
levine	2.80	95
weltbeste	2.80	95
siri	2.80	95
rechnest	2.80	95
fender	2.80	95
marlott	2.80	95
verstecktes	2.80	95
zoos	2.80	95
dinieren	2.80	95
fotografisches	2.80	95
adolphe	2.80	95
ausgelastet	2.80	95
raufklettern	2.80	95
sarajevo	2.80	95
bespitzeln	2.80	95
landsitz	2.80	95
fet	2.80	95
vergißt	2.80	95
lügender	2.80	95
aussitzen	2.80	95
weltwunder	2.80	95
stadtplan	2.80	95
misslingt	2.80	95
frauenarzt	2.80	95
entfernst	2.80	95
büste	2.80	95
paralleluniversum	2.80	95
spast	2.80	95
unversucht	2.80	95
gerhardt	2.80	95
idealismus	2.80	95
wegzuschicken	2.80	95
gefährdeten	2.80	95
dillinger	2.80	95
daã	2.80	95
ehrgeizige	2.80	95
erzieht	2.80	95
zeitrahmen	2.80	95
bison	2.80	95
weiteratmen	2.80	95
vertretern	2.80	95
unbeobachtet	2.80	95
ninas	2.80	95
videomaterial	2.80	95
betatscht	2.80	95
rassistin	2.80	95
aufn	2.80	95
kjartan	2.80	95
klimpert	2.80	95
tadashi	2.80	95
rauswurf	2.80	95
schwüre	2.80	95
autoritäten	2.80	95
prego	2.80	95
zungenkuss	2.80	95
disher	2.80	95
befürworte	2.80	95
w-was	2.80	95
zeugte	2.80	95
gefã	2.80	95
flüchte	2.80	95
sarek	2.80	95
angeschafft	2.80	95
wächterin	2.80	95
rufnummer	2.80	95
stierkampf	2.80	95
plissken	2.80	95
ronja	2.80	95
abgeschieden	2.80	95
patriotische	2.80	95
gesteigert	2.80	95
einlage	2.80	95
yippie	2.80	95
verkehrslärm	2.80	95
poplar	2.80	95
belles	2.80	95
gordons	2.80	95
salamander	2.80	95
tiefem	2.80	95
auseinanderhalten	2.80	95
einzubeziehen	2.80	95
strawberry	2.80	95
kleriker	2.80	95
zurückgefahren	2.80	95
sensationelle	2.80	95
anhängsel	2.80	95
workshop	2.80	95
vergräbt	2.80	95
regens	2.80	95
sentimentaler	2.80	95
supercool	2.80	95
müßten	2.80	95
eingehst	2.80	95
parkservice	2.80	95
sonniger	2.80	95
schwerfallen	2.80	95
camino	2.80	95
hochkommt	2.80	95
linux	2.80	95
narnia	2.80	95
lido	2.80	95
toga	2.80	95
katey	2.80	95
gültigkeit	2.80	95
stabiler	2.80	95
tempelritter	2.80	95
bonnet	2.80	95
ergänzt	2.80	95
riggins	2.80	95
neils	2.80	95
süchtiger	2.80	95
variationen	2.80	95
ayse	2.80	95
starts	2.80	95
allerschönste	2.80	95
einsparungen	2.80	95
ausstrahlen	2.80	95
glückskind	2.80	95
contessa	2.80	95
enkels	2.80	95
regionalen	2.80	95
15-jährigen	2.80	95
überfalle	2.80	95
wacklig	2.80	95
fünfziger	2.80	95
charlie36	2.80	95
eldon	2.80	95
verbeuge	2.80	95
fehlalarm	2.80	95
slow	2.80	95
raf	2.80	95
großartigsten	2.80	95
nuschelt	2.80	95
rollfeld	2.80	95
echsen	2.80	95
pfähle	2.80	95
einsteins	2.80	95
herumtreiben	2.80	95
excelsior	2.80	95
polizistenmörder	2.80	95
kosovo	2.80	95
reinschicken	2.80	95
arbeitskleidung	2.80	95
konkurrenzkampf	2.80	95
voranzukommen	2.80	95
telefonsex	2.80	95
ziegelstein	2.80	95
sadisten	2.80	95
baldige	2.80	95
gereift	2.80	95
ion	2.80	95
beibringe	2.80	95
gumbo	2.80	95
raumanzug	2.80	95
räumung	2.80	95
augenhöhe	2.80	95
versenkung	2.80	95
deer	2.80	95
abfliegen	2.80	95
anfangt	2.80	95
granville	2.80	95
zocker	2.80	95
schutzzauber	2.80	95
maxi	2.80	95
hergefallen	2.80	95
halse	2.80	95
bratkartoffeln	2.80	95
gioberti	2.80	95
unklaren	2.80	95
carcetti	2.80	95
maki	2.80	95
year	2.80	95
hinausgeworfen	2.80	95
gadget	2.80	95
gekritzel	2.80	95
raum-zeit-kontinuum	2.80	95
braithwaite	2.80	95
erhol	2.80	95
prall	2.80	95
beschreibst	2.80	95
abdeckung	2.80	95
sammel	2.80	95
nicolai	2.80	95
schlüsselwort	2.80	95
synthetischen	2.80	95
ermutigte	2.80	95
geringfügig	2.80	95
sussex	2.80	95
provisorische	2.80	95
überreagierst	2.80	95
ehrengäste	2.80	95
aggie	2.80	95
marylin	2.80	95
cruella	2.80	95
überspielen	2.80	95
erfüllten	2.80	95
vive	2.80	95
schrecklichsten	2.80	95
antanzen	2.80	95
getto	2.80	95
blitzblank	2.80	95
fischbein	2.80	95
sebastien	2.80	95
waverider	2.80	95
gravur	2.80	95
fleischwolf	2.80	95
beweglichkeit	2.80	95
äquator	2.80	95
scheißloch	2.80	95
glatten	2.80	95
privilegiert	2.80	95
gewänder	2.80	95
bauchredner	2.80	95
somerset	2.80	95
staunt	2.80	95
beans	2.80	95
optik	2.80	95
dome	2.80	95
glänzendes	2.80	95
feurige	2.80	95
weggestoßen	2.80	95
segle	2.80	95
realistischer	2.80	95
fahrern	2.80	95
gebrauchsanweisung	2.80	95
chandra	2.80	95
presslufthammer	2.80	95
verduftet	2.80	95
already	2.80	95
gert	2.80	95
detoniert	2.80	95
riskierten	2.80	95
dez	2.80	95
hektische	2.80	95
ausgestopft	2.80	95
nordwestlich	2.80	95
kalk	2.80	95
josefa	2.80	95
mittelamerika	2.80	95
arbeitsstunden	2.80	95
erspartes	2.80	95
bürgt	2.79	94
rika	2.79	94
gehstock	2.79	94
überspielt	2.79	94
wunderknabe	2.79	94
katalogisiert	2.79	94
pogo	2.79	94
schlafwandler	2.79	94
alliierte	2.79	94
comprende	2.79	94
nachfahre	2.79	94
tc	2.79	94
gunilla	2.79	94
werdegang	2.79	94
mentalist	2.79	94
besatzungsmitglieder	2.79	94
mehrzahl	2.79	94
fehlender	2.79	94
construction	2.79	94
qualifizierte	2.79	94
gewährleistet	2.79	94
ventilatoren	2.79	94
passabel	2.79	94
ronan	2.79	94
mengele	2.79	94
koji	2.79	94
deva	2.79	94
erscheinungsbild	2.79	94
sputnik	2.79	94
flachmann	2.79	94
verwarnt	2.79	94
sommersprosse	2.79	94
beschuldigung	2.79	94
lachnummer	2.79	94
anschwellen	2.79	94
spielberg	2.79	94
beschäftigst	2.79	94
sparschwein	2.79	94
ehrenvollen	2.79	94
boxey	2.79	94
bekämpfst	2.79	94
viertels	2.79	94
gestaltung	2.79	94
tippfehler	2.79	94
einmaliger	2.79	94
niners	2.79	94
pubs	2.79	94
mus	2.79	94
komantschen	2.79	94
zarter	2.79	94
weggeholt	2.79	94
vincke	2.79	94
cluster	2.79	94
psychotische	2.79	94
auschecken	2.79	94
regeneriert	2.79	94
diamantring	2.79	94
ox	2.79	94
genauere	2.79	94
brant	2.79	94
entlassungspapiere	2.79	94
verlege	2.79	94
proteus	2.79	94
zustellen	2.79	94
widerfuhr	2.79	94
cosa	2.79	94
undine	2.79	94
stumpfes	2.79	94
strapazen	2.79	94
witch	2.79	94
stryfe	2.79	94
regte	2.79	94
wenigste	2.79	94
pharmaceuticals	2.79	94
pulsierende	2.79	94
landmine	2.79	94
herbeigeführt	2.79	94
autodieb	2.79	94
gelistet	2.79	94
runtergezogen	2.79	94
sadistisch	2.79	94
erübrigen	2.79	94
geblickt	2.79	94
treck	2.79	94
übermenschliche	2.79	94
1o	2.79	94
evey	2.79	94
voigt	2.79	94
erkundigungen	2.79	94
ela	2.79	94
mundwasser	2.79	94
schrottkarre	2.79	94
elizabeths	2.79	94
lerner	2.79	94
zuko	2.79	94
christelle	2.79	94
wüten	2.79	94
vermeintlichen	2.79	94
rieke	2.79	94
blitzableiter	2.79	94
buggy	2.79	94
gekochtes	2.79	94
hales	2.79	94
lieblingsblumen	2.79	94
apollonia	2.79	94
genetischer	2.79	94
protzig	2.79	94
klargeworden	2.79	94
bereute	2.79	94
kurzum	2.79	94
beschleunigte	2.79	94
wassertank	2.79	94
corona	2.79	94
überraschenden	2.79	94
eigentums	2.79	94
craven	2.79	94
gare	2.79	94
dynamics	2.79	94
ränder	2.79	94
schwesterlein	2.79	94
oh.	2.79	94
scheitel	2.79	94
verträumte	2.79	94
josette	2.79	94
abrufen	2.79	94
heteros	2.79	94
isi	2.79	94
abgestritten	2.79	94
stimm	2.79	94
establishment	2.79	94
entzweit	2.79	94
fickte	2.79	94
wasserturm	2.79	94
weidet	2.79	94
einschlief	2.79	94
kenzi	2.79	94
achtete	2.79	94
apo	2.79	94
latnok	2.79	94
überfliegen	2.79	94
pharaos	2.79	94
büfett	2.79	94
pokale	2.79	94
zwinger	2.79	94
financial	2.79	94
aktenkundig	2.79	94
psychologischer	2.79	94
schwinge	2.79	94
vierer	2.79	94
abfolge	2.79	94
rino	2.79	94
damn	2.79	94
gewürzen	2.79	94
gave	2.79	94
maisbrot	2.79	94
gesetzgebung	2.79	94
roxie	2.79	94
bowers	2.79	94
standst	2.79	94
creel	2.79	94
phils	2.79	94
herumschleichen	2.79	94
freisprechen	2.79	94
goodnight	2.79	94
entziehe	2.79	94
hauptattraktion	2.79	94
walnuss	2.79	94
verführte	2.79	94
kinderbuch	2.79	94
booty	2.79	94
zeitstempel	2.79	94
jüngeres	2.79	94
vertrauliches	2.79	94
erforderliche	2.79	94
appelliere	2.79	94
betreibst	2.79	94
genetisches	2.79	94
caspar	2.79	94
liberace	2.79	94
alices	2.79	94
einflößend	2.79	94
selbsterhaltung	2.79	94
hardwicke	2.79	94
probierten	2.79	94
luxuriös	2.79	94
obdachlosenheim	2.79	94
spätschicht	2.79	94
erholst	2.79	94
wahrheitsserum	2.79	94
gebührenden	2.79	94
schwielen	2.79	94
verliess	2.79	94
raider	2.79	94
weiterzugehen	2.79	94
rangeht	2.79	94
us-botschaft	2.79	94
smithsonian	2.79	94
erling	2.79	94
fitnesscenter	2.79	94
unwichtigen	2.79	94
büffet	2.79	94
daenerys	2.79	94
irritieren	2.79	94
abstauben	2.79	94
knödel	2.79	94
dao	2.79	94
reingeschlichen	2.79	94
verletzbar	2.79	94
podcast	2.79	94
seeley	2.79	94
carlito	2.79	94
queequeg	2.79	94
akkurat	2.79	94
fahrlässig	2.79	94
seminare	2.79	94
diktatoren	2.79	94
düse	2.79	94
bomb	2.79	94
spartan	2.79	94
ehrenvolle	2.79	94
lecks	2.79	94
abholte	2.79	94
oppenheimer	2.79	94
forschungszentrum	2.79	94
ausgewählten	2.79	94
gm	2.79	94
dreidel	2.79	94
restaurieren	2.79	94
einzusehen	2.79	94
unechte	2.79	94
übereilen	2.79	94
chanukka	2.79	94
tollwütiger	2.79	94
telekinese	2.79	94
pädiatrie	2.79	94
surehand	2.79	94
klargestellt	2.79	94
recycling	2.79	94
winona	2.79	94
mittelmäßigkeit	2.79	94
freudenhaus	2.79	94
ch19fff8	2.79	94
spanky	2.79	94
chruschtschow	2.79	94
relevanten	2.79	94
abschlüsse	2.79	94
belästigst	2.79	94
cannabis	2.79	94
anschlags	2.79	94
arabischer	2.79	94
baskerville	2.79	94
badlands	2.79	94
segler	2.79	94
büstenhalter	2.79	94
zoltan	2.79	94
hilfreiche	2.79	94
mäßigen	2.79	94
ketamin	2.79	94
aufmerksamer	2.79	94
verdrehst	2.79	94
zuschaut	2.79	94
hoben	2.79	94
obduktionsbericht	2.79	94
margarete	2.79	94
nächstbeste	2.79	93
schottlands	2.79	93
anderton	2.79	93
willigte	2.79	93
trist	2.79	93
columbo	2.79	93
brüderschaft	2.79	93
versohle	2.79	93
vollendete	2.79	93
verhüten	2.79	93
gepunktet	2.79	93
zölibat	2.79	93
tuba	2.79	93
fälscht	2.79	93
verziert	2.79	93
glühst	2.79	93
hoffnungsschimmer	2.79	93
lotsen	2.79	93
jauchzen	2.79	93
jón	2.79	93
bloods	2.79	93
varianten	2.79	93
erstrahlen	2.79	93
crandall	2.79	93
hipster	2.79	93
erneutes	2.79	93
lebensweg	2.79	93
explizit	2.79	93
gesellt	2.79	93
verworren	2.79	93
einberufung	2.79	93
martok	2.79	93
cagney	2.79	93
knöllchen	2.79	93
kinderlos	2.79	93
herumzusitzen	2.79	93
makaber	2.79	93
roggen	2.79	93
sitzplatz	2.79	93
wärmflasche	2.79	93
übertriebene	2.79	93
ekelerregend	2.79	93
überschuss	2.79	93
blechen	2.79	93
hinauswerfen	2.79	93
alto	2.79	93
ökonomie	2.79	93
patriotisch	2.79	93
fiept	2.79	93
biggi	2.79	93
spürbar	2.79	93
platon	2.79	93
dicks	2.79	93
medizinstudent	2.79	93
hineinsehen	2.79	93
disketten	2.79	93
guerillas	2.79	93
wachhunde	2.79	93
teehaus	2.79	93
händeschütteln	2.79	93
ollen	2.79	93
reibst	2.79	93
lahmer	2.79	93
bikes	2.79	93
wylie	2.79	93
kanonenkugel	2.79	93
väterlichen	2.79	93
entflammt	2.79	93
tödlichste	2.79	93
nunnally	2.79	93
epizentrum	2.79	93
emanuel	2.79	93
pfft	2.79	93
sabbert	2.79	93
verschwieg	2.79	93
corrected	2.79	93
beaker	2.79	93
cottonmouth	2.79	93
gebilde	2.79	93
symbolisieren	2.79	93
herzlose	2.79	93
experimentellen	2.79	93
radfahrer	2.79	93
whitfield	2.79	93
cali	2.79	93
bänke	2.79	93
kriecher	2.79	93
forschungsprojekt	2.79	93
stammkunde	2.79	93
betreffende	2.79	93
irena	2.79	93
genähert	2.79	93
hearst	2.79	93
parkwächter	2.79	93
unterstreichen	2.79	93
witterung	2.79	93
umkleidekabine	2.79	93
vorbeigelaufen	2.79	93
österreichischen	2.79	93
kell	2.79	93
topfit	2.79	93
explorer	2.79	93
rätselhaften	2.79	93
beretta	2.79	93
schleimig	2.79	93
wespennest	2.79	93
vorschlage	2.79	93
ausgewertet	2.79	93
hausmannskost	2.79	93
aufwuchsen	2.79	93
airline	2.79	93
milizen	2.79	93
paranoiden	2.79	93
hande	2.79	93
schoko	2.79	93
spätere	2.79	93
kniescheiben	2.79	93
aline	2.79	93
südwestlich	2.79	93
tadeln	2.79	93
erweichen	2.79	93
twittern	2.79	93
gedankenlos	2.79	93
fausto	2.79	93
dynamisch	2.79	93
choice	2.79	93
jiri	2.79	93
eierlikör	2.79	93
errettet	2.79	93
taubheit	2.79	93
unterbewusst	2.79	93
rostig	2.79	93
franklyn	2.79	93
obstgarten	2.79	93
gewalttaten	2.79	93
landessprache	2.79	93
rescue	2.79	93
wiedergewählt	2.79	93
streitig	2.79	93
körperbau	2.79	93
nissan	2.79	93
zwängen	2.79	93
abilene	2.79	93
streberin	2.79	93
gelehnt	2.79	93
fixen	2.79	93
durchläuft	2.79	93
sortiere	2.79	93
dorne	2.79	93
glockenturm	2.79	93
ontario	2.79	93
crain	2.79	93
klamm	2.79	93
starteten	2.79	93
gaos	2.79	93
entleeren	2.79	93
übliches	2.79	93
kerr	2.79	93
versiegt	2.79	93
zweifach	2.79	93
kono	2.79	93
volks	2.79	93
jeeps	2.79	93
ferry	2.79	93
erachten	2.79	93
bacall	2.79	93
versicherungsbetrug	2.79	93
ehr	2.79	93
phi	2.79	93
figgis	2.79	93
lal	2.79	93
regentin	2.79	93
hatake	2.79	93
frankfurter	2.79	93
nüchternen	2.79	93
adjutanten	2.79	93
tendieren	2.79	93
schlussverkauf	2.79	93
nachdenkliche	2.79	93
peña	2.79	93
mercier	2.79	93
südkalifornien	2.79	93
hd	2.79	93
wikipedia	2.79	93
stehts	2.79	93
nnte	2.79	93
smog	2.79	93
normen	2.79	93
wegwischen	2.79	93
viech	2.79	93
bos	2.79	93
geplänkel	2.79	93
carpentier	2.79	93
vorwahlen	2.79	93
formiert	2.79	93
haette	2.79	93
allegra	2.79	93
angeeignet	2.79	93
pull	2.79	93
geburtstagen	2.79	93
irisches	2.79	93
genom	2.79	93
emiliano	2.79	93
durchmachten	2.79	93
sous	2.79	93
eheschließung	2.79	93
vorbau	2.79	93
madsen	2.79	93
innehalten	2.79	93
shakespeares	2.79	93
bardame	2.79	93
katharine	2.79	93
energieversorgung	2.79	93
befummeln	2.79	93
gen.	2.79	93
caseys	2.79	93
namentlich	2.79	93
riesenfan	2.79	93
duggan	2.79	93
beauftragten	2.79	93
blitzsauber	2.79	93
websites	2.79	93
verbitterung	2.79	93
reime	2.79	93
mikaelsons	2.79	93
islamische	2.79	93
manisch	2.79	93
barkley	2.79	93
c.k.	2.79	93
juristen	2.79	93
hochmütig	2.79	93
radau	2.79	93
coming-out	2.79	93
beanspruche	2.79	93
semper	2.79	93
concorde	2.79	93
gefrierfach	2.79	93
türgriff	2.79	93
nervöses	2.79	93
gerungen	2.79	93
dianas	2.79	93
raubes	2.79	93
übernachtete	2.79	93
heuschnupfen	2.79	93
kirchenchor	2.79	93
organisches	2.79	93
überfüllten	2.79	93
habgierig	2.79	93
spratt	2.79	93
erwar	2.79	93
rhythm	2.79	93
isolationshaft	2.79	93
johanne	2.79	93
automechaniker	2.79	93
adem	2.79	93
auszurotten	2.79	93
konkreter	2.79	93
erforderte	2.79	93
verheerende	2.79	93
ante	2.79	93
baylin	2.79	93
haß	2.79	93
seska	2.79	93
wintergarten	2.79	93
majestätische	2.79	93
schnurren	2.79	93
fotogen	2.79	93
entwirft	2.79	93
schüttelfrost	2.79	93
type	2.79	93
anerkannte	2.79	93
deluca	2.79	93
menschenhand	2.79	93
schwarzenegger	2.79	93
schrägstrich	2.79	93
geringere	2.79	93
wegwirfst	2.79	93
spit	2.79	93
ritus	2.79	93
langfristigen	2.79	93
ermittelte	2.79	93
veräppelst	2.79	93
schakale	2.79	93
wasserfälle	2.79	93
kalfa	2.79	93
klavierspieler	2.79	93
beharren	2.79	93
pryor	2.79	93
trinkerei	2.79	93
logischerweise	2.79	93
gedeutet	2.79	93
lebensaufgabe	2.79	93
eisenstein	2.79	93
chronisch	2.79	93
groucho	2.79	93
stumpy	2.79	93
sänfte	2.79	93
behandelbar	2.79	93
shaughnessy	2.79	93
rettungsboote	2.79	93
auseinandergerissen	2.79	93
analogie	2.79	93
startrampe	2.79	93
prada	2.78	92
surreal	2.78	92
zerdrücken	2.78	92
legierung	2.78	92
ajax	2.78	92
zivilistin	2.78	92
realistische	2.78	92
häuptlings	2.78	92
anzugucken	2.78	92
drängten	2.78	92
luftschiff	2.78	92
blutgefäße	2.78	92
spalding	2.78	92
anwaltskammer	2.78	92
eingestanden	2.78	92
dio	2.78	92
fai	2.78	92
naturgewalt	2.78	92
ausgesandt	2.78	92
überfährt	2.78	92
luce	2.78	92
17-jährigen	2.78	92
pee	2.78	92
gutgetan	2.78	92
minor	2.78	92
doodle	2.78	92
unmut	2.78	92
criminal	2.78	92
kalibriert	2.78	92
léo	2.78	92
gabs	2.78	92
ehrgeiziger	2.78	92
gnom	2.78	92
steinchen	2.78	92
10er	2.78	92
heere	2.78	92
gehemmt	2.78	92
rowdys	2.78	92
großwesir	2.78	92
source	2.78	92
verkleinert	2.78	92
frankies	2.78	92
stussy	2.78	92
versüßt	2.78	92
jamieson	2.78	92
ends	2.78	92
düsteres	2.78	92
zecken	2.78	92
beatmen	2.78	92
wiedererlangen	2.78	92
beamtin	2.78	92
hisst	2.78	92
supermärkte	2.78	92
tywin	2.78	92
leonidas	2.78	92
begreiflich	2.78	92
kroko	2.78	92
empfangskomitee	2.78	92
landesweiten	2.78	92
zeltlager	2.78	92
bundesrichter	2.78	92
laib	2.78	92
ritters	2.78	92
allgemeinwohl	2.78	92
jahrhundertwende	2.78	92
kartelle	2.78	92
singing	2.78	92
brieföffner	2.78	92
drogensüchtige	2.78	92
ruhr	2.78	92
jays	2.78	92
vorging	2.78	92
verwalte	2.78	92
ausgerenkt	2.78	92
nobis	2.78	92
beglückwünsche	2.78	92
nuklearwaffen	2.78	92
baylor	2.78	92
calderone	2.78	92
ziviler	2.78	92
limbo	2.78	92
dramatisches	2.78	92
umgekrempelt	2.78	92
baff	2.78	92
hooker	2.78	92
ansehnlich	2.78	92
wirte	2.78	92
lausiges	2.78	92
blasser	2.78	92
idealer	2.78	92
anhörungen	2.78	92
entgleist	2.78	92
juilliard	2.78	92
schädelbruch	2.78	92
lichtes	2.78	92
adlai	2.78	92
eta	2.78	92
protegé	2.78	92
bevormunden	2.78	92
familienoberhaupt	2.78	92
gefahrenzone	2.78	92
merde	2.78	92
ye	2.78	92
zusammenflicken	2.78	92
shel	2.78	92
verstieß	2.78	92
klemm	2.78	92
dougs	2.78	92
akley	2.78	92
saïd	2.78	92
reflexion	2.78	92
liebhaberin	2.78	92
gastwirt	2.78	92
hieronymus	2.78	92
bimse	2.78	92
reb	2.78	92
brendans	2.78	92
erlöschen	2.78	92
reena	2.78	92
überwachte	2.78	92
voorhees	2.78	92
richtigstellen	2.78	92
rodrick	2.78	92
schlaukopf	2.78	92
redford	2.78	92
stolpere	2.78	92
praktiziere	2.78	92
euphorisch	2.78	92
betört	2.78	92
vollgetankt	2.78	92
hö	2.78	92
süßstoff	2.78	92
spielereien	2.78	92
achillesferse	2.78	92
jarrod	2.78	92
gestörter	2.78	92
randys	2.78	92
privatangelegenheit	2.78	92
willem	2.78	92
ostberlin	2.78	92
simran	2.78	92
zögernd	2.78	92
belastungen	2.78	92
runtergespült	2.78	92
untragbar	2.78	92
geölt	2.78	92
schüttelst	2.78	92
brayden	2.78	92
bongo	2.78	92
schweifen	2.78	92
thee	2.78	92
schlauchboot	2.78	92
extremitäten	2.78	92
vorbesitzer	2.78	92
versohl	2.78	92
wehtat	2.78	92
ak	2.78	92
giorno	2.78	92
mare	2.78	92
verwitwet	2.78	92
unterweltler	2.78	92
gelenk	2.78	92
zara	2.78	92
gepflastert	2.78	92
mutierte	2.78	92
kader	2.78	92
ishikawa	2.78	92
akuten	2.78	92
roher	2.78	92
alberta	2.78	92
hauptes	2.78	92
rather	2.78	92
schilf	2.78	92
anbetteln	2.78	92
lebensdauer	2.78	92
sachbearbeiter	2.78	92
intoleranz	2.78	92
jara	2.78	92
geklaute	2.78	92
krätze	2.78	92
bewirten	2.78	92
bemalen	2.78	92
soledad	2.78	92
mörtel	2.78	92
efsun	2.78	92
treuhänder	2.78	92
isolierung	2.78	92
expo	2.78	92
heiland	2.78	92
ur	2.78	92
vorzuenthalten	2.78	92
leuchtendes	2.78	92
wolverine	2.78	92
saying	2.78	92
angestiegen	2.78	92
hawkeye	2.78	92
abscheuliches	2.78	92
freiberuflich	2.78	92
redmond	2.78	92
zapp	2.78	92
getty	2.78	92
prozeß	2.78	92
autorisierte	2.78	92
pauke	2.78	92
vitalzeichen	2.78	92
kontrovers	2.78	92
vertagung	2.78	92
heraufbeschwören	2.78	92
rückblick	2.78	92
warnsignal	2.78	92
raupen	2.78	92
sade	2.78	92
geschenkpapier	2.78	92
kingsbridge	2.78	92
gaunern	2.78	92
ranhalten	2.78	92
wants	2.78	92
kanes	2.78	92
beinhaltete	2.78	92
vorwirft	2.78	92
unsagbar	2.78	92
höhlenmensch	2.78	92
kaste	2.78	92
einzufordern	2.78	92
prognosen	2.78	92
weitergereicht	2.78	92
nugent	2.78	92
hurst	2.78	92
gottesanbeterin	2.78	92
drac	2.78	92
streets	2.78	92
connery	2.78	92
frankel	2.78	92
rassentrennung	2.78	92
kräftiges	2.78	92
tommi	2.78	92
geschützten	2.78	92
bezirken	2.78	92
verbrechensbekämpfung	2.78	92
dusch	2.78	92
klassenraum	2.78	92
ferrars	2.78	92
haskell	2.78	92
hundemüde	2.78	92
morn	2.78	92
anästhesie	2.78	92
kagan	2.78	92
offenlegung	2.78	92
jägerinnen	2.78	91
mater	2.78	91
majestäten	2.78	91
konstanz	2.78	91
wundermittel	2.78	91
brasilianische	2.78	91
mathematisch	2.78	91
manage	2.78	91
skills	2.78	91
hatcher	2.78	91
hinderte	2.78	91
logischer	2.78	91
körnchen	2.78	91
nützlichen	2.78	91
ivanhoe	2.78	91
read	2.78	91
folgend	2.78	91
zamani	2.78	91
seems	2.78	91
piercings	2.78	91
erläutert	2.78	91
fahrstunden	2.78	91
liberal	2.78	91
nager	2.78	91
akrobaten	2.78	91
lebenswichtige	2.78	91
surfbrett	2.78	91
klärung	2.78	91
ausgequetscht	2.78	91
cloe	2.78	91
pinto	2.78	91
mietkerl	2.78	91
reinspaziert	2.78	91
säubert	2.78	91
knechte	2.78	91
disc	2.78	91
todessehnsucht	2.78	91
unsichtbares	2.78	91
auflauern	2.78	91
durchgearbeitet	2.78	91
paraden	2.78	91
runtergefahren	2.78	91
zurã	2.78	91
magere	2.78	91
sicherheitsbereich	2.78	91
zugangscodes	2.78	91
spaltung	2.78	91
bet	2.78	91
benoît	2.78	91
bannion	2.78	91
perhaps	2.78	91
eigne	2.78	91
haftanstalt	2.78	91
elektroschock	2.78	91
flächen	2.78	91
gelegenen	2.78	91
epische	2.78	91
scheinwerferlicht	2.78	91
umgenietet	2.78	91
bulimie	2.78	91
ouvertüre	2.78	91
herne	2.78	91
phantome	2.78	91
bram	2.78	91
verspäte	2.78	91
lynda	2.78	91
blindlings	2.78	91
impala	2.78	91
petter	2.78	91
leichtere	2.78	91
folterte	2.78	91
prustet	2.78	91
schlüter	2.78	91
olivias	2.78	91
weiterzukommen	2.78	91
selbstbewusster	2.78	91
haag	2.78	91
großmut	2.78	91
zurückreisen	2.78	91
glücksrad	2.78	91
beglaubigt	2.78	91
meeresspiegel	2.78	91
salome	2.78	91
ablief	2.78	91
schlafgemach	2.78	91
gemolken	2.78	91
alltäglich	2.78	91
oakley	2.78	91
holographische	2.78	91
chulak	2.78	91
blutwerte	2.78	91
hegst	2.78	91
durchziehst	2.78	91
grauenvollen	2.78	91
eierkuchen	2.78	91
wegnahm	2.78	91
angelehnt	2.78	91
shun	2.78	91
liessen	2.78	91
probelauf	2.78	91
babineaux	2.78	91
schaurig	2.78	91
reingeworfen	2.78	91
gegrilltes	2.78	91
hintertreppe	2.78	91
zek	2.78	91
haarnadel	2.78	91
nagasaki	2.78	91
maexchen	2.78	91
fahndet	2.78	91
marzipan	2.78	91
drive-in	2.78	91
fleischklops	2.78	91
schlingen	2.78	91
aleister	2.78	91
nichtmehr	2.78	91
weltberühmten	2.78	91
anpasst	2.78	91
hühnerfarm	2.78	91
versorgte	2.78	91
sooo	2.78	91
vorlese	2.78	91
mormonen	2.78	91
vertraulichkeit	2.78	91
mcmillan	2.78	91
zelenka	2.78	91
kübel	2.78	91
gestraft	2.78	91
stabiles	2.78	91
sallys	2.78	91
kümmre	2.78	91
lauffeuer	2.78	91
augentropfen	2.78	91
lieblingsstelle	2.78	91
seitentür	2.78	91
einmarschiert	2.78	91
windbeutel	2.78	91
dienstmagd	2.78	91
übergeht	2.78	91
gedankenleser	2.78	91
varga	2.78	91
ersatzteil	2.78	91
körperteilen	2.78	91
mil	2.78	91
herumtragen	2.78	91
hundefänger	2.78	91
wegschauen	2.78	91
commanders	2.78	91
aufgebläht	2.78	91
pummelchen	2.78	91
okey-dokey	2.78	91
stempeln	2.78	91
mineral	2.78	91
kaitlin	2.78	91
reinzubringen	2.78	91
monokel	2.78	91
vergrößere	2.78	91
ränge	2.78	91
wendigo	2.78	91
hawley	2.78	91
judentum	2.78	91
orientiert	2.78	91
bedeutendste	2.78	91
technicolor	2.78	91
breitete	2.78	91
16-jährigen	2.78	91
chalky	2.78	91
morgendlichen	2.78	91
jean-baptiste	2.78	91
rouen	2.78	91
messenger	2.78	91
posttraumatische	2.78	91
stargates	2.78	91
phobie	2.78	91
löffelchen	2.78	91
messerstecherei	2.78	91
alleinlassen	2.78	91
dummy	2.78	91
gael	2.78	91
bordelle	2.78	91
erhängte	2.78	91
scheibenwischer	2.78	91
zerspringt	2.78	91
platziere	2.78	91
arztpraxis	2.78	91
laredo	2.78	91
erstarrte	2.78	91
nelke	2.78	91
passepartout	2.78	91
unumgänglich	2.78	91
zusammenfügen	2.78	91
zerhacken	2.78	91
iß	2.78	91
notwendiges	2.78	91
bohrmaschine	2.78	91
unterhältst	2.78	91
gekracht	2.78	91
gefürchtete	2.78	91
expandiert	2.78	91
hochwasser	2.78	91
heldenmut	2.78	91
corrado	2.78	91
erziehe	2.78	91
melman	2.78	91
dortigen	2.78	91
konsistenz	2.78	91
fechter	2.78	91
cheney	2.78	91
trott	2.78	91
hypothetische	2.78	91
flugkörper	2.78	91
jona	2.78	91
das-	2.78	91
reina	2.78	91
durchgefahren	2.78	91
füllten	2.78	91
vampirjäger	2.78	91
hütchen	2.78	91
sägemühle	2.78	91
osterhasen	2.78	91
schweinebacke	2.78	91
ut	2.78	91
neurologischen	2.78	91
heineken	2.78	91
griselda	2.78	91
excuse	2.78	91
weiterfliegen	2.78	91
survivor	2.78	91
halbtags	2.78	91
kühnsten	2.78	91
prägt	2.78	91
berufungsgericht	2.78	91
gelenkig	2.78	91
hurenhaus	2.78	91
rangenommen	2.78	91
präfekten	2.78	91
reibung	2.78	91
hüah	2.78	91
umfällt	2.78	91
heit	2.78	91
capt.	2.78	91
amtshandlung	2.78	91
carmilla	2.78	91
faschistischen	2.78	91
session	2.78	91
ehrenwert	2.78	91
großmütter	2.78	91
umweltschützer	2.77	90
boudoir	2.77	90
geneviève	2.77	90
moreland	2.77	90
schneekönigin	2.77	90
kunstschule	2.77	90
fabelhaftes	2.77	90
olesons	2.77	90
bezichtigen	2.77	90
lektor	2.77	90
erstaunlicherweise	2.77	90
befruchtet	2.77	90
steinberg	2.77	90
raufbold	2.77	90
abzusichern	2.77	90
polizeilichen	2.77	90
golfkrieg	2.77	90
feuernation	2.77	90
hanswurst	2.77	90
kampfstern	2.77	90
ausgestoßene	2.77	90
parish	2.77	90
phantastische	2.77	90
nachhut	2.77	90
toros	2.77	90
deut	2.77	90
rückst	2.77	90
einziehst	2.77	90
leidenschaftlichen	2.77	90
ekelhafter	2.77	90
zusetzen	2.77	90
fürsprecher	2.77	90
oink	2.77	90
halbjahr	2.77	90
ungelöst	2.77	90
rai	2.77	90
bildnis	2.77	90
efraim	2.77	90
raufen	2.77	90
ruber	2.77	90
ansporn	2.77	90
ausgewachsene	2.77	90
semmeln	2.77	90
aden	2.77	90
rumschubsen	2.77	90
abgedroschen	2.77	90
detektor	2.77	90
émilie	2.77	90
gehoert	2.77	90
esser	2.77	90
grass	2.77	90
tobte	2.77	90
bout	2.77	90
kröger	2.77	90
geistergeschichten	2.77	90
informativ	2.77	90
handabdruck	2.77	90
trauerst	2.77	90
meinesgleichen	2.77	90
valiant	2.77	90
erschlägt	2.77	90
vermachen	2.77	90
scheißkarre	2.77	90
missen	2.77	90
anleger	2.77	90
parkverbot	2.77	90
elektra	2.77	90
u-bahn-station	2.77	90
trill	2.77	90
besenstiel	2.77	90
höfe	2.77	90
verrieten	2.77	90
ungetüm	2.77	90
riegelt	2.77	90
baumeister	2.77	90
matuschek	2.77	90
defizit	2.77	90
verschollenen	2.77	90
todeszone	2.77	90
jagdsaison	2.77	90
plappert	2.77	90
vermutest	2.77	90
briefbeschwerer	2.77	90
fürchterlicher	2.77	90
entweichen	2.77	90
schärpe	2.77	90
attica	2.77	90
einfacheren	2.77	90
befürwortet	2.77	90
schoen	2.77	90
ausgebildeten	2.77	90
vorladungen	2.77	90
unas	2.77	90
randel	2.77	90
tus	2.77	90
kurtisane	2.77	90
bonds	2.77	90
sonstwas	2.77	90
pod	2.77	90
zweitrangig	2.77	90
anden	2.77	90
rücksichtslose	2.77	90
poste	2.77	90
flower	2.77	90
kristoffer	2.77	90
auftrags	2.77	90
angehoben	2.77	90
router	2.77	90
unerwarteter	2.77	90
blitzt	2.77	90
legionäre	2.77	90
registrierten	2.77	90
zustieß	2.77	90
fossilien	2.77	90
petite	2.77	90
faxgerät	2.77	90
gekaut	2.77	90
größenwahnsinnig	2.77	90
ausmisten	2.77	90
fähnchen	2.77	90
manga	2.77	90
quasimodo	2.77	90
aisha	2.77	90
hochgehoben	2.77	90
latimer	2.77	90
hoffa	2.77	90
aussichtspunkt	2.77	90
verprügelst	2.77	90
bolzenschneider	2.77	90
fütter	2.77	90
tetsu	2.77	90
wassermelonen	2.77	90
beabsichtigte	2.77	90
lissa	2.77	90
magnesium	2.77	90
bewohnbar	2.77	90
vidal	2.77	90
begutachtet	2.77	90
chefredakteurin	2.77	90
aufzukreuzen	2.77	90
passé	2.77	90
tsukiko	2.77	90
gerüchteküche	2.77	90
eck	2.77	90
sprengkörper	2.77	90
tiefschlaf	2.77	90
usher	2.77	90
reiseroute	2.77	90
brutzeln	2.77	90
hinzufahren	2.77	90
plattgemacht	2.77	90
tagchen	2.77	90
aktueller	2.77	90
momma	2.77	90
unger	2.77	90
beryl	2.77	90
fishers	2.77	90
plausible	2.77	90
behaglich	2.77	90
blödian	2.77	90
anstarrst	2.77	90
dashwood	2.77	90
schändlichen	2.77	90
pujol	2.77	90
supergut	2.77	90
downs	2.77	90
oberschule	2.77	90
engster	2.77	90
rückgang	2.77	90
jungfern	2.77	90
klimawandel	2.77	90
sichereren	2.77	90
gewissem	2.77	90
sima	2.77	90
zwerchfell	2.77	90
traumes	2.77	90
klassenfahrt	2.77	90
sporttasche	2.77	90
bodenständig	2.77	90
grantig	2.77	90
bescheuertes	2.77	90
zusammenarbeite	2.77	90
bemitleidet	2.77	90
flammenschwert	2.77	90
ostwind	2.77	90
allens	2.77	90
hauptcomputer	2.77	90
tide	2.77	90
ausgehoben	2.77	90
woodrow	2.77	90
blogger	2.77	90
trauten	2.77	90
fahrzeugs	2.77	90
chess	2.77	90
sniper	2.77	90
juanito	2.77	90
laroche	2.77	90
nahestehen	2.77	90
schoner	2.77	90
waffengeschäft	2.77	90
entgegengesetzte	2.77	90
codiert	2.77	90
gelöbnis	2.77	90
byrde	2.77	90
heraufbeschworen	2.77	90
weihnachtslieder	2.77	90
nachweisbar	2.77	90
symposium	2.77	90
jobe	2.77	90
fünkchen	2.77	90
chte	2.77	90
manitowoc	2.77	90
gesundheitswesen	2.77	90
fate	2.77	90
thronfolge	2.77	90
überdeckt	2.77	90
haleh	2.77	90
erwisch	2.77	90
achille	2.77	90
conrads	2.77	90
fehlschläge	2.77	90
bewirbst	2.77	90
neune	2.77	90
lauwarm	2.77	90
playoffs	2.77	90
entflohene	2.77	90
piraterie	2.77	90
was-	2.77	90
checker	2.77	90
fahrgemeinschaft	2.77	90
prachtvolle	2.77	90
generieren	2.77	90
stirnband	2.77	90
jahrzehntelang	2.77	90
widerruf	2.77	90
heaulme	2.77	89
bestimmungsort	2.77	89
toleriere	2.77	89
telegraph	2.77	89
fluche	2.77	89
zweideutig	2.77	89
rüstungen	2.77	89
tellerrand	2.77	89
entleert	2.77	89
skaten	2.77	89
autobiografie	2.77	89
revolutionieren	2.77	89
ziffer	2.77	89
portugiese	2.77	89
strapazieren	2.77	89
prominenter	2.77	89
yachthafen	2.77	89
eindeutiger	2.77	89
kaltherzig	2.77	89
aussortiert	2.77	89
salate	2.77	89
reissen	2.77	89
portugiesen	2.77	89
titelsong	2.77	89
bundesbehörden	2.77	89
sickert	2.77	89
zubringen	2.77	89
grütze	2.77	89
sergeants	2.77	89
trüb	2.77	89
tonto	2.77	89
edwardes	2.77	89
pessimist	2.77	89
lapdance	2.77	89
operations	2.77	89
beschränkte	2.77	89
nachahmung	2.77	89
bestatten	2.77	89
geschöpft	2.77	89
joyful	2.77	89
rausging	2.77	89
stooges	2.77	89
verzauberten	2.77	89
verkriecht	2.77	89
todesstern	2.77	89
spiegelung	2.77	89
mathilda	2.77	89
durchgegeben	2.77	89
tweed	2.77	89
slum	2.77	89
bescheinigung	2.77	89
hingenommen	2.77	89
raschelt	2.77	89
aragon	2.77	89
tomatensoße	2.77	89
kognitive	2.77	89
angetroffen	2.77	89
vintage	2.77	89
zacken	2.77	89
daytona	2.77	89
genozid	2.77	89
bonne	2.77	89
weiterverfolgen	2.77	89
arabella	2.77	89
ausschreitungen	2.77	89
beeindruckenden	2.77	89
befreist	2.77	89
notdienst	2.77	89
barýþ	2.77	89
mandi	2.77	89
kellers	2.77	89
hallihallo	2.77	89
amateuren	2.77	89
reinhardt	2.77	89
ning	2.77	89
draufhaben	2.77	89
runder	2.77	89
ermittlern	2.77	89
teufelin	2.77	89
rauslässt	2.77	89
giftiger	2.77	89
petri	2.77	89
unabhängigkeitserklärung	2.77	89
azrael	2.77	89
zöllner	2.77	89
sowjetischer	2.77	89
haitianer	2.77	89
kardiologie	2.77	89
tschechische	2.77	89
17-jährige	2.77	89
züchter	2.77	89
beruflicher	2.77	89
unhold	2.77	89
harpers	2.77	89
zurückbekomme	2.77	89
klecks	2.77	89
stadthaus	2.77	89
sichten	2.77	89
gehorsamst	2.77	89
standes	2.77	89
säugetier	2.77	89
klärst	2.77	89
begabten	2.77	89
geldautomat	2.77	89
spendete	2.77	89
hendrik	2.77	89
bitcoin	2.77	89
fraktionen	2.77	89
lachende	2.77	89
bestärkt	2.77	89
zahllosen	2.77	89
fahrbahn	2.77	89
beklagten	2.77	89
verbreiteten	2.77	89
himmelswillen	2.77	89
ranges	2.77	89
gewieft	2.77	89
ssr	2.77	89
megafon	2.77	89
sammele	2.77	89
parkst	2.77	89
empfindsam	2.77	89
vorletzten	2.77	89
geschichtsbücher	2.77	89
orientierungssinn	2.77	89
laie	2.77	89
botenjunge	2.77	89
streunende	2.77	89
gebellt	2.77	89
prellung	2.77	89
schmierige	2.77	89
innovativ	2.77	89
fremdenlegion	2.77	89
klügere	2.77	89
pornographie	2.77	89
bewach	2.77	89
weihnachtsstimmung	2.77	89
materials	2.77	89
außerordentlichen	2.77	89
sprengfalle	2.77	89
uneingeladen	2.77	89
kriegsgefangenenlager	2.77	89
öfen	2.77	89
20-jährigen	2.77	89
gestüt	2.77	89
heiligem	2.77	89
kollidieren	2.77	89
kollabierte	2.77	89
cc	2.77	89
faltet	2.77	89
zurückweichen	2.77	89
heilst	2.77	89
intimes	2.77	89
reling	2.77	89
nähten	2.77	89
freikarten	2.77	89
svensson	2.77	89
arbeitsbedingungen	2.77	89
herzlichst	2.77	89
bowlingkugel	2.77	89
stoney	2.77	89
wohnblock	2.77	89
besessener	2.77	89
kiefern	2.77	89
scheffeln	2.77	89
chauncey	2.77	89
flexibilität	2.77	89
eckat	2.77	89
trivial	2.77	89
vertrauensvoll	2.77	89
lägen	2.77	89
c.j.	2.77	89
weltbevölkerung	2.77	89
nadir	2.77	89
epps	2.77	89
dascha	2.77	89
kortex	2.77	89
ou	2.77	89
hughie	2.77	89
bedrohst	2.77	89
coffy	2.77	89
durchhaltevermögen	2.77	89
minh	2.77	89
englischlehrer	2.77	89
suppen	2.77	89
nachzumachen	2.77	89
genny	2.77	89
schlägern	2.77	89
würg	2.77	89
geröntgt	2.77	89
ritze	2.77	89
obenauf	2.77	89
saber	2.77	89
abflussrohr	2.77	89
calamity	2.77	89
stepptanz	2.77	89
hinzustellen	2.77	89
behagt	2.77	89
mms	2.77	89
fregatte	2.77	89
leffingwell	2.77	89
goode	2.77	89
isolierband	2.77	89
regierungsgebäude	2.77	89
geklagt	2.77	89
tight	2.77	89
griesgrämig	2.77	89
oregano	2.77	89
chapel	2.77	89
horizontal	2.77	89
holzkohle	2.77	89
laborratten	2.77	89
armbruster	2.77	89
beruhte	2.77	89
polizeistaat	2.77	89
hochgefahren	2.77	89
gelockert	2.77	89
leberversagen	2.77	89
lazar	2.77	89
vonnöten	2.77	89
kostest	2.77	89
lab	2.77	89
lito	2.77	89
eingehende	2.77	89
verweigerst	2.77	89
heroische	2.77	89
startschuss	2.77	89
pearly	2.77	89
couture	2.77	89
löffeln	2.77	89
tuscheln	2.77	89
doron	2.77	89
zurechtkommt	2.77	89
plattenladen	2.77	89
turbinen	2.77	89
ängstliches	2.77	89
h.r.	2.77	89
wasserflasche	2.77	89
zielerfassung	2.77	89
spult	2.77	89
iljitsch	2.77	89
feenstaub	2.77	89
riesenarschloch	2.77	89
lax	2.77	89
brüten	2.77	89
flats	2.77	89
ägeus	2.77	89
akzeptierten	2.77	89
gemütlichkeit	2.77	89
reingehauen	2.77	89
wass	2.77	89
bummeln	2.77	89
verrutscht	2.77	89
headset	2.77	89
tudor	2.77	89
heraushalten	2.77	89
southfork	2.77	89
sharma	2.77	89
nachspionieren	2.77	89
verkomplizieren	2.77	89
mirko	2.77	89
ausgeteilt	2.77	89
jiddisch	2.77	89
draufmachen	2.77	89
frühlings	2.77	89
albatros	2.77	89
fabien	2.77	89
know-how	2.77	89
bas	2.77	89
penetration	2.77	89
vorfeld	2.77	89
periskop	2.77	89
kool	2.77	89
babcock	2.77	89
hausieren	2.77	89
schnittstelle	2.77	89
zugesprochen	2.77	89
sitcom	2.77	89
gallone	2.77	89
gerichtsmediziners	2.77	89
wunderlich	2.77	89
stattlicher	2.77	89
freikarte	2.77	89
knietief	2.77	89
résistance	2.77	89
sali	2.77	89
besichtigt	2.77	89
sonderagent	2.77	89
belaste	2.77	89
highlight	2.77	89
straßenecken	2.77	89
lieblingsort	2.77	89
parton	2.76	88
vertreterin	2.76	88
enthielten	2.76	88
delegierte	2.76	88
vergrub	2.76	88
sheldons	2.76	88
darrow	2.76	88
implantieren	2.76	88
garvin	2.76	88
brodelt	2.76	88
aufgetankt	2.76	88
schmerzensgeld	2.76	88
konditorei	2.76	88
zusammenschluss	2.76	88
kanton	2.76	88
chocolat	2.76	88
abgewartet	2.76	88
durchforsten	2.76	88
abgeglichen	2.76	88
bewilligung	2.76	88
borge	2.76	88
vorlieb	2.76	88
raushaben	2.76	88
raumkapsel	2.76	88
entlastung	2.76	88
besprühen	2.76	88
schatzamt	2.76	88
kaffeekanne	2.76	88
oeuvres	2.76	88
kochkunst	2.76	88
heimgebracht	2.76	88
abenteuers	2.76	88
aussetzt	2.76	88
gestrüpp	2.76	88
nebenraum	2.76	88
bracken	2.76	88
hechelt	2.76	88
anheuerte	2.76	88
duc	2.76	88
stapelt	2.76	88
passagen	2.76	88
vergeudete	2.76	88
verplempern	2.76	88
albertine	2.76	88
nachzügler	2.76	88
kreißsaal	2.76	88
urvampir	2.76	88
yoyo	2.76	88
badehaus	2.76	88
buhrufe	2.76	88
cleve	2.76	88
schmerzhaften	2.76	88
strickler	2.76	88
manly	2.76	88
naturkatastrophe	2.76	88
mantra	2.76	88
unreine	2.76	88
singenden	2.76	88
softie	2.76	88
pedantisch	2.76	88
malkovich	2.76	88
roarke	2.76	88
überflogen	2.76	88
spitzenmäßig	2.76	88
rasputin	2.76	88
ransom	2.76	88
wohlfühlt	2.76	88
angibt	2.76	88
sprudelt	2.76	88
moneypenny	2.76	88
vorzubringen	2.76	88
blutzellen	2.76	88
guitar	2.76	88
trunken	2.76	88
kulturell	2.76	88
stanfield	2.76	88
üb	2.76	88
streichelte	2.76	88
schrapnell	2.76	88
geographic	2.76	88
wiedersiehst	2.76	88
mordserie	2.76	88
froher	2.76	88
tsui	2.76	88
airbags	2.76	88
mohr	2.76	88
rogan	2.76	88
tyra	2.76	88
zusätzlicher	2.76	88
miko	2.76	88
pyle	2.76	88
gwyneth	2.76	88
schwellen	2.76	88
datest	2.76	88
frostbeulen	2.76	88
metropole	2.76	88
kurzgeschichte	2.76	88
zähe	2.76	88
bump	2.76	88
hinzunehmen	2.76	88
schleuderte	2.76	88
rasmussen	2.76	88
amberson	2.76	88
klöster	2.76	88
brit	2.76	88
halter	2.76	88
begrenzung	2.76	88
putzig	2.76	88
gestapelt	2.76	88
lockst	2.76	88
jogger	2.76	88
inserat	2.76	88
weihnachtsmänner	2.76	88
subventionen	2.76	88
haaransatz	2.76	88
goldrichtig	2.76	88
which	2.76	88
schekel	2.76	88
guilala	2.76	88
angespuckt	2.76	88
dinosauriern	2.76	88
verschulden	2.76	88
ermächtigt	2.76	88
getting	2.76	88
warrick	2.76	88
beunruhigendes	2.76	88
stöckelschuhe	2.76	88
clou	2.76	88
akustik	2.76	88
überschwemmungen	2.76	88
fsb	2.76	88
rücke	2.76	88
yvon	2.76	88
drogendeal	2.76	88
greifer	2.76	88
ängstlicher	2.76	88
wheaton	2.76	88
entlegenen	2.76	88
delano	2.76	88
zeitverschiebung	2.76	88
frömmigkeit	2.76	88
mertens	2.76	88
jagdhund	2.76	88
finesse	2.76	88
putzte	2.76	88
kommentiert	2.76	88
jungfräulich	2.76	88
eingezeichnet	2.76	88
dargelegt	2.76	88
heiner	2.76	88
furchtlose	2.76	88
hinhören	2.76	88
galiläa	2.76	88
schlaglöcher	2.76	88
webseiten	2.76	88
rajesh	2.76	88
trotteln	2.76	88
konsultiert	2.76	88
sicherheitsnetz	2.76	88
mclaren	2.76	88
schirme	2.76	88
ruckzuck	2.76	88
hereingelassen	2.76	88
wärtern	2.76	88
herumgeschnüffelt	2.76	88
sichtungen	2.76	88
mak	2.76	88
häufigste	2.76	88
verantwortlichkeit	2.76	88
wettkämpfe	2.76	88
hollys	2.76	88
stewardessen	2.76	88
stunk	2.76	88
regentropfen	2.76	88
förderer	2.76	88
medizinschrank	2.76	88
pu	2.76	88
tierney	2.76	88
briens	2.76	88
doppelagentin	2.76	88
salinas	2.76	88
scheißteil	2.76	88
panzerfaust	2.76	88
argentinier	2.76	88
veritas	2.76	88
corinna	2.76	88
musashi	2.76	88
kearney	2.76	88
durchgekaut	2.76	88
satellitenbilder	2.76	88
happyend	2.76	88
random	2.76	88
trotzig	2.76	88
absahnen	2.76	88
mcgrath	2.76	88
schussbereit	2.76	88
rausschmeißer	2.76	88
nebenprodukt	2.76	88
potomac	2.76	88
zuzubereiten	2.76	88
orang-utan	2.76	88
exhumieren	2.76	88
moshe	2.76	88
schmort	2.76	88
exizor	2.76	88
wohlgefühlt	2.76	88
scheuern	2.76	88
kläglich	2.76	88
küchenmesser	2.76	88
dienstweg	2.76	88
umfangreich	2.76	88
dyle	2.76	88
flugdeck	2.76	88
vampirs	2.76	88
rauskriege	2.76	88
fußnägel	2.76	88
aurelio	2.76	88
nä	2.76	88
piratenschiff	2.76	88
umhaut	2.76	88
friedvoll	2.76	88
griesgram	2.76	88
r-2	2.76	88
einheizen	2.76	88
gunner	2.76	88
hydranten	2.76	88
botanik	2.76	88
rausgeschafft	2.76	88
raffinesse	2.76	88
schlagfertig	2.76	88
geschworenengericht	2.76	88
anzufreunden	2.76	88
hochstaplerin	2.76	88
warlocks	2.76	88
gaza	2.76	88
rumsitzt	2.76	88
verneinen	2.76	88
ibuprofen	2.76	88
seepferdchen	2.76	88
morgendliche	2.76	88
syncro	2.76	88
nidge	2.76	88
vollends	2.76	88
agrestic	2.76	88
patin	2.76	88
presseausweis	2.76	88
motorrädern	2.76	88
gekrallt	2.76	88
unterrichts	2.76	88
aufweist	2.76	88
überdauert	2.76	88
werkstätten	2.76	88
fratz	2.76	88
schwedin	2.76	88
chuny	2.76	88
abgerichtet	2.76	88
liberaler	2.76	88
drollig	2.76	88
sture	2.76	88
antworteten	2.76	88
zeno	2.76	88
kubo	2.76	88
corrine	2.76	88
ergreifst	2.76	88
führern	2.76	88
hinzusetzen	2.76	88
bedürftige	2.76	88
keuchend	2.76	88
wohlwollend	2.76	88
eicheln	2.76	88
geisteskranker	2.76	88
schwarzpulver	2.76	88
gegenüberzutreten	2.76	88
obszöne	2.76	88
fenwick	2.76	88
hehe	2.76	88
fluchs	2.76	88
glühwein	2.76	88
haruka	2.76	88
macintosh	2.76	88
landru	2.76	88
auszuräumen	2.76	88
stummer	2.76	88
festzunageln	2.76	88
godseys	2.76	88
besudeln	2.76	88
neblig	2.76	88
lemmon	2.76	88
sinfonie	2.76	88
stã	2.76	88
mitessen	2.76	88
bedienst	2.76	88
stinkendes	2.76	88
aschenbrödel	2.76	88
ellington	2.76	88
bärtige	2.76	88
unbeteiligt	2.76	88
quartiermeister	2.76	88
zerbrechliche	2.76	88
mitläufer	2.76	88
saphira	2.76	88
entgleitet	2.76	88
nacktes	2.76	88
saurer	2.76	88
rauer	2.76	88
geburtstagstorte	2.76	88
albion	2.76	88
generälen	2.76	88
irisa	2.76	88
trenn	2.76	88
stoner	2.76	88
windmühlen	2.76	88
ersetzbar	2.76	88
qualifizieren	2.76	88
hinzubekommen	2.76	88
atmer	2.76	88
streisand	2.76	88
twister	2.76	88
artist	2.76	88
ebnen	2.76	88
ayesha	2.76	87
dranzukriegen	2.76	87
familienangehörige	2.76	87
atemgeräusche	2.76	87
eingepfercht	2.76	87
editor	2.76	87
bestechlich	2.76	87
abzahlen	2.76	87
faxe	2.76	87
gelyncht	2.76	87
weggeschossen	2.76	87
süßigkeit	2.76	87
sour	2.76	87
zigeunern	2.76	87
verhaltensweisen	2.76	87
craigslist	2.76	87
terrorakte	2.76	87
wichtel	2.76	87
enthaltsamkeit	2.76	87
kugelhagel	2.76	87
unterholz	2.76	87
exotisches	2.76	87
favoritin	2.76	87
lineal	2.76	87
ethnische	2.76	87
schulausflug	2.76	87
silicon	2.76	87
datai	2.76	87
ute	2.76	87
gebogen	2.76	87
pei	2.76	87
eigenartiger	2.76	87
magazinen	2.76	87
superstars	2.76	87
anrichte	2.76	87
bärtigen	2.76	87
mott	2.76	87
sauerstoffsättigung	2.76	87
alarmanlagen	2.76	87
noren	2.76	87
fabriziert	2.76	87
gegenwehr	2.76	87
resten	2.76	87
stinkefinger	2.76	87
picknicks	2.76	87
pädophile	2.76	87
wegfährt	2.76	87
hierherkam	2.76	87
sche	2.76	87
gewürz	2.76	87
merritt	2.76	87
weites	2.76	87
chou	2.76	87
ammenmärchen	2.76	87
sesam	2.76	87
amish	2.76	87
abkühlung	2.76	87
chanson	2.76	87
maharadscha	2.76	87
hindenburg	2.76	87
gewaltsame	2.76	87
traditionelles	2.76	87
deauville	2.76	87
unerlaubten	2.76	87
ringsum	2.76	87
unerschütterlich	2.76	87
kanaken	2.76	87
jin-sung	2.76	87
christl	2.76	87
doom	2.76	87
sprossen	2.76	87
lockert	2.76	87
kleiderordnung	2.76	87
pressefreiheit	2.76	87
ausstatten	2.76	87
schluchten	2.76	87
adrett	2.76	87
ignaz	2.76	87
synchronisieren	2.76	87
schen	2.76	87
aufatmen	2.76	87
festhielt	2.76	87
abhilfe	2.76	87
ungeschlagen	2.76	87
os	2.76	87
urzeiten	2.76	87
comedian	2.76	87
eskalation	2.76	87
geraldine	2.76	87
thiel	2.76	87
kolibri	2.76	87
abtun	2.76	87
inland	2.76	87
schwerwiegend	2.76	87
separaten	2.76	87
eigentumswohnungen	2.76	87
unbestreitbar	2.76	87
türklinke	2.76	87
geringeren	2.76	87
saukalt	2.76	87
ochmonek	2.76	87
vereine	2.76	87
fesch	2.76	87
willigen	2.76	87
dreifaltigkeit	2.76	87
geloben	2.76	87
1a	2.76	87
wasserdruck	2.76	87
einzelhandel	2.76	87
kritisierst	2.76	87
aufkommt	2.76	87
zigmal	2.76	87
frontlinie	2.76	87
nickt	2.76	87
synapsen	2.76	87
fuchtel	2.76	87
halbieren	2.76	87
anregung	2.76	87
besitzurkunde	2.76	87
moskito	2.76	87
persönlichem	2.76	87
napier	2.76	87
räudiger	2.76	87
unkontrolliert	2.76	87
kooperierst	2.76	87
abschürfungen	2.76	87
anhaltende	2.76	87
tapeten	2.76	87
falschspieler	2.76	87
zwist	2.76	87
gurgeln	2.76	87
anpflanzen	2.76	87
fauna	2.76	87
ausharren	2.76	87
jabba	2.76	87
bevorstehen	2.76	87
süsser	2.76	87
vortag	2.76	87
giant	2.76	87
fahrstil	2.76	87
zweitschlüssel	2.76	87
tupac	2.76	87
temporalen	2.76	87
pax	2.76	87
spacecenter	2.76	87
minbar	2.76	87
deodorant	2.76	87
eisenhut	2.76	87
lieblingsgericht	2.76	87
gitarristen	2.76	87
bequemes	2.76	87
dädalus	2.76	87
abberufen	2.76	87
hirnblutung	2.76	87
americano	2.76	87
gedankenstimme	2.76	87
hobbits	2.76	87
abscheulicher	2.76	87
vorgebracht	2.76	87
ausfiel	2.76	87
finnen	2.76	87
okkulten	2.76	87
acres	2.76	87
ishii	2.76	87
spieltest	2.76	87
bodens	2.76	87
stereo	2.76	87
viechern	2.76	87
zehnjährigen	2.76	87
picken	2.76	87
cantor	2.76	87
schummelt	2.76	87
antreffen	2.76	87
galaxy	2.76	87
spektakulären	2.76	87
haariger	2.76	87
elbe	2.76	87
kirchliche	2.76	87
verwundung	2.76	87
russischem	2.76	87
excusez-moi	2.76	87
jeremys	2.76	87
hergibt	2.76	87
anbieter	2.76	87
verzagen	2.76	87
widrigkeiten	2.76	87
wendungen	2.76	87
pippin	2.76	87
geläufig	2.76	87
optimus	2.76	87
fabel	2.76	87
schalldicht	2.76	87
schmiedet	2.76	87
schwächeren	2.76	87
snoopy	2.76	87
edmunds	2.76	87
maggy	2.76	87
tuna	2.76	87
tietjens	2.76	87
ooch	2.76	87
deadshot	2.76	87
glumpf	2.76	87
indianischer	2.76	87
warnten	2.76	87
universelle	2.76	87
hammonds	2.76	87
arschgeigen	2.76	87
bubby	2.76	87
pringle	2.76	87
erledigten	2.76	87
brackett	2.76	87
stachelschwein	2.76	87
ausgeknockt	2.76	87
taktisch	2.76	87
elba	2.76	87
kontra	2.76	87
sklavinnen	2.76	87
reinfahren	2.76	87
jagdhütte	2.76	87
masons	2.76	87
athletisch	2.76	87
morland	2.76	87
eiskaltes	2.76	87
generiert	2.76	87
ludovico	2.76	87
selbstlose	2.76	87
heuern	2.76	87
dürstet	2.76	87
farragut	2.76	87
bespritzt	2.76	87
spendengala	2.76	87
witt	2.76	87
kennzeichnen	2.76	87
gribble	2.76	87
kontaktlinse	2.76	87
gehüpft	2.76	87
totzuschlagen	2.76	87
karp	2.76	87
abnahm	2.76	87
friedman	2.76	87
fuma	2.76	87
kosmetikerin	2.76	87
vorgehaltener	2.76	87
missetaten	2.76	87
angeborene	2.76	87
grabmal	2.76	87
hierin	2.76	87
sandrigo	2.76	87
fountain	2.76	87
tetanus	2.76	87
schnurstracks	2.76	87
meeresrauschen	2.76	87
rikard	2.76	87
grandmas	2.76	87
vogt	2.76	87
emmit	2.76	87
tippin	2.76	87
klebst	2.76	87
ursus	2.76	87
rash	2.76	87
sameen	2.76	87
dolph	2.76	87
wegholen	2.76	87
wörz	2.76	87
munro	2.76	87
pygmäen	2.76	87
meißel	2.76	87
ambrosia	2.76	87
kriegsherr	2.76	87
petros	2.76	87
wohnungstür	2.76	87
fachbereich	2.76	87
sommercamp	2.76	87
lieblingssorte	2.76	87
gesundheitsministerium	2.76	87
arbeitsgruppe	2.76	87
physikalischen	2.76	87
smalls	2.76	87
abzuladen	2.76	87
vollkommenen	2.76	87
skalpiert	2.76	87
ungefähre	2.76	87
issa	2.76	87
uneheliches	2.76	87
numero	2.76	87
babu	2.76	87
vino	2.76	87
vik	2.76	87
machiavelli	2.76	87
gabelstapler	2.76	87
raumschiffen	2.76	87
irreführung	2.76	87
stasis	2.76	87
loren	2.76	87
verarztet	2.76	87
fischers	2.76	87
östrogen	2.76	87
morgenröte	2.76	87
kikuchiyo	2.76	87
maries	2.76	87
marschierten	2.76	87
elway	2.76	87
gato	2.76	87
fords	2.76	87
pups	2.75	86
blumenmädchen	2.75	86
vanderbilt	2.75	86
fidschi	2.75	86
unterstrichen	2.75	86
apu	2.75	86
donkey	2.75	86
taschenuhr	2.75	86
mohinder	2.75	86
blackwood	2.75	86
auszukennen	2.75	86
addams	2.75	86
müllschlucker	2.75	86
techtelmechtel	2.75	86
hertz	2.75	86
showdown	2.75	86
ungezwungen	2.75	86
bimbo	2.75	86
fortschicken	2.75	86
blechmann	2.75	86
anführern	2.75	86
weins	2.75	86
schnarche	2.75	86
einbrüchen	2.75	86
mästen	2.75	86
verhätscheln	2.75	86
thors	2.75	86
extraktion	2.75	86
nationalisten	2.75	86
überboten	2.75	86
besessene	2.75	86
klängen	2.75	86
autowäsche	2.75	86
heuer	2.75	86
überrennen	2.75	86
burner	2.75	86
sicherheitsmaßnahme	2.75	86
neurochirurg	2.75	86
fristlos	2.75	86
wyatts	2.75	86
beschützerin	2.75	86
rollschuhe	2.75	86
konfus	2.75	86
geschwätzig	2.75	86
rangelassen	2.75	86
aprikosen	2.75	86
malware	2.75	86
paschtu	2.75	86
knallkopf	2.75	86
hrafn	2.75	86
allerliebst	2.75	86
fächern	2.75	86
verwundeter	2.75	86
arlen	2.75	86
schadenfroh	2.75	86
lachse	2.75	86
vorzudringen	2.75	86
gefallener	2.75	86
aufzufinden	2.75	86
vorgetäuschte	2.75	86
hinge	2.75	86
sagenhafte	2.75	86
addieren	2.75	86
paper	2.75	86
x-mal	2.75	86
leerlauf	2.75	86
junker	2.75	86
gestalkt	2.75	86
löwenherz	2.75	86
scheppert	2.75	86
apparatur	2.75	86
verweise	2.75	86
vanilla	2.75	86
fernsehens	2.75	86
zugemutet	2.75	86
nixie	2.75	86
hineinkommen	2.75	86
boucher	2.75	86
shih	2.75	86
doppelagenten	2.75	86
verbrauch	2.75	86
tässchen	2.75	86
verglühen	2.75	86
streichst	2.75	86
krümmt	2.75	86
schweife	2.75	86
geweitet	2.75	86
torsten	2.75	86
ria	2.75	86
kindheitserinnerungen	2.75	86
wasserski	2.75	86
convenio	2.75	86
soiree	2.75	86
drugstore	2.75	86
pilgern	2.75	86
flugkontrolle	2.75	86
zurechtmachen	2.75	86
traumatisches	2.75	86
consolidated	2.75	86
männerabend	2.75	86
schutze	2.75	86
zwickt	2.75	86
selbstmordattentäter	2.75	86
umwerben	2.75	86
entzückender	2.75	86
henk	2.75	86
nobelpreisträger	2.75	86
magna	2.75	86
karls	2.75	86
koloss	2.75	86
tanzstunden	2.75	86
ansprechend	2.75	86
abgebildet	2.75	86
delfinen	2.75	86
dchen	2.75	86
hintergehst	2.75	86
pflückt	2.75	86
umhängen	2.75	86
seitenlinie	2.75	86
falafel	2.75	86
reichtums	2.75	86
biberkopf	2.75	86
mud	2.75	86
zurechtgemacht	2.75	86
vipern	2.75	86
halliday	2.75	86
talkshows	2.75	86
erweiterten	2.75	86
lagos	2.75	86
mandalore	2.75	86
krippenspiel	2.75	86
bezaubernder	2.75	86
villefort	2.75	86
verlierern	2.75	86
laborwerte	2.75	86
händchenhalten	2.75	86
raffinierten	2.75	86
wohlgefallen	2.75	86
ausbügeln	2.75	86
multipliziert	2.75	86
suzan	2.75	86
bloch	2.75	86
warrior	2.75	86
ungläubig	2.75	86
verkehrsmittel	2.75	86
himmelsherr	2.75	86
friedl	2.75	86
erfriere	2.75	86
strähnchen	2.75	86
straffen	2.75	86
explodiere	2.75	86
schocks	2.75	86
wiederaufnahme	2.75	86
herfahren	2.75	86
hermetisch	2.75	86
lacroix	2.75	86
ravn	2.75	86
colts	2.75	86
absegnen	2.75	86
begibst	2.75	86
badest	2.75	86
beatrix	2.75	86
prasselt	2.75	86
darstellerin	2.75	86
sachverhalt	2.75	86
unwürdigen	2.75	86
vorgetäuschten	2.75	86
bergarbeiter	2.75	86
18-jährige	2.75	86
sinnlichkeit	2.75	86
bixby	2.75	86
buford	2.75	86
grabräuber	2.75	86
nagelneue	2.75	86
frozen	2.75	86
einzuschließen	2.75	86
aktives	2.75	86
janni	2.75	86
schneeflocken	2.75	86
überstehst	2.75	86
vergöttern	2.75	86
kafka	2.75	86
einzutauschen	2.75	86
legitimen	2.75	86
farbton	2.75	86
aufsparen	2.75	86
nachdrücklich	2.75	86
befürworter	2.75	86
drohbriefe	2.75	86
dales	2.75	86
mutieren	2.75	86
barris	2.75	86
angewandte	2.75	86
islamabad	2.75	86
steilen	2.75	86
fußabtreter	2.75	86
verschanzen	2.75	86
sukkubus	2.75	86
tops	2.75	86
eintönig	2.75	86
wolfs	2.75	86
schaukelt	2.75	86
maschinengewehren	2.75	86
alarmsignal	2.75	86
marit	2.75	86
verdunkeln	2.75	86
märtyrerin	2.75	86
frauengefängnis	2.75	86
irreparabel	2.75	86
battosai	2.75	86
promotion	2.75	86
treiber	2.75	86
ziegenkäse	2.75	86
un-lun	2.75	86
anzuklopfen	2.75	86
sturzbetrunken	2.75	86
aarons	2.75	86
pflegekind	2.75	86
verlässlicher	2.75	86
henkersmahlzeit	2.75	86
wave	2.75	86
hours	2.75	86
beeinflusste	2.75	86
segelten	2.75	86
betrachteten	2.75	86
finnischen	2.75	86
bewunderten	2.75	86
weiterlesen	2.75	86
rindern	2.75	86
polyester	2.75	86
pcp	2.75	86
geschriebene	2.75	86
r.j.	2.75	86
privatisierung	2.75	86
stalking	2.75	86
skin	2.75	86
überschattet	2.75	86
intensives	2.75	86
rickwaert	2.75	86
erblindet	2.75	86
vips	2.75	86
maßgeschneidert	2.75	86
putt	2.75	86
wechseljahre	2.75	86
mojito	2.75	86
ausguck	2.75	86
farrow	2.75	86
kriegsrat	2.75	86
jaclyn	2.75	86
zilong	2.75	86
aufsässig	2.75	86
muslimischen	2.75	86
hilliard	2.75	86
entbehrungen	2.75	86
fußmassage	2.75	86
maniac	2.75	86
firmenwagen	2.75	86
saubergemacht	2.75	86
militärakademie	2.75	86
physikalische	2.75	86
conners	2.75	86
ugo	2.75	86
intimer	2.75	86
piers	2.75	86
went	2.75	86
flugstunden	2.75	86
ac	2.75	86
geheimversteck	2.75	86
filmes	2.75	86
zupfen	2.75	86
achtsam	2.75	86
gasmasken	2.75	86
einsparen	2.75	86
anleihe	2.75	86
windet	2.75	86
aurel	2.75	86
selbstgemacht	2.75	86
riechsalz	2.75	86
sedja	2.75	86
pezuela	2.75	86
effendi	2.75	86
sabina	2.75	86
digest	2.75	85
kirara	2.75	85
rapha	2.75	85
firewood	2.75	85
gummis	2.75	85
driften	2.75	85
vorzulegen	2.75	85
höhepunkte	2.75	85
schwedischer	2.75	85
edi	2.75	85
ritalin	2.75	85
lobbyisten	2.75	85
erdgas	2.75	85
kor	2.75	85
utopium	2.75	85
mutierten	2.75	85
aufhetzen	2.75	85
t.p.	2.75	85
schwärme	2.75	85
juicy	2.75	85
beatmung	2.75	85
sandten	2.75	85
nudelsuppe	2.75	85
ungezogenes	2.75	85
hessington	2.75	85
durchlöchern	2.75	85
freigehalten	2.75	85
wettbewerbe	2.75	85
lovell	2.75	85
kalibrieren	2.75	85
vordrängeln	2.75	85
wassiljewitsch	2.75	85
karosserie	2.75	85
psychischer	2.75	85
jakarta	2.75	85
tum	2.75	85
stromschnellen	2.75	85
widersprochen	2.75	85
bedürftig	2.75	85
steffi	2.75	85
boni	2.75	85
knife	2.75	85
lehrerinnen	2.75	85
quatermass	2.75	85
productions	2.75	85
ians	2.75	85
verwerfen	2.75	85
strahlendes	2.75	85
ergebenen	2.75	85
leuchtete	2.75	85
abzuweisen	2.75	85
zuweisen	2.75	85
dachau	2.75	85
hinwerfen	2.75	85
plemplem	2.75	85
einfühlungsvermögen	2.75	85
ästen	2.75	85
abgeschworen	2.75	85
rabbiner	2.75	85
eindringlingen	2.75	85
schwerfällig	2.75	85
bemannt	2.75	85
deeds	2.75	85
grillparty	2.75	85
bezirksgericht	2.75	85
ressort	2.75	85
staatsanwaltes	2.75	85
apart	2.75	85
wirkungslos	2.75	85
kontrollier	2.75	85
urheber	2.75	85
sanduhr	2.75	85
penrose	2.75	85
wasserleitung	2.75	85
blutlache	2.75	85
mitzufahren	2.75	85
berufliches	2.75	85
wandelte	2.75	85
dauerhaftes	2.75	85
führend	2.75	85
dredd	2.75	85
zaubere	2.75	85
fallakte	2.75	85
aufzog	2.75	85
arbeitstier	2.75	85
süßem	2.75	85
glitter	2.75	85
unverheiratete	2.75	85
wiederschauen	2.75	85
begrapscht	2.75	85
führet	2.75	85
röntgenblick	2.75	85
bucklige	2.75	85
nichtsein	2.75	85
ausläuft	2.75	85
kaue	2.75	85
hilflosigkeit	2.75	85
moments	2.75	85
eingemauert	2.75	85
spirituelles	2.75	85
nebenkosten	2.75	85
drähten	2.75	85
aufgebrachte	2.75	85
täuschungsmanöver	2.75	85
nantucket	2.75	85
hochzujagen	2.75	85
gefühlsmäßig	2.75	85
geir	2.75	85
12-jährigen	2.75	85
vorschreibt	2.75	85
abschätzen	2.75	85
uffe	2.75	85
pulitzer-preis	2.75	85
trafalgar	2.75	85
kollekte	2.75	85
trainingsanzug	2.75	85
gridley	2.75	85
davonzukommen	2.75	85
exorzist	2.75	85
bundesstaaten	2.75	85
vergab	2.75	85
22er	2.75	85
frühlingsrolle	2.75	85
urteilsverkündung	2.75	85
bewusstlosigkeit	2.75	85
amina	2.75	85
umfassenden	2.75	85
niedergemetzelt	2.75	85
bewaffnung	2.75	85
hineinversetzen	2.75	85
sticken	2.75	85
großbritanniens	2.75	85
spanierin	2.75	85
schlachtbank	2.75	85
freiwild	2.75	85
freigelegt	2.75	85
fbis	2.75	85
scannt	2.75	85
gekoppelt	2.75	85
überschreite	2.75	85
baptisten	2.75	85
seliger	2.75	85
andiamo	2.75	85
pianistin	2.75	85
drifter	2.75	85
musikbox	2.75	85
morello	2.75	85
gillingham	2.75	85
kaputtgeht	2.75	85
rivalin	2.75	85
heidnische	2.75	85
gewiesen	2.75	85
bäumchen	2.75	85
shuttlerampe	2.75	85
hineinzuziehen	2.75	85
rena	2.75	85
rlich	2.75	85
taktgefühl	2.75	85
verbleibt	2.75	85
ronson	2.75	85
schielt	2.75	85
pfadfinderin	2.75	85
pfeifst	2.75	85
drill	2.75	85
beinchen	2.75	85
verhörs	2.75	85
bros	2.75	85
calling	2.75	85
steinhart	2.75	85
interest	2.75	85
straßburg	2.75	85
frauenkleider	2.75	85
belt	2.75	85
tendiere	2.75	85
vector	2.75	85
schibetta	2.75	85
fez	2.75	85
erträumen	2.75	85
krankenbett	2.75	85
scheiterten	2.75	85
eene	2.75	85
maybourne	2.75	85
mystisch	2.75	85
bewacher	2.75	85
bekanntgegeben	2.75	85
freizusetzen	2.75	85
wachablösung	2.75	85
gärtnern	2.75	85
analyst	2.75	85
sprüht	2.75	85
unbefleckte	2.75	85
scheissegal	2.75	85
einsteigt	2.75	85
gackert	2.75	85
vorhandene	2.75	85
hie	2.75	85
perfektionist	2.75	85
soto	2.75	85
dov	2.75	85
industriegebiet	2.75	85
hybride	2.75	85
zephyr	2.75	85
geisterhaus	2.75	85
kommend	2.75	85
jägers	2.75	85
tarif	2.75	85
sitzengelassen	2.75	85
spätes	2.75	85
wucher	2.75	85
rumführen	2.75	85
ersticht	2.75	85
gummizelle	2.75	85
einäscherung	2.75	85
zwinker	2.75	85
spencers	2.75	85
chatten	2.75	85
verschwenderisch	2.75	85
dächte	2.75	85
raubüberfalls	2.75	85
bastards	2.75	85
umarm	2.75	85
zustands	2.75	85
düfte	2.75	85
sounds	2.75	85
kopiere	2.75	85
boß	2.75	85
gefaxt	2.75	85
kaidu	2.75	85
ruhmes	2.75	85
metalle	2.75	85
raushauen	2.75	85
lieberman	2.75	85
privatdetektivin	2.75	85
verleih	2.75	85
bauers	2.75	85
neon	2.75	85
aufwendig	2.75	85
mimen	2.75	85
urenkel	2.75	85
milchgesicht	2.75	85
inhalieren	2.75	85
strukturiert	2.75	85
beidseitig	2.75	85
comlink	2.75	85
aufsetzt	2.75	85
gewackelt	2.75	85
auszuflippen	2.75	85
claremont	2.75	85
wm	2.75	85
wendys	2.75	85
riesenbaby	2.75	85
scorch	2.75	85
oceanic	2.75	85
frühaufsteher	2.75	85
händigen	2.75	85
bildschirme	2.75	85
weißrussland	2.75	85
seriöser	2.75	85
rémi	2.75	85
works	2.75	85
gefühlsduselei	2.75	85
retriever	2.75	85
einzustecken	2.75	85
stillwater	2.75	85
karosse	2.75	85
stack	2.75	85
harumi	2.75	85
schmerzmitteln	2.75	85
quinton	2.75	85
arztrechnungen	2.75	85
kompost	2.75	85
chon	2.75	85
yoshi	2.75	85
orangenen	2.75	85
plünderung	2.75	85
preysing	2.75	85
viii.	2.75	85
aufblühen	2.75	85
stitch	2.75	85
ortszeit	2.75	85
erwähntest	2.75	85
überanstrengen	2.75	85
khalil	2.75	85
juliens	2.75	85
einschlug	2.75	85
raushole	2.75	85
blökt	2.75	85
strafrecht	2.75	85
photoshop	2.75	85
ermutigung	2.75	85
französischem	2.75	85
nachgeholfen	2.75	85
odyssey	2.75	85
mannequin	2.75	85
überragend	2.75	85
lehnsherr	2.75	85
koffeinfreien	2.75	85
erfasse	2.75	85
durchblutung	2.75	85
gekitzelt	2.75	85
soap	2.75	85
sektionen	2.75	85
mclintock	2.75	85
kristian	2.75	85
ergattern	2.75	85
mittelberg	2.75	85
sentox	2.75	85
gigantisches	2.75	85
erfreuliches	2.75	85
gefundenen	2.75	85
verschiffen	2.75	85
tréville	2.75	85
untergejubelt	2.75	85
polente	2.75	85
blanco	2.75	85
comic-con	2.75	85
seemeilen	2.75	85
österreichische	2.75	85
litauen	2.74	84
einging	2.74	84
schneepflug	2.74	84
enigma	2.74	84
beschlossene	2.74	84
erbeten	2.74	84
lymphom	2.74	84
elften	2.74	84
zitierst	2.74	84
layton	2.74	84
näherst	2.74	84
notendurchschnitt	2.74	84
abo	2.74	84
bögen	2.74	84
recyceln	2.74	84
überzeugten	2.74	84
hausverwalter	2.74	84
sagenhaften	2.74	84
rottweiler	2.74	84
verantwortungsvolle	2.74	84
manni	2.74	84
aufgefasst	2.74	84
aufzufüllen	2.74	84
flow	2.74	84
animalische	2.74	84
umsätze	2.74	84
rauchten	2.74	84
bedecke	2.74	84
nachfühlen	2.74	84
verehrteste	2.74	84
zureden	2.74	84
anfeuerungsrufe	2.74	84
wels	2.74	84
christliches	2.74	84
laben	2.74	84
schulklingel	2.74	84
habicht	2.74	84
mozzarella	2.74	84
stile	2.74	84
erde-2	2.74	84
geflutet	2.74	84
belüftung	2.74	84
ekelhaftes	2.74	84
hintun	2.74	84
smyth	2.74	84
galina	2.74	84
julianna	2.74	84
lexx	2.74	84
glitt	2.74	84
großherzig	2.74	84
öffnungen	2.74	84
kostenloser	2.74	84
secretariat	2.74	84
knospen	2.74	84
unterkühlt	2.74	84
mousse	2.74	84
behausung	2.74	84
bordkarte	2.74	84
fredo	2.74	84
sole	2.74	84
snickers	2.74	84
fruchtbare	2.74	84
fraulein	2.74	84
sashi	2.74	84
crime	2.74	84
freibrief	2.74	84
nomi	2.74	84
katholischer	2.74	84
overalls	2.74	84
verleihung	2.74	84
robespierre	2.74	84
junuh	2.74	84
ackroyd	2.74	84
verderbtheit	2.74	84
fernab	2.74	84
winkeln	2.74	84
garbo	2.74	84
gegrillten	2.74	84
bitterlich	2.74	84
winkelmann	2.74	84
randal	2.74	84
abschließend	2.74	84
entweicht	2.74	84
gesäß	2.74	84
julians	2.74	84
ladenschluss	2.74	84
brillanz	2.74	84
zerstörerisch	2.74	84
investigation	2.74	84
feinschmecker	2.74	84
manchem	2.74	84
gehabe	2.74	84
muntere	2.74	84
mußtest	2.74	84
durchzusehen	2.74	84
lindholm	2.74	84
wasserbett	2.74	84
zehnfache	2.74	84
beendigung	2.74	84
ausgewachsen	2.74	84
krischan	2.74	84
balzac	2.74	84
eingewöhnen	2.74	84
bulstrode	2.74	84
tansania	2.74	84
wagnis	2.74	84
terrors	2.74	84
millennium-gruppe	2.74	84
gefahrlos	2.74	84
außeneinsatz	2.74	84
zahlmeister	2.74	84
trigger	2.74	84
backenzahn	2.74	84
theben	2.74	84
josiah	2.74	84
mathelehrer	2.74	84
henson	2.74	84
äuglein	2.74	84
ausstopfen	2.74	84
sartre	2.74	84
genossenschaft	2.74	84
sojamilch	2.74	84
grossartige	2.74	84
särgen	2.74	84
arischen	2.74	84
tauber	2.74	84
flugzeit	2.74	84
unscheinbar	2.74	84
durcheinanderbringen	2.74	84
steile	2.74	84
verdrängung	2.74	84
vorrätig	2.74	84
montez	2.74	84
einfluß	2.74	84
masseuse	2.74	84
befreiungsfront	2.74	84
erfasste	2.74	84
trickbetrüger	2.74	84
maximaler	2.74	84
plattmachen	2.74	84
rettungssanitäter	2.74	84
horchen	2.74	84
gültige	2.74	84
vorhaut	2.74	84
schwächere	2.74	84
unmenge	2.74	84
alfalfa	2.74	84
verschließe	2.74	84
liliane	2.74	84
getrauert	2.74	84
feldflasche	2.74	84
bonsai	2.74	84
angewöhnt	2.74	84
ausgeladen	2.74	84
manner	2.74	84
vikings	2.74	84
erdrosseln	2.74	84
ernsthaftigkeit	2.74	84
kiwi	2.74	84
bilderbuch	2.74	84
tv-show	2.74	84
kampfkünste	2.74	84
ruanda	2.74	84
garantierte	2.74	84
gewäsch	2.74	84
verlieb	2.74	84
clips	2.74	84
umdenken	2.74	84
sirenengeheul	2.74	84
teilabdruck	2.74	84
crêpes	2.74	84
schlägertypen	2.74	84
fingerhut	2.74	84
lidschatten	2.74	84
bleek	2.74	84
funkelnden	2.74	84
hodes	2.74	84
hievt	2.74	84
nichtsnutze	2.74	84
schlafsäcke	2.74	84
herausragenden	2.74	84
brülle	2.74	84
beete	2.74	84
umgesiedelt	2.74	84
griechisches	2.74	84
zwiebelringe	2.74	84
grabes	2.74	84
generalschlüssel	2.74	84
treat	2.74	84
muskat	2.74	84
katzenklo	2.74	84
duce	2.74	84
thunderbird	2.74	84
godwyn	2.74	84
bevölkern	2.74	84
schwang	2.74	84
doran	2.74	84
swain	2.74	84
feels	2.74	84
zugesichert	2.74	84
spülbecken	2.74	84
voyeur	2.74	84
vereinzelte	2.74	84
jämmerliches	2.74	84
einband	2.74	84
malcom	2.74	84
freibeuter	2.74	84
sachbeschädigung	2.74	84
mops	2.74	84
rumgehen	2.74	84
ambrosius	2.74	84
verwandele	2.74	84
badewasser	2.74	84
mathews	2.74	84
stalkerin	2.74	84
vorzuspielen	2.74	84
ebola	2.74	84
chicka	2.74	84
bumerang	2.74	84
informationsquelle	2.74	84
pannen	2.74	84
grisham	2.74	84
background	2.74	84
spielerin	2.74	84
wimbledon	2.74	84
darmspiegelung	2.74	84
advokat	2.74	84
cyber	2.74	84
gita	2.74	84
eingelagert	2.74	84
dust	2.74	84
kraftfelder	2.74	84
geschehens	2.74	84
christoffer	2.74	84
kovak	2.74	84
begrüßte	2.74	84
glaubwürdiger	2.74	84
fordernd	2.74	84
paley	2.74	84
generalmajor	2.74	84
nascar	2.74	84
potenz	2.74	84
kilos	2.74	84
mandrake	2.74	84
laderampe	2.74	84
schwangerschaften	2.74	84
geldern	2.74	84
unvollkommen	2.74	84
roben	2.74	84
dirigenten	2.74	84
knapper	2.74	84
schnappdudel	2.74	84
alisha	2.74	84
zerquetschte	2.74	84
polnischer	2.74	84
andrés	2.74	84
herumgehen	2.74	84
impotenz	2.74	84
schmerzte	2.74	84
streichhölzern	2.74	84
grimasse	2.74	84
gesamter	2.74	84
verscharrt	2.74	84
pucci	2.74	84
widerspenstig	2.74	84
begießen	2.74	84
scratch	2.74	84
memory	2.74	84
haushaltshilfe	2.74	84
ungeahnte	2.74	84
boeing	2.74	84
hasi	2.74	84
scheffel	2.74	84
tauschst	2.74	84
vorstandsmitglieder	2.74	84
l.a	2.74	84
mutterzelle	2.74	84
caden	2.74	84
grundy	2.74	84
vielversprechenden	2.74	84
odi	2.74	84
philosophische	2.74	84
liegestützen	2.74	84
gekämmt	2.74	84
schhh	2.74	84
spielend	2.74	84
council	2.74	84
aufschwung	2.74	84
margy	2.74	84
selbstsüchtige	2.74	84
peiniger	2.74	84
fernsehstar	2.74	84
hochgearbeitet	2.74	84
seb	2.74	84
anrechnen	2.74	84
buff	2.74	84
stauffenberg	2.74	84
überholspur	2.74	84
krapfen	2.74	84
rausholst	2.74	84
nichtjetzt	2.74	84
niño	2.74	84
hermano	2.74	84
freigeist	2.74	84
katsu	2.74	84
paläste	2.74	83
vermassele	2.74	83
buddhist	2.74	83
katsushiro	2.74	83
hindu	2.74	83
verbietest	2.74	83
greggs	2.74	83
prosa	2.74	83
surprise	2.74	83
verliererin	2.74	83
schäbiger	2.74	83
sinai	2.74	83
foxtrot	2.74	83
babes	2.74	83
essensreste	2.74	83
zurückgibt	2.74	83
traumatischen	2.74	83
1.000-mal	2.74	83
streitkräften	2.74	83
v8	2.74	83
waruu	2.74	83
sydneys	2.74	83
überwachungsbänder	2.74	83
herzfehler	2.74	83
pritsche	2.74	83
eindämmung	2.74	83
mamiya	2.74	83
kompressor	2.74	83
verweichlicht	2.74	83
keramik	2.74	83
schmutzfink	2.74	83
deponie	2.74	83
nippeln	2.74	83
empfanden	2.74	83
oberinspektor	2.74	83
zufahrt	2.74	83
goldesel	2.74	83
ehrbarer	2.74	83
rußland	2.74	83
entgegenbringen	2.74	83
ingvar	2.74	83
intro	2.74	83
fröschen	2.74	83
vorliegenden	2.74	83
seelenverwandter	2.74	83
mehdi	2.74	83
autopsien	2.74	83
sonntage	2.74	83
gezielte	2.74	83
grillt	2.74	83
tora	2.74	83
gefrieren	2.74	83
spioniere	2.74	83
orientierungslos	2.74	83
grauenhaften	2.74	83
20-jährige	2.74	83
morgenrock	2.74	83
komplimenten	2.74	83
gewählter	2.74	83
tita	2.74	83
tatsu	2.74	83
cyndee	2.74	83
einparken	2.74	83
gäule	2.74	83
diensthabende	2.74	83
loswirst	2.74	83
verguckt	2.74	83
überheblichkeit	2.74	83
unweit	2.74	83
kontinuierlich	2.74	83
hanoi	2.74	83
beteiligte	2.74	83
krim	2.74	83
aufputschmittel	2.74	83
wendete	2.74	83
drohende	2.74	83
unbefugt	2.74	83
näschen	2.74	83
reitern	2.74	83
schiesserei	2.74	83
allerbester	2.74	83
hilfreicher	2.74	83
carrera	2.74	83
verirrten	2.74	83
verbreitest	2.74	83
eldritch	2.74	83
prüften	2.74	83
jinx	2.74	83
lolli	2.74	83
vorzeitigen	2.74	83
herrschers	2.74	83
philosophisch	2.74	83
latrine	2.74	83
alais	2.74	83
umgestimmt	2.74	83
zierlich	2.74	83
multiplizieren	2.74	83
einreise	2.74	83
geborenen	2.74	83
fünftel	2.74	83
ringkampf	2.74	83
plakaten	2.74	83
automobile	2.74	83
barbarischen	2.74	83
wünschenswert	2.74	83
avignon	2.74	83
glockengeläut	2.74	83
promoter	2.74	83
generalleutnant	2.74	83
valance	2.74	83
leonora	2.74	83
nã	2.74	83
zusammengetragen	2.74	83
opferten	2.74	83
michonne	2.74	83
einstufen	2.74	83
ramiro	2.74	83
satire	2.74	83
feminismus	2.74	83
dekadent	2.74	83
playboys	2.74	83
faseln	2.74	83
kampfhandlungen	2.74	83
psychotherapie	2.74	83
mcc	2.74	83
alarmglocken	2.74	83
aktivist	2.74	83
hakenkreuz	2.74	83
whiteside	2.74	83
himmelblau	2.74	83
pfiffig	2.74	83
dienstschluss	2.74	83
skrupellose	2.74	83
eleven	2.74	83
sprague	2.74	83
räucherstäbchen	2.74	83
shasta	2.74	83
stimulierend	2.74	83
stehlt	2.74	83
jugendstrafanstalt	2.74	83
pastis	2.74	83
cemil	2.74	83
durchforstet	2.74	83
mumien	2.74	83
lounds	2.74	83
kindlein	2.74	83
lieblingsrestaurant	2.74	83
staubsaugen	2.74	83
geschwärzt	2.74	83
operative	2.74	83
hofstadter	2.74	83
glückspilze	2.74	83
wurmlochs	2.74	83
milena	2.74	83
support	2.74	83
unendlicher	2.74	83
muttern	2.74	83
dämonenblut	2.74	83
erstbeste	2.74	83
jarrett	2.74	83
tabby	2.74	83
erschließen	2.74	83
rieb	2.74	83
sicherheitsprotokoll	2.74	83
streif	2.74	83
seismische	2.74	83
lebenswandel	2.74	83
begutachtung	2.74	83
berechnend	2.74	83
abzuheben	2.74	83
vettern	2.74	83
gejammert	2.74	83
tierquälerei	2.74	83
ismael	2.74	83
familienbetrieb	2.74	83
klipp	2.74	83
denzel	2.74	83
junk	2.74	83
auda	2.74	83
baumelt	2.74	83
aufteilung	2.74	83
jamaikaner	2.74	83
lhasa	2.74	83
zehnjährige	2.74	83
purdy	2.74	83
wasserpistole	2.74	83
spielzeugladen	2.74	83
musikanten	2.74	83
mündlichen	2.74	83
superheldin	2.74	83
lustmolch	2.74	83
weltraums	2.74	83
heeyong	2.74	83
erhabenheit	2.74	83
spurensuche	2.74	83
zeitweilig	2.74	83
tückisch	2.74	83
smithy	2.74	83
möbelstück	2.74	83
störten	2.74	83
burchell	2.74	83
strauch	2.74	83
ergebnislos	2.74	83
schlaftrunk	2.74	83
atemberaubende	2.74	83
grüezi	2.74	83
kopfverletzungen	2.74	83
blacky	2.74	83
vorschlägt	2.74	83
eingespannt	2.74	83
ciark	2.74	83
gemachten	2.74	83
wildlinge	2.74	83
schubkraft	2.74	83
unbeabsichtigt	2.74	83
winch	2.74	83
ester	2.74	83
glücksspiele	2.74	83
camembert	2.74	83
past	2.74	83
wälzt	2.74	83
lefebvre	2.74	83
zuverlässigkeit	2.74	83
hervorbringt	2.74	83
kombüse	2.74	83
abnormal	2.74	83
überstehe	2.74	83
persisch	2.74	83
deflektor	2.74	83
wolfman	2.74	83
rager	2.74	83
gliedern	2.74	83
gepanzerten	2.74	83
mafiaboss	2.74	83
dostojewski	2.74	83
kirsch	2.74	83
nachgibt	2.74	83
tanzes	2.74	83
stapleton	2.74	83
hannas	2.74	83
porgy	2.74	83
torrio	2.74	83
hübschesten	2.74	83
übermannt	2.74	83
zsa	2.74	83
orm	2.74	83
keanu	2.74	83
warfst	2.74	83
freitagnacht	2.74	83
kindesmissbrauch	2.74	83
eisprung	2.74	83
widerstrebt	2.74	83
sat	2.74	83
angehäuft	2.74	83
kovar	2.74	83
gerader	2.74	83
gegenspieler	2.74	83
zuru	2.74	83
weltalls	2.74	83
anpassungen	2.74	83
beklagst	2.74	83
indianisch	2.74	83
schulleiterin	2.74	83
aufzufangen	2.74	83
denunzieren	2.74	83
zwicken	2.74	83
stichen	2.74	83
nordöstlich	2.74	83
mes	2.74	83
campos	2.74	83
dreckschweine	2.74	83
kack	2.74	83
wataru	2.74	83
vorstellungsgespräche	2.74	83
unaufmerksam	2.74	83
schlaffen	2.74	83
kardiologe	2.74	83
blogs	2.74	83
vorprogrammiert	2.74	83
mittelschicht	2.74	83
waldbrand	2.74	83
iraker	2.74	83
robocop	2.74	83
stiftet	2.74	83
rostet	2.74	83
rücksichtsloser	2.74	83
praline	2.74	83
schlamperei	2.74	83
lada	2.74	83
vernetzt	2.73	82
abspülen	2.73	82
martel	2.73	82
rios	2.73	82
veröffentlichten	2.73	82
reingewaschen	2.73	82
luann	2.73	82
itchy	2.73	82
namenlose	2.73	82
drakes	2.73	82
liebschaften	2.73	82
ignoranten	2.73	82
grammophon	2.73	82
amadeus	2.73	82
blockierte	2.73	82
terroranschläge	2.73	82
gebüßt	2.73	82
x5	2.73	82
sec	2.73	82
mint	2.73	82
warlow	2.73	82
zoran	2.73	82
herrschten	2.73	82
meeren	2.73	82
timbuktu	2.73	82
edgware	2.73	82
piotr	2.73	82
überliefert	2.73	82
vietkong	2.73	82
losreißen	2.73	82
knechten	2.73	82
grundstücks	2.73	82
macs	2.73	82
rundes	2.73	82
barrymore	2.73	82
fackelt	2.73	82
räuchern	2.73	82
table	2.73	82
anweisen	2.73	82
ziegler	2.73	82
post-it	2.73	82
m5	2.73	82
grasen	2.73	82
odd	2.73	82
krachte	2.73	82
edition	2.73	82
verkümmert	2.73	82
fränze	2.73	82
beratungen	2.73	82
muldoon	2.73	82
verhätschelt	2.73	82
goines	2.73	82
ausreichende	2.73	82
gallery	2.73	82
spe	2.73	82
anforderung	2.73	82
funksignal	2.73	82
kaida	2.73	82
aufgeblasene	2.73	82
hundi	2.73	82
meisterwerke	2.73	82
techno	2.73	82
sto	2.73	82
schutzpatron	2.73	82
fianders	2.73	82
darfur	2.73	82
poltergeist	2.73	82
abklappern	2.73	82
obacht	2.73	82
heimgeschickt	2.73	82
würgte	2.73	82
disput	2.73	82
seefahrt	2.73	82
gefechtsstationen	2.73	82
lauge	2.73	82
rühmen	2.73	82
tonny	2.73	82
griffbereit	2.73	82
dicksten	2.73	82
nachhaltig	2.73	82
ramen	2.73	82
vortäuscht	2.73	82
tropez	2.73	82
schieber	2.73	82
identischen	2.73	82
quillt	2.73	82
vorgibst	2.73	82
bligh	2.73	82
vorherzusagen	2.73	82
bersten	2.73	82
potters	2.73	82
perth	2.73	82
durchgehend	2.73	82
übersiehst	2.73	82
verdamme	2.73	82
flügen	2.73	82
instabile	2.73	82
hoffnungslosigkeit	2.73	82
äquivalent	2.73	82
dickicht	2.73	82
käm	2.73	82
margherita	2.73	82
skandalöse	2.73	82
kritischem	2.73	82
wildcats	2.73	82
cheerios	2.73	82
bediente	2.73	82
gelte	2.73	82
marceau	2.73	82
umlege	2.73	82
xifeng	2.73	82
estes	2.73	82
hochgeklettert	2.73	82
einprägen	2.73	82
siedlern	2.73	82
basen	2.73	82
unterstand	2.73	82
felswand	2.73	82
waldrand	2.73	82
sprechchor	2.73	82
gebräunt	2.73	82
richelieu	2.73	82
katapultiert	2.73	82
asiatisch	2.73	82
boa	2.73	82
trout	2.73	82
hölzerne	2.73	82
pennies	2.73	82
kinderbücher	2.73	82
mogli	2.73	82
nihal	2.73	82
geheul	2.73	82
rauslocken	2.73	82
notizbücher	2.73	82
organspender	2.73	82
trooper	2.73	82
asenkerschbaumer	2.73	82
abzuhören	2.73	82
pepi	2.73	82
apotheken	2.73	82
culpa	2.73	82
streep	2.73	82
hüpfer	2.73	82
kimberley	2.73	82
sackgassen	2.73	82
cailin	2.73	82
sangria	2.73	82
lego	2.73	82
rezeptur	2.73	82
unähnlich	2.73	82
orly	2.73	82
ho-ho	2.73	82
schuldspruch	2.73	82
glasauge	2.73	82
chev	2.73	82
grauens	2.73	82
countess	2.73	82
tale	2.73	82
heringe	2.73	82
einhaltung	2.73	82
verneint	2.73	82
gewebeproben	2.73	82
familienfeier	2.73	82
verhalt	2.73	82
begrüssen	2.73	82
interferenz	2.73	82
volkswagen	2.73	82
danby	2.73	82
indisponiert	2.73	82
schaufensterpuppe	2.73	82
furchtlosen	2.73	82
sprudeln	2.73	82
chesapeake	2.73	82
vernachlässigung	2.73	82
zubereitung	2.73	82
mannys	2.73	82
davos	2.73	82
chaussy	2.73	82
gesammelten	2.73	82
plummer	2.73	82
praktisches	2.73	82
siebert	2.73	82
marschiere	2.73	82
treme	2.73	82
letterman	2.73	82
donnerschlag	2.73	82
gourmet	2.73	82
mistkerlen	2.73	82
auszuleihen	2.73	82
kelle	2.73	82
befreundeten	2.73	82
gülnihal	2.73	82
meckerst	2.73	82
kerben	2.73	82
zusammengefügt	2.73	82
jenson	2.73	82
nugget	2.73	82
noreen	2.73	82
unzugänglich	2.73	82
buttons	2.73	82
davontragen	2.73	82
temporäre	2.73	82
analsex	2.73	82
due	2.73	82
konsortium	2.73	82
staatliches	2.73	82
eingelaufen	2.73	82
alonso	2.73	82
gespaltene	2.73	82
höllenqualen	2.73	82
janos	2.73	82
guevara	2.73	82
vernünftigste	2.73	82
voraussichtliche	2.73	82
hinzurichten	2.73	82
schmerzliche	2.73	82
soundcheck	2.73	82
nullpunkt	2.73	82
listig	2.73	82
zeta	2.73	82
s01e05	2.73	82
halloween-party	2.73	82
dewitt	2.73	82
gaffney	2.73	82
kanako	2.73	82
bewohnen	2.73	82
kinofilm	2.73	82
stiefschwester	2.73	82
ausgestanden	2.73	82
vögle	2.73	82
delorean	2.73	82
vaginas	2.73	82
kontroversen	2.73	82
barden	2.73	82
haftbar	2.73	82
whatever	2.73	82
shields	2.73	82
forschungsergebnisse	2.73	82
elysium	2.73	82
sheffield	2.73	82
campbells	2.73	82
knacki	2.73	82
verdächtigst	2.73	82
thoraxdrainage	2.73	82
glasisch	2.73	82
claw	2.73	82
einschleimen	2.73	82
abzuwaschen	2.73	82
markierte	2.73	82
shifu	2.73	82
spore	2.73	82
b.b.	2.73	82
kyra	2.73	82
magazins	2.73	82
märkten	2.73	82
statische	2.73	82
dienstleistung	2.73	82
loslasse	2.73	82
runterzuholen	2.73	82
flecke	2.73	82
verplant	2.73	82
buckner	2.73	82
energies	2.73	82
vila	2.73	82
qaida	2.73	82
pierson	2.73	82
übertragbar	2.73	82
grimaud	2.73	82
fremdem	2.73	82
hierdurch	2.73	82
tuts	2.73	82
gepanzert	2.73	82
health	2.73	82
nordwind	2.73	82
kühlschränke	2.73	82
flacher	2.73	82
marschierte	2.73	82
merkwürdigerweise	2.73	82
chiffre	2.73	82
pianisten	2.73	82
charter	2.73	82
aktionären	2.73	82
kraftlos	2.73	82
zündest	2.73	82
suaheli	2.73	82
pettigrew	2.73	82
treasure	2.73	82
controller	2.73	82
kaulder	2.73	82
blutrünstige	2.73	82
reynholm	2.73	82
seifenblasen	2.73	82
whitehead	2.73	82
sachiko	2.73	82
schlafrock	2.73	82
schlafzimmern	2.73	82
weihnachtslied	2.73	82
lockeren	2.73	82
digby	2.73	82
verhandelst	2.73	82
gaspard	2.73	81
wohngegend	2.73	81
bonzen	2.73	81
hakenzahn	2.73	81
doppelschichten	2.73	81
trügerisch	2.73	81
snobs	2.73	81
elia	2.73	81
umsiedlung	2.73	81
nixons	2.73	81
negativer	2.73	81
skrupelloser	2.73	81
dressiert	2.73	81
unreife	2.73	81
gefreiten	2.73	81
opal	2.73	81
kaffees	2.73	81
formte	2.73	81
points	2.73	81
pray	2.73	81
zwanzigern	2.73	81
grausamste	2.73	81
umdrehst	2.73	81
auflisten	2.73	81
happiness	2.73	81
modifizierte	2.73	81
lappalie	2.73	81
loops	2.73	81
coyle	2.73	81
eingehe	2.73	81
zedd	2.73	81
versengt	2.73	81
lolly	2.73	81
hinkam	2.73	81
himmlisches	2.73	81
teii	2.73	81
wissenschaftsoffizier	2.73	81
duncans	2.73	81
hoods	2.73	81
semesters	2.73	81
brainpower	2.73	81
schachbrett	2.73	81
piri	2.73	81
manhattans	2.73	81
galaktischen	2.73	81
wegwirft	2.73	81
manipulierst	2.73	81
ghislaine	2.73	81
erdrücken	2.73	81
gebildeten	2.73	81
fiktive	2.73	81
daisys	2.73	81
kowloon	2.73	81
gesicherte	2.73	81
grégoire	2.73	81
existierenden	2.73	81
orlow	2.73	81
spezialistin	2.73	81
dezimiert	2.73	81
geheiminformationen	2.73	81
schulgelände	2.73	81
subjekte	2.73	81
yea	2.73	81
kühlsystem	2.73	81
hutton	2.73	81
slang	2.73	81
kasim	2.73	81
lucía	2.73	81
heilungsprozess	2.73	81
ivana	2.73	81
rumgespielt	2.73	81
karabiner	2.73	81
heizkörper	2.73	81
barley	2.73	81
telegrafieren	2.73	81
zuviele	2.73	81
rasenden	2.73	81
torero	2.73	81
gunny	2.73	81
taras	2.73	81
roanoke	2.73	81
maybelle	2.73	81
chromosomen	2.73	81
beeindruckte	2.73	81
juliane	2.73	81
kitano	2.73	81
produktionsfirma	2.73	81
gleichgestellt	2.73	81
beelzebub	2.73	81
erkenntnissen	2.73	81
funktionierten	2.73	81
tombola	2.73	81
frohsinn	2.73	81
artischocken	2.73	81
michels	2.73	81
lalala	2.73	81
gebrauchtes	2.73	81
schwachköpfen	2.73	81
edam	2.73	81
genügte	2.73	81
wettkämpfer	2.73	81
marein	2.73	81
marschbefehl	2.73	81
navarra	2.73	81
bubbs	2.73	81
sexappeal	2.73	81
traumas	2.73	81
bigelow	2.73	81
fassten	2.73	81
vorstandsmitglied	2.73	81
weitergegangen	2.73	81
boing	2.73	81
dobby	2.73	81
fixierung	2.73	81
elk	2.73	81
abchecken	2.73	81
calderon	2.73	81
mlle	2.73	81
devore	2.73	81
mitzählen	2.73	81
zandt	2.73	81
scullys	2.73	81
standhält	2.73	81
ungewollte	2.73	81
auslese	2.73	81
eindeutiges	2.73	81
cavendish	2.73	81
stoppten	2.73	81
mirjetzt	2.73	81
zipfel	2.73	81
rausgerannt	2.73	81
läsionen	2.73	81
balla	2.73	81
gotteshaus	2.73	81
auspackt	2.73	81
wachten	2.73	81
peugeot	2.73	81
geologische	2.73	81
klassik	2.73	81
überlasten	2.73	81
marat	2.73	81
pasteur	2.73	81
zauberformel	2.73	81
onkologie	2.73	81
weinprobe	2.73	81
bösartiges	2.73	81
ultron	2.73	81
versorger	2.73	81
mädchenhaft	2.73	81
negerin	2.73	81
ljudmila	2.73	81
tonart	2.73	81
umrühren	2.73	81
thorin	2.73	81
allerhöchste	2.73	81
entzündete	2.73	81
shreveport	2.73	81
glaber	2.73	81
torgeir	2.73	81
ausführliche	2.73	81
blaskapelle	2.73	81
hrothgar	2.73	81
sacken	2.73	81
tacho	2.73	81
spinnern	2.73	81
haldeman	2.73	81
subcommander	2.73	81
entwirren	2.73	81
ausbrecher	2.73	81
reingucken	2.73	81
muntert	2.73	81
hinterherlaufen	2.73	81
raff	2.73	81
herzurichten	2.73	81
vail	2.73	81
eingebüßt	2.73	81
weinenden	2.73	81
lateinische	2.73	81
vertikale	2.73	81
quartieren	2.73	81
hundebellen	2.73	81
biologisches	2.73	81
gemeinwohl	2.73	81
abgetan	2.73	81
cancan	2.73	81
auslöscht	2.73	81
catelyn	2.73	81
verpfänden	2.73	81
chemisches	2.73	81
hochrangiger	2.73	81
bademeister	2.73	81
einser	2.73	81
schwätzchen	2.73	81
silly	2.73	81
probeessen	2.73	81
livius	2.73	81
aaarrrgghh	2.73	81
ratsmitglied	2.73	81
furio	2.73	81
miri	2.73	81
machtkampf	2.73	81
konzession	2.73	81
misserfolge	2.73	81
festtag	2.73	81
shado	2.73	81
richtlinie	2.73	81
terrell	2.73	81
trinkgelder	2.73	81
slipper	2.73	81
preisrichter	2.73	81
epischen	2.73	81
airbag	2.73	81
deflektoren	2.73	81
unbenutzt	2.73	81
zing	2.73	81
kampfunfähig	2.73	81
kindlichen	2.73	81
manifestiert	2.73	81
schutzbrille	2.73	81
betreue	2.73	81
hoppy	2.73	81
regenbögen	2.73	81
nagle	2.73	81
bereithält	2.73	81
indiens	2.73	81
sodomie	2.73	81
sümmchen	2.73	81
stoffen	2.73	81
gütern	2.73	81
niederzubrennen	2.73	81
konventionellen	2.73	81
vichy	2.73	81
merc	2.73	81
floor	2.73	81
bronchitis	2.73	81
erzog	2.73	81
reisst	2.73	81
mikrowellen	2.73	81
symbolik	2.73	81
bouquet	2.73	81
diktiere	2.73	81
zobel	2.73	81
picture	2.73	81
florentine	2.73	81
rigby	2.73	81
minotaurus	2.73	81
zoeys	2.73	81
vergangener	2.73	81
luftangriffe	2.73	81
ausgängen	2.73	81
südwest	2.73	81
godfather	2.73	81
ausgeprägten	2.73	81
briar	2.73	81
boarding	2.73	81
budd	2.73	81
namensliste	2.73	81
dhabi	2.73	81
toxische	2.73	81
mikros	2.73	81
würgegriff	2.73	81
exkommuniziert	2.73	81
aye-aye	2.73	81
beths	2.73	81
zaghaft	2.73	81
geschähe	2.73	81
abmurksen	2.73	81
umschreibung	2.73	81
strasser	2.73	81
klöße	2.73	81
nonsens	2.73	81
bleu	2.73	81
weiserthomas	2.73	81
verwelken	2.73	81
klavierstunden	2.73	81
eigennutz	2.73	81
borns	2.73	81
jedwede	2.73	81
quittiert	2.73	81
rauszuziehen	2.73	81
dekadenz	2.73	81
heitert	2.73	81
hairy	2.73	81
überschüttet	2.73	81
dvd-player	2.73	81
untergebene	2.73	81
quantenphysik	2.73	81
leichenstarre	2.73	81
entchen	2.73	81
rubicon	2.73	81
washburn	2.73	81
kinderkriegen	2.73	81
unbefugtes	2.73	81
sonderbericht	2.73	81
weinstein	2.73	81
liebesbeziehung	2.73	81
bekleckert	2.73	81
bärenhunger	2.73	81
programmvorschau	2.73	81
verbeugung	2.73	81
kinderlachen	2.73	81
purge	2.73	81
couldn	2.73	81
hochland	2.73	81
heparin	2.73	81
chaotischen	2.73	81
städter	2.73	81
rechtsberatung	2.73	81
proudly	2.73	81
glockenspiel	2.73	81
exklusives	2.73	81
schwenk	2.73	81
endgültiges	2.73	81
lebenspartner	2.73	81
yui	2.73	81
wizard	2.73	81
meene	2.73	81
telefonkonferenz	2.72	80
léna	2.72	80
platzes	2.72	80
woodbine	2.72	80
mantle	2.72	80
vineyard	2.72	80
leidner	2.72	80
bestieg	2.72	80
john-boys	2.72	80
bestform	2.72	80
beruhigende	2.72	80
ncls	2.72	80
rausfindest	2.72	80
tagträume	2.72	80
hochspannung	2.72	80
tweets	2.72	80
marston	2.72	80
hypochonder	2.72	80
rülpser	2.72	80
seiteneingang	2.72	80
ruinierten	2.72	80
sticks	2.72	80
iñigo	2.72	80
paares	2.72	80
feuerstein	2.72	80
shilo	2.72	80
kataloge	2.72	80
lettland	2.72	80
frans	2.72	80
taka	2.72	80
arty	2.72	80
lozano	2.72	80
umberto	2.72	80
schweigeminute	2.72	80
betriebsbereit	2.72	80
bly	2.72	80
notfallwagen	2.72	80
beeman	2.72	80
slide	2.72	80
northwestern	2.72	80
funkel	2.72	80
delikatessen	2.72	80
thorsten	2.72	80
bengtzon	2.72	80
magoo	2.72	80
mitgedacht	2.72	80
cd-player	2.72	80
schleppten	2.72	80
öhm	2.72	80
mannheim	2.72	80
aufgerollt	2.72	80
subtiler	2.72	80
augenblicks	2.72	80
auswaschen	2.72	80
unerträglichen	2.72	80
trällert	2.72	80
schauspielers	2.72	80
ahn	2.72	80
polizeidienst	2.72	80
dirigiert	2.72	80
jagdgewehr	2.72	80
ausblenden	2.72	80
überhol	2.72	80
tokugawa	2.72	80
sumida	2.72	80
underground	2.72	80
brauchbaren	2.72	80
beijing	2.72	80
football-spieler	2.72	80
porte	2.72	80
promille	2.72	80
anseht	2.72	80
georgi	2.72	80
fastfood	2.72	80
sendern	2.72	80
sanftmütig	2.72	80
stabschefs	2.72	80
gummistiefel	2.72	80
jacko	2.72	80
umgestoßen	2.72	80
träfe	2.72	80
guardia	2.72	80
amc	2.72	80
freiheitsberaubung	2.72	80
klassifiziert	2.72	80
überdecken	2.72	80
betatschen	2.72	80
beschränkten	2.72	80
schecter	2.72	80
devonshire	2.72	80
schlitzen	2.72	80
reinbekommen	2.72	80
dynamite	2.72	80
zuwachs	2.72	80
erforsche	2.72	80
unwahrscheinlichen	2.72	80
eingeprägt	2.72	80
messlatte	2.72	80
sonntagnachmittag	2.72	80
krauss	2.72	80
bms	2.72	80
verjährungsfrist	2.72	80
staatsmann	2.72	80
verfügte	2.72	80
memmen	2.72	80
beobachtungsgabe	2.72	80
rosten	2.72	80
gipfeltreffen	2.72	80
krell	2.72	80
taystee	2.72	80
längeres	2.72	80
kahle	2.72	80
landau	2.72	80
shawna	2.72	80
seeluft	2.72	80
skilaufen	2.72	80
verflixter	2.72	80
rains	2.72	80
straffreiheit	2.72	80
hirogen	2.72	80
rätsels	2.72	80
zusammentrommeln	2.72	80
assassins	2.72	80
sonstigen	2.72	80
raumfähre	2.72	80
belehrung	2.72	80
phileas	2.72	80
beigesetzt	2.72	80
tatet	2.72	80
fusionieren	2.72	80
seitensprung	2.72	80
invasoren	2.72	80
beschäftigten	2.72	80
neary	2.72	80
finnegan	2.72	80
deprimieren	2.72	80
zurückschauen	2.72	80
steuerst	2.72	80
fußmatte	2.72	80
darauffolgenden	2.72	80
fälschte	2.72	80
mieterin	2.72	80
naevia	2.72	80
unnütze	2.72	80
tutu	2.72	80
paarweise	2.72	80
grünkohl	2.72	80
gothams	2.72	80
liebestrank	2.72	80
scheißtyp	2.72	80
mgm	2.72	80
rostige	2.72	80
wameru-forschungszentrum	2.72	80
pluspunkte	2.72	80
bewegliche	2.72	80
verzwickt	2.72	80
muckis	2.72	80
drankommen	2.72	80
unschlüssig	2.72	80
wegnimmst	2.72	80
kaltblütigen	2.72	80
gifford	2.72	80
bluto	2.72	80
tobbe	2.72	80
mahmut	2.72	80
spezifischen	2.72	80
ghostbusters	2.72	80
fairerweise	2.72	80
drogenhandels	2.72	80
kundendienst	2.72	80
tyree	2.72	80
sicherheitsverstoß	2.72	80
bucephalus	2.72	80
skeeter	2.72	80
knebeln	2.72	80
ahnungslosen	2.72	80
ahnungslose	2.72	80
furchtloser	2.72	80
stopfst	2.72	80
duty	2.72	80
trachtet	2.72	80
mecker	2.72	80
bancroft	2.72	80
sina	2.72	80
bachmann	2.72	80
wohltätigen	2.72	80
paz	2.72	80
canfield	2.72	80
tirol	2.72	80
und-und	2.72	80
tierwelt	2.72	80
montpellier	2.72	80
zeitkapsel	2.72	80
botanischen	2.72	80
indiskretion	2.72	80
fastenzeit	2.72	80
anpfiff	2.72	80
kean	2.72	80
edelsteinen	2.72	80
teenie	2.72	80
saftladen	2.72	80
rassel	2.72	80
grundregel	2.72	80
befruchten	2.72	80
sellars	2.72	80
hochzeitsmarsch	2.72	80
erobere	2.72	80
bangen	2.72	80
wirwerden	2.72	80
sponsern	2.72	80
sterbender	2.72	80
cannoli	2.72	80
quetsch	2.72	80
betrügerische	2.72	80
wegzugeben	2.72	80
farmhaus	2.72	80
sao	2.72	80
tie	2.72	80
aguirre	2.72	80
zerteilt	2.72	80
skandinavien	2.72	80
kopfzerbrechen	2.72	80
hierbleibt	2.72	80
lauschte	2.72	80
gaukler	2.72	80
granatwerfer	2.72	80
vergeudung	2.72	80
trapez	2.72	80
leichenschmaus	2.72	80
ziegenmilch	2.72	80
sterile	2.72	80
einzuschleusen	2.72	80
okkulte	2.72	80
essensgeld	2.72	80
literarischen	2.72	80
wooley	2.72	80
aufgeblasenen	2.72	80
hafenarbeiter	2.72	80
borgst	2.72	80
laufwerk	2.72	80
warteschlange	2.72	80
verbranntes	2.72	80
reeve	2.72	80
losfliegen	2.72	80
linde	2.72	80
tricksen	2.72	80
zugfahrt	2.72	80
förderlich	2.72	80
entblößen	2.72	80
stativ	2.72	80
abermals	2.72	80
cthulhu	2.72	80
grüss	2.72	80
doomsday	2.72	80
griechenlands	2.72	80
möbliert	2.72	80
unbeantwortet	2.72	80
having	2.72	80
aufstellt	2.72	80
mem	2.72	80
brest	2.72	80
abberline	2.72	80
erwidere	2.72	80
curtin	2.72	80
bok	2.72	80
privatgelände	2.72	80
posiert	2.72	80
autobots	2.72	80
privilegierten	2.72	80
zusammentreiben	2.72	80
henkel	2.72	80
buckman	2.72	80
willkürliche	2.72	80
rüberschicken	2.72	80
tendiert	2.72	80
miep	2.72	80
huss	2.72	80
übten	2.72	80
scrubs	2.72	80
poolhaus	2.72	80
matsumoto	2.72	80
verprügle	2.72	80
hereinlegen	2.72	80
syrer	2.72	80
angabe	2.72	80
edit	2.72	80
ubba	2.72	80
oktoberfest	2.72	80
sträuben	2.72	80
velrans	2.72	80
spocks	2.72	80
irakischen	2.72	80
anbinden	2.72	80
klaustrophobisch	2.72	80
zurückfällt	2.72	80
permanenten	2.72	80
lansing	2.72	80
regler	2.72	80
dastehe	2.72	80
zurückbringst	2.72	80
kale	2.72	80
gespickt	2.72	80
campion	2.72	80
kippst	2.72	80
gabelung	2.72	80
fracking	2.72	80
gebürgt	2.72	80
remake	2.72	80
bits	2.72	80
schlafzimmerfenster	2.72	80
capisce	2.72	80
mikrophon	2.72	80
hamlin	2.72	80
werkzeugkiste	2.72	80
macallan	2.72	80
geschichtsbuch	2.72	80
kleinkriegen	2.72	80
stream	2.72	80
spaziere	2.72	80
pistazien	2.72	80
amüsanter	2.72	80
abgab	2.72	80
lauda	2.72	80
polizeiakte	2.72	80
dämme	2.72	80
hergefunden	2.72	80
reign	2.72	80
verbuchen	2.72	80
bracht	2.72	80
jenni	2.72	80
sachlage	2.72	80
keyser	2.72	80
resolution	2.72	80
kartentricks	2.72	80
vogelhaus	2.72	80
sienna	2.72	80
einlieferung	2.72	80
niederlande	2.72	80
kindermörder	2.72	80
trommler	2.72	80
südsee	2.72	80
schaffung	2.72	80
kommerzielle	2.72	80
zusammenrücken	2.72	80
fbi-hauptsitz	2.72	80
kitschige	2.72	80
gershwin	2.72	80
cia-agenten	2.72	80
arnett	2.72	80
eigenwillig	2.72	80
coq	2.72	80
abbricht	2.72	79
getreu	2.72	79
muskelkraft	2.72	79
steifer	2.72	79
geländes	2.72	79
salzsäure	2.72	79
regiere	2.72	79
zugeführt	2.72	79
sesemann	2.72	79
geologie	2.72	79
haddie	2.72	79
lita	2.72	79
angriffsplan	2.72	79
beauftrage	2.72	79
schlawiner	2.72	79
angry	2.72	79
beharrt	2.72	79
joaquín	2.72	79
appleby	2.72	79
pastrami	2.72	79
masseria	2.72	79
crank	2.72	79
zellengenosse	2.72	79
büroklammer	2.72	79
resi	2.72	79
padma	2.72	79
einvernehmen	2.72	79
erweitere	2.72	79
donnas	2.72	79
lobster	2.72	79
kopilot	2.72	79
gequälte	2.72	79
r-zwo	2.72	79
geisterwelt	2.72	79
sanne	2.72	79
pancake	2.72	79
karens	2.72	79
köstlicher	2.72	79
zugeschrieben	2.72	79
northumberland	2.72	79
chandier	2.72	79
sammlerstück	2.72	79
seiji	2.72	79
airways	2.72	79
unbefugten	2.72	79
doge	2.72	79
auflehnen	2.72	79
bitterer	2.72	79
geschaufelt	2.72	79
jebediah	2.72	79
drops	2.72	79
gesichtszüge	2.72	79
hornblower	2.72	79
schmitthenner	2.72	79
tian	2.72	79
zierde	2.72	79
künstlerischer	2.72	79
salons	2.72	79
sterb	2.72	79
infusionen	2.72	79
reinigungsmittel	2.72	79
konstruktiv	2.72	79
niederer	2.72	79
zauberkünstler	2.72	79
fotografierst	2.72	79
pfaffe	2.72	79
kartoffelpüree	2.72	79
fussel	2.72	79
constanze	2.72	79
droh	2.72	79
shepherds	2.72	79
ausgeschnitten	2.72	79
hochzuheben	2.72	79
colvin	2.72	79
stadthalle	2.72	79
machtlosen	2.72	79
geringem	2.72	79
judäa	2.72	79
sadistische	2.72	79
spontaner	2.72	79
zusammenschließen	2.72	79
surf	2.72	79
bricks	2.72	79
unterzugehen	2.72	79
demolieren	2.72	79
guess	2.72	79
angreifst	2.72	79
michala	2.72	79
rausschmiss	2.72	79
comin	2.72	79
zensuren	2.72	79
blaise	2.72	79
klingonenschiff	2.72	79
punktet	2.72	79
umweltschutz	2.72	79
angepackt	2.72	79
singleton	2.72	79
zachariah	2.72	79
kampfstil	2.72	79
vollständiges	2.72	79
superkräften	2.72	79
fema	2.72	79
sirs	2.72	79
normalisiert	2.72	79
resistance	2.72	79
parr	2.72	79
hänger	2.72	79
verwelkt	2.72	79
zitronensaft	2.72	79
aufräumt	2.72	79
uneingeschränkte	2.72	79
zurückkamst	2.72	79
graceland	2.72	79
hingeführt	2.72	79
zerstörerische	2.72	79
kotzte	2.72	79
meehan	2.72	79
shame	2.72	79
lebensgefährtin	2.72	79
karikatur	2.72	79
kodai	2.72	79
quax	2.72	79
verfilmt	2.72	79
dreyfus	2.72	79
schreite	2.72	79
liane	2.72	79
symmetrisch	2.72	79
dagesessen	2.72	79
hartmut	2.72	79
aufder	2.72	79
revidieren	2.72	79
jup	2.72	79
lynly	2.72	79
säuferin	2.72	79
respektabel	2.72	79
shady	2.72	79
schlafentzug	2.72	79
hinfällt	2.72	79
barbra	2.72	79
schnapsidee	2.72	79
fahrzeugschein	2.72	79
karibu	2.72	79
boatwright	2.72	79
beläuft	2.72	79
anwählen	2.72	79
jugendfrei	2.72	79
eindrang	2.72	79
unterkiefer	2.72	79
resistent	2.72	79
sandman	2.72	79
gegenseitiges	2.72	79
angelrute	2.72	79
feuchtes	2.72	79
killmer	2.72	79
whenke	2.72	79
belastendes	2.72	79
korrespondent	2.72	79
gilde	2.72	79
hier.	2.72	79
tatis	2.72	79
baywatch	2.72	79
highways	2.72	79
keitel	2.72	79
vierhundert	2.72	79
schwerelos	2.72	79
mailer	2.72	79
pauly	2.72	79
stocken	2.72	79
10-jährigen	2.72	79
potsdam	2.72	79
aggressives	2.72	79
fortging	2.72	79
octave	2.72	79
zöpfen	2.72	79
fliegerei	2.72	79
rettungsring	2.72	79
tash	2.72	79
widersprüchliche	2.72	79
verschlüsseln	2.72	79
megans	2.72	79
ángeles	2.72	79
hodensack	2.72	79
sycamore	2.72	79
wolfsblut	2.72	79
kürzliche	2.72	79
noches	2.72	79
culebras	2.72	79
eingenistet	2.72	79
00ffff	2.72	79
fanatisch	2.72	79
muff	2.72	79
adal	2.72	79
eisenbahnen	2.72	79
festivals	2.72	79
vermint	2.72	79
padischah	2.72	79
deutschem	2.72	79
puderzucker	2.72	79
aufrechten	2.72	79
wanderten	2.72	79
schilddrüse	2.72	79
teleportiert	2.72	79
angedreht	2.72	79
dringe	2.72	79
merve	2.72	79
staatlicher	2.72	79
dulcinea	2.72	79
schnüre	2.72	79
abgeflogen	2.72	79
sühnen	2.72	79
einzustehen	2.72	79
effektivität	2.72	79
nasenlöcher	2.72	79
elfmeter	2.72	79
clouds	2.72	79
royalle	2.72	79
schlüssels	2.72	79
gefolgsmann	2.72	79
regiments	2.72	79
arno	2.72	79
ansteigen	2.72	79
schier	2.72	79
kanzlerin	2.72	79
beweisaufnahme	2.72	79
galvin	2.72	79
schriftstück	2.72	79
gewichst	2.72	79
heiteres	2.72	79
datas	2.72	79
kohler	2.72	79
embryos	2.72	79
aufgedrängt	2.72	79
springsteen	2.72	79
motorradunfall	2.72	79
verweist	2.72	79
evergreen	2.72	79
presseerklärung	2.72	79
díaz	2.72	79
botaniker	2.72	79
wellness	2.72	79
fatah	2.72	79
heartbeat	2.72	79
grillfest	2.72	79
schmiergelder	2.72	79
juniors	2.72	79
sabber	2.72	79
magnifique	2.72	79
erderwärmung	2.72	79
anlegestelle	2.72	79
einliefern	2.72	79
zweigstelle	2.72	79
d-day	2.72	79
weltliche	2.72	79
moogie	2.72	79
schuluniform	2.72	79
derlei	2.72	79
nikos	2.72	79
seel	2.72	79
adeligen	2.72	79
telex	2.72	79
minami	2.72	79
ralston	2.72	79
nini	2.72	79
shounen	2.72	79
videospielen	2.72	79
raube	2.72	79
abonniert	2.72	79
anbetet	2.72	79
törichter	2.72	79
schulung	2.72	79
safran	2.72	79
neuestem	2.72	79
palazzo	2.72	79
schleierhaft	2.72	79
kampfspuren	2.72	79
einzahlungen	2.72	79
entmutigend	2.72	79
ishtar	2.72	79
andren	2.72	79
hornissen	2.72	79
strömte	2.72	79
gruppensex	2.72	79
paiges	2.72	79
herzrasen	2.72	79
unterstützend	2.72	79
kavaliere	2.72	79
gustaf	2.72	79
verkompliziert	2.72	79
unruhigen	2.72	79
endzone	2.72	79
manipulierten	2.72	79
sani	2.72	79
demütigt	2.72	79
bergdorf	2.72	79
käufern	2.72	79
einhalb	2.72	79
escalade	2.72	79
landis	2.72	79
nis	2.72	79
geschiedenen	2.72	79
aue	2.72	79
reinlässt	2.72	79
erbeben	2.72	79
schallwellen	2.72	79
säufst	2.72	79
luci	2.72	79
bedauerlichen	2.72	79
weinkarte	2.72	79
pil	2.72	79
schnüren	2.72	79
likes	2.72	79
sechsjährige	2.72	79
wiedereröffnung	2.72	79
jacobi	2.72	79
doria	2.72	79
beliebtes	2.72	79
grausige	2.72	79
summ	2.72	79
bendix	2.72	79
angeekelt	2.72	79
bishops	2.72	79
apps	2.72	79
gaspar	2.72	79
gehirnwellen	2.72	79
nachzustellen	2.72	79
kosteten	2.72	79
notgroschen	2.72	79
tatbestand	2.71	78
folgendem	2.71	78
dupré	2.71	78
exzellentes	2.71	78
azur	2.71	78
kumpanen	2.71	78
plünderungen	2.71	78
wirksame	2.71	78
stepford	2.71	78
synonym	2.71	78
rosemonde	2.71	78
wagenladung	2.71	78
rollschuh	2.71	78
verlustes	2.71	78
ono	2.71	78
leidenden	2.71	78
stage	2.71	78
kämm	2.71	78
chuy	2.71	78
countrymusik	2.71	78
daniele	2.71	78
benachbarten	2.71	78
regenschirme	2.71	78
ähnelte	2.71	78
vertraglich	2.71	78
geheimfach	2.71	78
thomson	2.71	78
piak	2.71	78
schuhmacher	2.71	78
tragbaren	2.71	78
aufhebt	2.71	78
spiritualität	2.71	78
wunschliste	2.71	78
transportierte	2.71	78
böhmen	2.71	78
minds	2.71	78
kojima	2.71	78
prothesen	2.71	78
nordwärts	2.71	78
iona	2.71	78
machtwort	2.71	78
vite	2.71	78
rezian	2.71	78
lebhafter	2.71	78
innings	2.71	78
mundi	2.71	78
reanimation	2.71	78
mindesten	2.71	78
euter	2.71	78
jaden	2.71	78
handtüchern	2.71	78
droschke	2.71	78
zylonische	2.71	78
kohlkopf	2.71	78
schrecklaut	2.71	78
biowaffe	2.71	78
lannisters	2.71	78
heathers	2.71	78
kämme	2.71	78
jemima	2.71	78
fortbringen	2.71	78
cinema	2.71	78
fed	2.71	78
kurios	2.71	78
medizinschule	2.71	78
football-spiel	2.71	78
vorspann	2.71	78
antikes	2.71	78
kopflose	2.71	78
luftballon	2.71	78
commissario	2.71	78
vertun	2.71	78
quayle	2.71	78
aljoscha	2.71	78
eizelle	2.71	78
anklagepunkt	2.71	78
thronsaal	2.71	78
eisdiele	2.71	78
kellern	2.71	78
krokodilen	2.71	78
fortgelaufen	2.71	78
harsch	2.71	78
getratscht	2.71	78
zudrehen	2.71	78
meggie	2.71	78
sonnige	2.71	78
verzichtserklärung	2.71	78
riders	2.71	78
leth	2.71	78
unmittelbaren	2.71	78
durchgebrochen	2.71	78
greenleaf	2.71	78
daan	2.71	78
slash	2.71	78
anwerfen	2.71	78
autopanne	2.71	78
fahrschule	2.71	78
abgeleitet	2.71	78
arav	2.71	78
nogoro	2.71	78
fernbeziehung	2.71	78
versuchsperson	2.71	78
blödeste	2.71	78
tagelöhner	2.71	78
vorzubeugen	2.71	78
entschlossener	2.71	78
tafelrunde	2.71	78
menstruation	2.71	78
gros	2.71	78
anschieben	2.71	78
pigalle	2.71	78
authentizität	2.71	78
verführerin	2.71	78
huston	2.71	78
geschmacks	2.71	78
rostov	2.71	78
sabbath	2.71	78
zerronnen	2.71	78
genieren	2.71	78
bajonette	2.71	78
gefall	2.71	78
faszinierte	2.71	78
durchbrach	2.71	78
abgestumpft	2.71	78
aylin	2.71	78
blecha	2.71	78
chain	2.71	78
vitalität	2.71	78
lauch	2.71	78
thruster	2.71	78
tribbiani	2.71	78
véro	2.71	78
maximalen	2.71	78
verhielten	2.71	78
translation	2.71	78
aufzufrischen	2.71	78
unauffälliger	2.71	78
pepa	2.71	78
geheimrezept	2.71	78
dido	2.71	78
vorzeichen	2.71	78
umzugswagen	2.71	78
stromleitungen	2.71	78
terran	2.71	78
empfindlicher	2.71	78
geklatscht	2.71	78
geek	2.71	78
zivilisierter	2.71	78
allemann	2.71	78
brutstätte	2.71	78
aufträgen	2.71	78
vi.	2.71	78
körperwärme	2.71	78
hoh	2.71	78
stränden	2.71	78
gehenlassen	2.71	78
rumänen	2.71	78
operandi	2.71	78
duvall	2.71	78
gegnerin	2.71	78
reality-show	2.71	78
ruinier	2.71	78
schrubbe	2.71	78
ex-ehemann	2.71	78
rickie	2.71	78
meinungsfreiheit	2.71	78
döner	2.71	78
hofnarr	2.71	78
diözese	2.71	78
offensichtlicher	2.71	78
marianna	2.71	78
einsacken	2.71	78
bestialisch	2.71	78
rmã	2.71	78
dassey	2.71	78
tulse	2.71	78
scheißladen	2.71	78
silbernes	2.71	78
julián	2.71	78
erhebst	2.71	78
dealst	2.71	78
lebenswichtigen	2.71	78
unbewaffnete	2.71	78
gemixt	2.71	78
frederica	2.71	78
fristen	2.71	78
frühjahrsputz	2.71	78
sock	2.71	78
susannah	2.71	78
rough	2.71	78
semiramis	2.71	78
variation	2.71	78
goo	2.71	78
entsetzliches	2.71	78
dörrfleisch	2.71	78
legba	2.71	78
rosengarten	2.71	78
manege	2.71	78
bindeglied	2.71	78
mitgearbeitet	2.71	78
akio	2.71	78
waco	2.71	78
eingekesselt	2.71	78
concha	2.71	78
stromquelle	2.71	78
tosca	2.71	78
vorbildlicher	2.71	78
schussbahn	2.71	78
verführe	2.71	78
aufhältst	2.71	78
rückhalt	2.71	78
krebsgeschwür	2.71	78
iwo	2.71	78
liebesszene	2.71	78
schiefen	2.71	78
bedeutungslosen	2.71	78
variieren	2.71	78
speiseplan	2.71	78
junko	2.71	78
geräts	2.71	78
barbas	2.71	78
alys	2.71	78
clarkes	2.71	78
zusammengestoßen	2.71	78
wehte	2.71	78
rüberkommt	2.71	78
weltberühmt	2.71	78
schürhaken	2.71	78
facharzt	2.71	78
großbuchstaben	2.71	78
schöpfers	2.71	78
mulch	2.71	78
mitteilt	2.71	78
gómez	2.71	78
versprochenen	2.71	78
pfuschen	2.71	78
rhetorisch	2.71	78
überlieferung	2.71	78
bestehende	2.71	78
zeigtest	2.71	78
netzhaut	2.71	78
visor	2.71	78
eingeschneit	2.71	78
mayla2012	2.71	78
besticht	2.71	78
regelmäßiges	2.71	78
anrufliste	2.71	78
bonny	2.71	78
clinch	2.71	78
couchtisch	2.71	78
philibert	2.71	78
gefällts	2.71	78
sharpe	2.71	78
hindernissen	2.71	78
halteverbot	2.71	78
milano	2.71	78
baumstämme	2.71	78
simsalabim	2.71	78
whitlock	2.71	78
episch	2.71	78
zustimmte	2.71	78
rarität	2.71	78
pru	2.71	78
jamies	2.71	78
armreif	2.71	78
kindersitz	2.71	78
zielgeraden	2.71	78
heidelberg	2.71	78
margeir	2.71	78
klapperschlangen	2.71	78
geschäftspartnerin	2.71	78
sly	2.71	78
hle	2.71	78
quinns	2.71	78
combo	2.71	78
kakteen	2.71	78
vergast	2.71	78
danko	2.71	78
operativ	2.71	78
moderiert	2.71	78
angstlaute	2.71	78
fring	2.71	78
erdolcht	2.71	78
sle	2.71	78
aufschneider	2.71	78
gannon	2.71	78
fehlgeleitet	2.71	78
latina	2.71	78
scheußlicher	2.71	78
faa	2.71	78
reddle	2.71	78
lügnern	2.71	78
todfeind	2.71	78
midas	2.71	78
mitteilte	2.71	78
schalteten	2.71	78
nachmittage	2.71	78
knattern	2.71	78
sobel	2.71	78
geblockt	2.71	78
trap	2.71	78
überflüssigen	2.71	78
unmöglichkeit	2.71	78
erhoffte	2.71	78
wampe	2.71	78
stromstoß	2.71	78
wham	2.71	78
umsorgt	2.71	78
ausschreiben	2.71	78
mahagoni	2.71	78
jahrelanger	2.71	78
haggerty	2.71	78
crocodile	2.71	78
canton	2.71	78
lenker	2.71	78
doofer	2.71	78
ergebene	2.71	78
fragliche	2.71	78
attentäterin	2.71	78
ottos	2.71	78
jeffersons	2.71	78
schuhcreme	2.71	78
mucke	2.71	78
geheimbund	2.71	78
tachykardie	2.71	78
katastrophalen	2.71	78
geologe	2.71	78
rosebud	2.71	78
siringo	2.71	78
väterliche	2.71	78
mutterland	2.71	78
kreuzungen	2.71	78
schmerzerfüllt	2.71	78
fügten	2.71	78
mordverdächtigen	2.71	78
fuego	2.71	78
ginas	2.71	78
schwalben	2.71	78
eintracht	2.71	78
carpe	2.71	78
angeflogen	2.71	78
klavierspielen	2.71	78
mordmotiv	2.71	78
anfahren	2.71	78
weiß.	2.71	78
kandahar	2.71	78
zufügt	2.71	78
kartells	2.71	78
reaktoren	2.71	78
türgeräusch	2.71	78
vaterlandes	2.71	78
pippa	2.71	78
hinkomme	2.71	78
ehrgefühl	2.71	78
bedeutungen	2.71	78
garnett	2.71	78
frauenhaus	2.71	78
saffron	2.71	78
jeopardy	2.71	78
gr	2.71	78
schonungslos	2.71	78
eisbeutel	2.71	78
whitley	2.71	77
weapon	2.71	77
bimmeln	2.71	77
fernzubleiben	2.71	77
heilbutt	2.71	77
levon	2.71	77
julianne	2.71	77
jabbar	2.71	77
kindergeschrei	2.71	77
impulskraft	2.71	77
milli	2.71	77
schippe	2.71	77
sicherheitsabteilung	2.71	77
bienchen	2.71	77
twins	2.71	77
jervis	2.71	77
schuldscheine	2.71	77
warja	2.71	77
verblendet	2.71	77
mardon	2.71	77
reader	2.71	77
jeeter	2.71	77
alsbald	2.71	77
piè	2.71	77
urteilst	2.71	77
lieblingssendung	2.71	77
zugenagelt	2.71	77
expertise	2.71	77
louisville	2.71	77
anno2512	2.71	77
attention	2.71	77
schulmeister	2.71	77
fünfjährige	2.71	77
kerne	2.71	77
fancie	2.71	77
admirals	2.71	77
zehe	2.71	77
anstecker	2.71	77
beherrschten	2.71	77
hubble	2.71	77
voraussicht	2.71	77
saphir	2.71	77
bürokrat	2.71	77
monitoren	2.71	77
wildhüter	2.71	77
zuließ	2.71	77
schläfen	2.71	77
galway	2.71	77
reiseziel	2.71	77
nachzujagen	2.71	77
vorangeht	2.71	77
rudere	2.71	77
kurdisch	2.71	77
danas	2.71	77
lotse	2.71	77
carols	2.71	77
witzbolde	2.71	77
defcon	2.71	77
kusanagi	2.71	77
schutzanzug	2.71	77
kolossal	2.71	77
provozier	2.71	77
heerführer	2.71	77
gencoin	2.71	77
zahlende	2.71	77
ladentisch	2.71	77
nachbarschaftswache	2.71	77
bindend	2.71	77
putzfrauen	2.71	77
leisen	2.71	77
fosters	2.71	77
ausgeblutet	2.71	77
peterman	2.71	77
staubigen	2.71	77
fischfutter	2.71	77
besäufnis	2.71	77
versprühen	2.71	77
würzen	2.71	77
verbale	2.71	77
bim	2.71	77
lissy	2.71	77
gesalbt	2.71	77
isolierte	2.71	77
modellen	2.71	77
bewähren	2.71	77
möbelpacker	2.71	77
abartigen	2.71	77
wortspiele	2.71	77
enkelkindern	2.71	77
eingeborenensprache	2.71	77
lusche	2.71	77
elementar	2.71	77
mäht	2.71	77
auslässt	2.71	77
fahnenmast	2.71	77
braust	2.71	77
delenn	2.71	77
befremdlich	2.71	77
kniff	2.71	77
reingeschaut	2.71	77
verträumt	2.71	77
neunzig	2.71	77
lives	2.71	77
faust-sama	2.71	77
silverman	2.71	77
naylor	2.71	77
todds	2.71	77
kanye	2.71	77
überwältigenden	2.71	77
ridgeway	2.71	77
interner	2.71	77
fiedel	2.71	77
hartem	2.71	77
hoffnungsvolle	2.71	77
nygma	2.71	77
verzählt	2.71	77
teammitglied	2.71	77
aaa	2.71	77
transformator	2.71	77
rosalind	2.71	77
ausfallend	2.71	77
idiotisches	2.71	77
lochs	2.71	77
lka	2.71	77
blütezeit	2.71	77
hüterin	2.71	77
strolchi	2.71	77
spielball	2.71	77
humanitären	2.71	77
durchzuschneiden	2.71	77
auszuleben	2.71	77
koriander	2.71	77
miststücke	2.71	77
einsatzbefehl	2.71	77
unsichere	2.71	77
mehrfachen	2.71	77
verseuchten	2.71	77
ex-knacki	2.71	77
designierte	2.71	77
cammy	2.71	77
torvald	2.71	77
gerückt	2.71	77
uhu	2.71	77
airforce	2.71	77
kyi	2.71	77
medlock	2.71	77
protestant	2.71	77
cooley	2.71	77
lisette	2.71	77
exposé	2.71	77
butterbrot	2.71	77
ohrringen	2.71	77
scanlon	2.71	77
eingebildeten	2.71	77
verwirrst	2.71	77
kostbarste	2.71	77
maloney	2.71	77
kutter	2.71	77
presidente	2.71	77
maison	2.71	77
richterlichen	2.71	77
sekou	2.71	77
unwissentlich	2.71	77
humvee	2.71	77
bilderrahmen	2.71	77
ott	2.71	77
hinzulegen	2.71	77
eyeliner	2.71	77
crook	2.71	77
halfst	2.71	77
sedativum	2.71	77
örtchen	2.71	77
kursänderung	2.71	77
p.j.	2.71	77
verhütungsmittel	2.71	77
wine	2.71	77
immense	2.71	77
himalaja	2.71	77
hamel	2.71	77
yuka	2.71	77
einarbeiten	2.71	77
basketballspieler	2.71	77
gesülze	2.71	77
nischt	2.71	77
fortescue	2.71	77
gleichwertig	2.71	77
dennison	2.71	77
verdana	2.71	77
verbundene	2.71	77
finanzielles	2.71	77
mageren	2.71	77
verschüttete	2.71	77
hosenstall	2.71	77
two-face	2.71	77
glaser	2.71	77
generaloberst	2.71	77
rothaarig	2.71	77
entdeckst	2.71	77
zo	2.71	77
rubio	2.71	77
talmud	2.71	77
gummiband	2.71	77
selbstredend	2.71	77
üppige	2.71	77
lf	2.71	77
bermuda	2.71	77
heiligste	2.71	77
kham	2.71	77
bedienungsanleitung	2.71	77
bestehenden	2.71	77
14-jährige	2.71	77
intelligenteste	2.71	77
abnimmst	2.71	77
murder	2.71	77
luo	2.71	77
methodisch	2.71	77
amazone	2.71	77
throne-tier	2.71	77
schleudersitz	2.71	77
maßstäben	2.71	77
bewundernswerte	2.71	77
lieblingssohn	2.71	77
niggas	2.71	77
pixel	2.71	77
ausgebrütet	2.71	77
weasley	2.71	77
gefälschter	2.71	77
bekannteste	2.71	77
zusammenzuziehen	2.71	77
ehrlichste	2.71	77
überdenke	2.71	77
forestier	2.71	77
aufkriegen	2.71	77
stadtmauern	2.71	77
gastronomie	2.71	77
pennington	2.71	77
naquadria	2.71	77
mor	2.71	77
gedenkgottesdienst	2.71	77
newcastle	2.71	77
ungereimtheiten	2.71	77
unlängst	2.71	77
porters	2.71	77
menschengestalt	2.71	77
ä	2.71	77
vetternwirtschaft	2.71	77
denunziert	2.71	77
heiko	2.71	77
testfahrt	2.71	77
verlockung	2.71	77
verna	2.71	77
nachzuahmen	2.71	77
vernachlässigte	2.71	77
spaz	2.71	77
verpfeife	2.71	77
vergreift	2.71	77
pathologen	2.71	77
tschechischen	2.71	77
s01e08	2.71	77
fahrlässige	2.71	77
kampfmaschine	2.71	77
anhöre	2.71	77
privatflugzeug	2.71	77
dämonin	2.71	77
verfeinern	2.71	77
mikroskopisch	2.71	77
kloake	2.71	77
unfreiwillig	2.71	77
erdkunde	2.71	77
informierten	2.71	77
spin	2.71	77
burroughs	2.71	77
jurek	2.71	77
liddell	2.71	77
pleasant	2.71	77
s02e01	2.71	77
schrittmacher	2.71	77
anatole	2.71	77
broccoli	2.71	77
albernheiten	2.71	77
erkranken	2.71	77
erzielte	2.71	77
glücklichsein	2.71	77
rechtsprechung	2.71	77
tanzunterricht	2.71	77
sortiment	2.71	77
colum	2.71	77
königinmutter	2.71	77
eigelb	2.71	77
intimsten	2.71	77
kermie	2.71	77
gepflogenheiten	2.71	77
verschroben	2.71	77
schlichtes	2.71	77
alphas	2.71	77
magellan	2.71	77
stattfanden	2.71	77
misslungen	2.71	77
incorporated	2.71	77
angesehensten	2.71	77
mcgraw	2.71	77
audra	2.71	77
spieße	2.71	77
jimenez	2.71	77
urteils	2.71	77
befähigt	2.71	77
sicherheitsteams	2.71	77
eindrucksvolle	2.71	77
shanes	2.71	77
gaviria	2.71	77
layout	2.71	77
rack	2.71	77
jennas	2.71	77
fingst	2.71	77
krull	2.71	77
pluspunkt	2.71	77
piscatella	2.71	77
hergehört	2.71	77
flaggschiff	2.71	77
thermoskanne	2.71	77
vitus	2.71	77
auszutragen	2.71	77
milligan	2.71	77
aussperren	2.71	77
visconti	2.71	77
tapferkeitsmedaille	2.71	77
cowboyhut	2.71	77
corvax	2.71	77
operationsbasis	2.71	77
weihnachtskarten	2.71	77
telefonierten	2.71	77
wildfremden	2.71	77
tigerin	2.71	77
ansichtssache	2.71	77
dadrin	2.71	77
fußnote	2.71	77
bamford	2.71	77
cravat	2.71	77
japst	2.71	77
mitchells	2.71	77
quicklebendig	2.71	77
kaltblütige	2.71	77
imposant	2.71	77
aufleuchten	2.71	77
uzi	2.71	77
alarmiere	2.71	77
volksarmee	2.71	77
bluthunde	2.71	77
troubadour	2.71	77
niederträchtigen	2.71	77
apocalypse	2.71	77
lesters	2.71	77
zweifelsfall	2.71	77
leiteten	2.71	77
raubmord	2.71	77
lastwagenfahrer	2.71	77
schaben	2.71	77
aufschnitt	2.71	77
kissinger	2.71	77
klebrigen	2.71	77
telepathen	2.71	77
gewaltsames	2.71	77
servier	2.71	77
unechten	2.71	77
ausspreche	2.71	77
vulkaniern	2.71	77
nagelneuen	2.71	77
vorangekommen	2.71	77
pinkerton	2.71	77
nyx	2.71	77
schlendern	2.71	77
sm	2.71	77
zerbrichst	2.71	77
ausgedient	2.71	77
getappt	2.71	77
peso	2.71	77
allwissend	2.70	76
ackern	2.70	76
gewittert	2.70	76
mitnichten	2.70	76
regenwasser	2.70	76
meera	2.70	76
polizeiakademie	2.70	76
f.b.i.	2.70	76
schwebst	2.70	76
traditioneller	2.70	76
herzelinde	2.70	76
dunkelste	2.70	76
krankenhausbett	2.70	76
dazusetzen	2.70	76
verfärbt	2.70	76
abgesoffen	2.70	76
banion	2.70	76
unbekanntem	2.70	76
wichst	2.70	76
schaufelt	2.70	76
anrücken	2.70	76
rumgeknutscht	2.70	76
bodie	2.70	76
chefetage	2.70	76
überzeugungskraft	2.70	76
mistviecher	2.70	76
stimmungen	2.70	76
verhökert	2.70	76
einundzwanzig	2.70	76
verkohlen	2.70	76
weggejagt	2.70	76
zunahme	2.70	76
tombstone	2.70	76
widersprichst	2.70	76
kriterium	2.70	76
konstitution	2.70	76
verdorbenes	2.70	76
postet	2.70	76
bic	2.70	76
mitgehe	2.70	76
ansprichst	2.70	76
aime	2.70	76
riga	2.70	76
augusto	2.70	76
defiance	2.70	76
stew	2.70	76
gefürchteten	2.70	76
muerte	2.70	76
bestandsaufnahme	2.70	76
dreister	2.70	76
affekt	2.70	76
aufgeblüht	2.70	76
huck	2.70	76
transportschiff	2.70	76
suggeriert	2.70	76
rostow	2.70	76
ausschusses	2.70	76
monks	2.70	76
einfängt	2.70	76
halil	2.70	76
wegzuschaffen	2.70	76
carli	2.70	76
herumgekommen	2.70	76
führerin	2.70	76
fernfahrer	2.70	76
sommerlager	2.70	76
moonlight	2.70	76
gewunken	2.70	76
glassplitter	2.70	76
unerlaubte	2.70	76
hamdi	2.70	76
faselt	2.70	76
liebkosen	2.70	76
nullmaterie	2.70	76
asuka	2.70	76
target	2.70	76
stürz	2.70	76
schreiberling	2.70	76
berichtest	2.70	76
feathers	2.70	76
feuerwasser	2.70	76
undichten	2.70	76
enter	2.70	76
menschenkenner	2.70	76
toxine	2.70	76
brutkasten	2.70	76
geschildert	2.70	76
auslagen	2.70	76
einzutreiben	2.70	76
mangas	2.70	76
juchhu	2.70	76
fluchtgefahr	2.70	76
hörsaal	2.70	76
baek	2.70	76
aufbrach	2.70	76
beduinen	2.70	76
stofftier	2.70	76
lui	2.70	76
decima	2.70	76
wahnsinniges	2.70	76
skaara	2.70	76
lohengrin	2.70	76
befahren	2.70	76
signalhorn	2.70	76
geldmittel	2.70	76
draculas	2.70	76
zylonischen	2.70	76
disa	2.70	76
heuert	2.70	76
vernichteten	2.70	76
frame	2.70	76
blutrünstig	2.70	76
originalität	2.70	76
geldverdienen	2.70	76
nachttopf	2.70	76
belastungsstörung	2.70	76
boyce	2.70	76
kacka	2.70	76
hak	2.70	76
friseuse	2.70	76
eingewöhnt	2.70	76
adoptierten	2.70	76
sopran	2.70	76
monogam	2.70	76
vorzutragen	2.70	76
camel	2.70	76
bandwurm	2.70	76
rasender	2.70	76
precrime	2.70	76
bespricht	2.70	76
hängten	2.70	76
godric	2.70	76
morbus	2.70	76
signals	2.70	76
greenhorn	2.70	76
kultivierte	2.70	76
angola	2.70	76
desiree	2.70	76
ödipus	2.70	76
benachteiligt	2.70	76
disziplinarverfahren	2.70	76
stiefbruder	2.70	76
zurschaustellung	2.70	76
roussel	2.70	76
sok	2.70	76
einquartiert	2.70	76
alpträumen	2.70	76
paw	2.70	76
degas	2.70	76
untergangs	2.70	76
lobte	2.70	76
administration	2.70	76
microsoft	2.70	76
kästen	2.70	76
6-mal	2.70	76
hume	2.70	76
kläffen	2.70	76
umwerfenden	2.70	76
dutchman	2.70	76
benachrichtigung	2.70	76
wimperntusche	2.70	76
samstagnacht	2.70	76
mullen	2.70	76
auspusten	2.70	76
trumps	2.70	76
ersehnte	2.70	76
gefeit	2.70	76
heucheln	2.70	76
wibbel	2.70	76
blender	2.70	76
rendite	2.70	76
verziehst	2.70	76
arbeitslosengeld	2.70	76
sepsis	2.70	76
brakebills	2.70	76
engagierter	2.70	76
bemessen	2.70	76
gebraut	2.70	76
einschussloch	2.70	76
martys	2.70	76
sprinkler	2.70	76
trilogie	2.70	76
gutenachtgeschichte	2.70	76
hafenmeister	2.70	76
fleet	2.70	76
drums	2.70	76
murren	2.70	76
dylans	2.70	76
dynamic	2.70	76
schober	2.70	76
geröll	2.70	76
nisten	2.70	76
kinney	2.70	76
gaalan	2.70	76
devin	2.70	76
charlton	2.70	76
chronischen	2.70	76
randalls	2.70	76
geklammert	2.70	76
jovan	2.70	76
reinbitten	2.70	76
arastoo	2.70	76
erstrahlt	2.70	76
harrow	2.70	76
farms	2.70	76
edgars	2.70	76
ragt	2.70	76
weiterkomm	2.70	76
sonderausgabe	2.70	76
ausgewandert	2.70	76
versagens	2.70	76
tiefkühltruhe	2.70	76
hiv-positiv	2.70	76
bezeuge	2.70	76
cottle	2.70	76
hungernde	2.70	76
pfarrei	2.70	76
zeitzone	2.70	76
verweigerung	2.70	76
ruhigstellen	2.70	76
wirren	2.70	76
newlin	2.70	76
katalogisieren	2.70	76
errichteten	2.70	76
startsequenz	2.70	76
stahlwerk	2.70	76
landarbeiter	2.70	76
gizmo	2.70	76
gennà	2.70	76
boxenstopp	2.70	76
oberfeldwebel	2.70	76
notstrom	2.70	76
archy	2.70	76
bindest	2.70	76
todeskampf	2.70	76
hippo	2.70	76
eiskönigin	2.70	76
vierteln	2.70	76
spots	2.70	76
newtons	2.70	76
nackig	2.70	76
rook	2.70	76
erbricht	2.70	76
quetscht	2.70	76
abzuschleppen	2.70	76
uneins	2.70	76
liras	2.70	76
ungehörig	2.70	76
begriffsstutzig	2.70	76
missliche	2.70	76
mägde	2.70	76
verrotte	2.70	76
riesenhunger	2.70	76
beschwingt	2.70	76
wallenstein	2.70	76
brandwunden	2.70	76
vlies	2.70	76
durchgesickert	2.70	76
warn	2.70	76
location	2.70	76
heureka	2.70	76
bekämst	2.70	76
entladung	2.70	76
brüchig	2.70	76
andauernde	2.70	76
modak	2.70	76
umrisse	2.70	76
kappt	2.70	76
sternschnuppen	2.70	76
monden	2.70	76
kontinents	2.70	76
zaubers	2.70	76
schmuckkästchen	2.70	76
menschenmögliche	2.70	76
magnete	2.70	76
gesponnen	2.70	76
says	2.70	76
margret	2.70	76
christines	2.70	76
automatischer	2.70	76
angelhaken	2.70	76
parzelle	2.70	76
schreibfehler	2.70	76
luftfahrt	2.70	76
doughnut	2.70	76
solly	2.70	76
erkämpft	2.70	76
klingonischer	2.70	76
amtierender	2.70	76
kaffeebecher	2.70	76
silvana	2.70	76
andauernden	2.70	76
beschütz	2.70	76
klavierunterricht	2.70	76
verschleudert	2.70	76
ginn	2.70	76
leger	2.70	76
cordell	2.70	76
amyas	2.70	76
geteilte	2.70	76
punchy	2.70	76
quai	2.70	76
zurückgibst	2.70	76
zweitgrößte	2.70	76
frobisher	2.70	76
rallye	2.70	76
weichteile	2.70	76
hightower	2.70	76
anstalten	2.70	76
zwieback	2.70	76
stöhnend	2.70	76
está	2.70	76
ökonomischen	2.70	76
fortgeführt	2.70	76
erkämpfen	2.70	76
austauschbar	2.70	76
spinnerin	2.70	76
auszuarbeiten	2.70	76
lastenaufzug	2.70	76
masten	2.70	76
widerstanden	2.70	76
fehlfunktionen	2.70	76
würzig	2.70	76
galerien	2.70	76
fournier	2.70	76
zukunftspläne	2.70	76
zugedrückt	2.70	76
trüge	2.70	76
frikadellen	2.70	76
billigem	2.70	76
ladefläche	2.70	76
trog	2.70	76
ärztlicher	2.70	76
boykottieren	2.70	76
dichters	2.70	76
wielange	2.70	76
eingefordert	2.70	76
vertragsbruch	2.70	76
handelsabkommen	2.70	76
sozialstunden	2.70	76
mutt	2.70	76
lamas	2.70	76
furchterregende	2.70	76
schwips	2.70	76
abtransport	2.70	76
lucretia	2.70	76
hlen	2.70	76
canaan	2.70	76
profiler	2.70	76
gazpacho	2.70	76
kirre	2.70	76
pfarrers	2.70	76
zeitungsjunge	2.70	76
außenhülle	2.70	76
pussies	2.70	76
doofes	2.70	76
absolvent	2.70	76
repräsentantenhaus	2.70	76
atul	2.70	76
niedermachen	2.70	76
leno	2.70	76
yuria	2.70	76
paff	2.70	76
fanclub	2.70	76
sheen	2.70	76
verschlossener	2.70	76
trader	2.70	76
kraftstoff	2.70	76
narzissmus	2.70	76
kumar	2.70	76
martinshorn	2.70	76
anbricht	2.70	76
hinfahre	2.70	76
ambiente	2.70	76
urmel	2.70	76
días	2.70	76
aufschauen	2.70	76
hotelbar	2.70	76
heiligsten	2.70	76
üppigen	2.70	76
u2	2.70	76
hirns	2.70	76
rebellischen	2.70	76
homes	2.70	76
highlander	2.70	76
tector	2.70	76
mütterliche	2.70	76
blödheit	2.70	76
leander	2.70	76
unterschieden	2.70	76
bürgerpflicht	2.70	76
keppler	2.70	76
southside	2.69	75
pinglet	2.69	75
täuschungen	2.69	75
abgeschreckt	2.69	75
ausspülen	2.69	75
kollektiven	2.69	75
bakshi	2.69	75
gestreikt	2.69	75
kursen	2.69	75
zurückgestellt	2.69	75
überspannt	2.69	75
radioaktives	2.69	75
dizzy	2.69	75
fiktiv	2.69	75
verbessere	2.69	75
gasmaske	2.69	75
sicherheitsalarm	2.69	75
winner	2.69	75
anagramm	2.69	75
micawber	2.69	75
namenlos	2.69	75
rosy	2.69	75
preiselbeeren	2.69	75
verleugne	2.69	75
speisekarten	2.69	75
unehrlichkeit	2.69	75
clays	2.69	75
natalja	2.69	75
söldnern	2.69	75
skunk	2.69	75
soze	2.69	75
beantwortete	2.69	75
tätowierte	2.69	75
brösel	2.69	75
fluchtwege	2.69	75
sigi	2.69	75
umprogrammieren	2.69	75
mixt	2.69	75
folgsam	2.69	75
nomen	2.69	75
peppi	2.69	75
lazy	2.69	75
thora	2.69	75
dal	2.69	75
jüngern	2.69	75
vittoria	2.69	75
bürgschaft	2.69	75
qualifizierter	2.69	75
borneo	2.69	75
funktionierendes	2.69	75
zugedreht	2.69	75
ls	2.69	75
schimmert	2.69	75
wiedergabe	2.69	75
diamonds	2.69	75
comment	2.69	75
kopfschmuck	2.69	75
comfort	2.69	75
türschloss	2.69	75
ausgemustert	2.69	75
kamil	2.69	75
niedergemacht	2.69	75
stabilisatoren	2.69	75
copper	2.69	75
finalisten	2.69	75
protokolliert	2.69	75
good-bye	2.69	75
bistja	2.69	75
mathematischen	2.69	75
rotznasen	2.69	75
tracks	2.69	75
vorsorge	2.69	75
toomey	2.69	75
überbrückung	2.69	75
krisensitzung	2.69	75
geistesblitz	2.69	75
scheuklappen	2.69	75
sprint	2.69	75
prom	2.69	75
beschaffung	2.69	75
loo	2.69	75
lüstern	2.69	75
sprachrohr	2.69	75
jolinar	2.69	75
einzuschränken	2.69	75
lizenzen	2.69	75
entschlüsselung	2.69	75
neueren	2.69	75
kläfft	2.69	75
xy	2.69	75
ak-47	2.69	75
tobruk	2.69	75
franklins	2.69	75
sadler	2.69	75
reinlegt	2.69	75
leaf	2.69	75
ergibst	2.69	75
kitten	2.69	75
unbequeme	2.69	75
bleichgesichter	2.69	75
aufgeholt	2.69	75
loskommen	2.69	75
anschlüsse	2.69	75
schreienden	2.69	75
eigentümerin	2.69	75
heckt	2.69	75
portman	2.69	75
macon	2.69	75
klingonisch	2.69	75
kurzgeschlossen	2.69	75
verschrottet	2.69	75
narbengewebe	2.69	75
unabhängiges	2.69	75
mittleres	2.69	75
ersteigert	2.69	75
johs	2.69	75
lovett	2.69	75
patentieren	2.69	75
hirni	2.69	75
naiver	2.69	75
mutterinstinkt	2.69	75
wiederauferstehen	2.69	75
atomraketen	2.69	75
ankamst	2.69	75
erzdiözese	2.69	75
bain	2.69	75
griffins	2.69	75
zusammenpasst	2.69	75
jehova	2.69	75
golfball	2.69	75
zana	2.69	75
tibbs	2.69	75
dienstfrei	2.69	75
sanni	2.69	75
evolet	2.69	75
percys	2.69	75
angefragt	2.69	75
durchgedrungen	2.69	75
makellosen	2.69	75
firestorm	2.69	75
nachforschung	2.69	75
shangri-la	2.69	75
loved	2.69	75
longworth	2.69	75
ehrgeizigen	2.69	75
stockdunkel	2.69	75
paganini	2.69	75
vergütung	2.69	75
haarbürste	2.69	75
goldenem	2.69	75
diensthabenden	2.69	75
tötungen	2.69	75
totti	2.69	75
akustische	2.69	75
hirnlose	2.69	75
tars	2.69	75
galra	2.69	75
vermittle	2.69	75
türrahmen	2.69	75
planchet	2.69	75
anketten	2.69	75
humpty	2.69	75
aufenthaltsgenehmigung	2.69	75
medizinstudenten	2.69	75
charon	2.69	75
bezeichnest	2.69	75
kraus	2.69	75
wal-mart	2.69	75
ausmerzen	2.69	75
zugeknallt	2.69	75
mutmaßungen	2.69	75
ringfinger	2.69	75
chameleon	2.69	75
emblem	2.69	75
streifenhörnchen	2.69	75
rausspazieren	2.69	75
ater	2.69	75
rums	2.69	75
barista	2.69	75
geologen	2.69	75
degra	2.69	75
konsens	2.69	75
höllenhunde	2.69	75
genna	2.69	75
souvenirladen	2.69	75
plündert	2.69	75
rileys	2.69	75
o-saft	2.69	75
presto	2.69	75
einschaltet	2.69	75
worthington	2.69	75
beobachtungsposten	2.69	75
pee-wee	2.69	75
präsentierteller	2.69	75
durchsprechen	2.69	75
erzieherin	2.69	75
entlohnen	2.69	75
bogotá	2.69	75
kürbiskuchen	2.69	75
verantwortungsvoller	2.69	75
verwechselte	2.69	75
zischl	2.69	75
sportlichen	2.69	75
gründerin	2.69	75
calle	2.69	75
zogst	2.69	75
normalisieren	2.69	75
bestechungsgelder	2.69	75
insektenspray	2.69	75
mundtot	2.69	75
geldscheine	2.69	75
vesper	2.69	75
constantin	2.69	75
piccadilly	2.69	75
überzeugter	2.69	75
xanadu	2.69	75
anzuregen	2.69	75
vollzieht	2.69	75
augustin	2.69	75
übermaß	2.69	75
gilliam	2.69	75
verschwitzten	2.69	75
osmanischen	2.69	75
aufeinandertreffen	2.69	75
naiven	2.69	75
nüchternheit	2.69	75
thibault	2.69	75
abschlussprüfungen	2.69	75
aufständische	2.69	75
michal	2.69	75
entgegenstellen	2.69	75
anfängen	2.69	75
taipeh	2.69	75
fork	2.69	75
amnesty	2.69	75
bliebst	2.69	75
joakim	2.69	75
montrose	2.69	75
derbe	2.69	75
gesundheitliche	2.69	75
search	2.69	75
mignon	2.69	75
raffi	2.69	75
überwachst	2.69	75
göttinnen	2.69	75
mangelhaft	2.69	75
lothringen	2.69	75
befangenheit	2.69	75
ventress	2.69	75
huf	2.69	75
riddler	2.69	75
kreditwürdigkeit	2.69	75
kolya	2.69	75
streichermusik	2.69	75
dna-spuren	2.69	75
schönheitskönigin	2.69	75
bezeichneten	2.69	75
flugzeuges	2.69	75
silverado	2.69	75
mikkel	2.69	75
zerzaust	2.69	75
beiboot	2.69	75
entourage	2.69	75
unwiderstehliche	2.69	75
chatswin	2.69	75
schuldeingeständnis	2.69	75
jette	2.69	75
wendt	2.69	75
trittbrettfahrer	2.69	75
dreifaches	2.69	75
payton	2.69	75
körperfunktionen	2.69	75
stadträte	2.69	75
umkehr	2.69	75
reederei	2.69	75
kandidatinnen	2.69	75
durchschlafen	2.69	75
push	2.69	75
geheimhalten	2.69	75
liefer	2.69	75
magi	2.69	75
salisbury	2.69	75
gepolter	2.69	75
windrichtung	2.69	75
klingende	2.69	75
centurio	2.69	75
laughlin	2.69	75
desertieren	2.69	75
trenchcoat	2.69	75
finish	2.69	75
beurlauben	2.69	75
kojak	2.69	75
annähern	2.69	75
kleidchen	2.69	75
cowan	2.69	75
offensiv	2.69	75
kuala	2.69	75
schals	2.69	75
abstrakte	2.69	75
linguchon	2.69	75
hofdamen	2.69	75
missbilligen	2.69	75
zurückziehe	2.69	75
techno-musik	2.69	75
verseuchung	2.69	75
higher	2.69	75
reichstag	2.69	75
kribbelig	2.69	75
schnappschuss	2.69	75
maréchal	2.69	75
stampft	2.69	75
uuh	2.69	75
firmament	2.69	75
tanzstunde	2.69	75
verwirrende	2.69	75
hedgefonds	2.69	75
ocho	2.69	75
kartenhaus	2.69	75
stillt	2.69	75
pazifischen	2.69	75
giftspritze	2.69	75
riesenparty	2.69	75
zudröhnen	2.69	75
wiederbringen	2.69	75
enthüllte	2.69	75
rubens	2.69	75
lemur	2.69	75
halbmond	2.69	75
verfälscht	2.69	75
derzui	2.69	75
zurückzukriegen	2.69	75
shakaar	2.69	75
anleitungen	2.69	75
blakely	2.69	75
hüpfburg	2.69	75
besorgniserregend	2.69	75
sicherheitspolizei	2.69	75
scoob	2.69	75
neutralität	2.69	75
adelige	2.69	75
floty	2.69	75
übertönen	2.69	75
klackern	2.69	75
sweater	2.69	75
seuchenschutzbehörde	2.69	75
blanken	2.69	75
leichteres	2.69	75
sprichwörtlich	2.69	75
irrtümer	2.69	75
ritterlich	2.69	75
kusch	2.69	75
geheimcode	2.69	75
typs	2.69	75
zunähen	2.69	75
abschleppdienst	2.69	75
steigende	2.69	75
colada	2.69	75
stund	2.69	75
matsuko	2.69	75
ausflippst	2.69	75
unterhaltszahlungen	2.69	75
umkamen	2.69	75
firmenpolitik	2.69	75
hausherrin	2.69	75
inschallah	2.69	75
latham	2.69	75
hoboken	2.69	75
erprobt	2.69	75
ersaufen	2.69	75
kommilitonen	2.69	75
spaßige	2.69	75
mcclure	2.69	75
emanzipation	2.69	75
turning	2.69	75
stallbursche	2.69	75
männlein	2.69	75
absieht	2.69	75
fertigmacht	2.69	75
mangelnder	2.69	75
ankleiden	2.69	75
geprellt	2.69	75
tubus	2.69	75
schürt	2.69	75
stromkabel	2.69	75
weggerissen	2.69	74
versprüht	2.69	74
kazumi	2.69	74
fälschlich	2.69	74
hingeworfen	2.69	74
treville	2.69	74
kyuzo	2.69	74
bezüge	2.69	74
gesell	2.69	74
streitsüchtig	2.69	74
züchte	2.69	74
ungleich	2.69	74
zauberers	2.69	74
hypnotiseur	2.69	74
dannen	2.69	74
durchwahl	2.69	74
vergnügens	2.69	74
betrinke	2.69	74
übermittlung	2.69	74
ältestenrat	2.69	74
nachgucken	2.69	74
marriott	2.69	74
vermasselte	2.69	74
jonni	2.69	74
schauspielunterricht	2.69	74
gunmar	2.69	74
plädiere	2.69	74
ankurbeln	2.69	74
verschleppen	2.69	74
lockdown	2.69	74
forsche	2.69	74
diakon	2.69	74
unverkennbar	2.69	74
devils	2.69	74
evangeline	2.69	74
teebeutel	2.69	74
vertretbar	2.69	74
babysachen	2.69	74
friedensstifter	2.69	74
durchschnitten	2.69	74
kir	2.69	74
doller	2.69	74
jenner	2.69	74
kalibers	2.69	74
achtmal	2.69	74
engere	2.69	74
kampagnen	2.69	74
instabilen	2.69	74
verlässlichen	2.69	74
gap	2.69	74
sabata	2.69	74
boxe	2.69	74
erdbeer	2.69	74
eheleute	2.69	74
spukhaus	2.69	74
verhaftest	2.69	74
nagut	2.69	74
irakische	2.69	74
rayborn	2.69	74
gegebenheiten	2.69	74
bedrohlicher	2.69	74
mmmm	2.69	74
schwindsucht	2.69	74
fischmarkt	2.69	74
kragenweite	2.69	74
kala	2.69	74
abrasieren	2.69	74
yonkers	2.69	74
kinderbetreuung	2.69	74
peitscht	2.69	74
hintreten	2.69	74
festhältst	2.69	74
angle	2.69	74
kanonenboot	2.69	74
rotzbakke	2.69	74
aufzuschneiden	2.69	74
traktoren	2.69	74
psychospielchen	2.69	74
tauchgang	2.69	74
eingraben	2.69	74
fettigen	2.69	74
taubert	2.69	74
salander	2.69	74
übelnehmen	2.69	74
gentry	2.69	74
fertigwerden	2.69	74
svartman	2.69	74
kindererziehung	2.69	74
rumspricht	2.69	74
naqahdah	2.69	74
efeu	2.69	74
illia	2.69	74
unterrock	2.69	74
koitus	2.69	74
lisi	2.69	74
begründete	2.69	74
ponce	2.69	74
entgegenzutreten	2.69	74
fütterung	2.69	74
partikeln	2.69	74
vorsätze	2.69	74
schwächeanfall	2.69	74
süßwarenladen	2.69	74
keisha	2.69	74
hüpfte	2.69	74
überreaktion	2.69	74
liegenbleiben	2.69	74
umzuwandeln	2.69	74
verhexen	2.69	74
nathans	2.69	74
argwohn	2.69	74
attraktionen	2.69	74
cowgirl	2.69	74
höchstbietenden	2.69	74
mcmahon	2.69	74
plauderei	2.69	74
recherchierte	2.69	74
erschießung	2.69	74
lächele	2.69	74
blutsbrüder	2.69	74
ausreißerin	2.69	74
brautstrauß	2.69	74
verwicklung	2.69	74
abzuschrecken	2.69	74
relikte	2.69	74
ansprachen	2.69	74
erwird	2.69	74
perimeter	2.69	74
bedauernswerten	2.69	74
blossoms	2.69	74
glitzernden	2.69	74
monroes	2.69	74
wasserbomben	2.69	74
mosambik	2.69	74
genovien	2.69	74
miserablen	2.69	74
lächerlichste	2.69	74
cord	2.69	74
herzblut	2.69	74
sängerinnen	2.69	74
verwettet	2.69	74
bärbel	2.69	74
verletzlichkeit	2.69	74
besessenen	2.69	74
kleist	2.69	74
unterteilt	2.69	74
ausschreibung	2.69	74
preußischen	2.69	74
enterben	2.69	74
lebensabend	2.69	74
runterkommst	2.69	74
erschütterte	2.69	74
ukrainer	2.69	74
symphony	2.69	74
elyse	2.69	74
jugendgefängnis	2.69	74
dagestanden	2.69	74
sicherheitskontrolle	2.69	74
belladonna	2.69	74
wirkstoff	2.69	74
stoßdämpfer	2.69	74
vergewaltige	2.69	74
vorbereiteten	2.69	74
stockt	2.69	74
boz	2.69	74
daiquiri	2.69	74
verrücktheiten	2.69	74
ungeliebt	2.69	74
moderieren	2.69	74
huxley	2.69	74
farn	2.69	74
kühlung	2.69	74
salazars	2.69	74
brunt	2.69	74
flunder	2.69	74
marktes	2.69	74
bälger	2.69	74
baran	2.69	74
herausragend	2.69	74
herumzuschnüffeln	2.69	74
nobby	2.69	74
schlappe	2.69	74
franchise	2.69	74
bradbury	2.69	74
richy	2.69	74
unaufrichtig	2.69	74
blutrünstigen	2.69	74
biggie	2.69	74
lallend	2.69	74
beigeben	2.69	74
einrahmen	2.69	74
krister	2.69	74
gelegentliche	2.69	74
shamoto	2.69	74
shizuku	2.69	74
matterhorn	2.69	74
abwirft	2.69	74
shishio	2.69	74
bedrohliches	2.69	74
ewigem	2.69	74
fever	2.69	74
römisches	2.69	74
zitierte	2.69	74
teenagerin	2.69	74
seemänner	2.69	74
barometer	2.69	74
entspringen	2.69	74
modisch	2.69	74
lille	2.69	74
föderationsschiff	2.69	74
vorbehalt	2.69	74
globaler	2.69	74
seany	2.69	74
sprechgesang	2.69	74
massagesalon	2.69	74
anzeigetafel	2.69	74
fatty	2.69	74
steckdosen	2.69	74
hock	2.69	74
eingehüllt	2.69	74
poldi	2.69	74
gefrorenes	2.69	74
abenteuerlich	2.69	74
rumzuspielen	2.69	74
reinkriegen	2.69	74
angerempelt	2.69	74
kalkuliert	2.69	74
sahnehäubchen	2.69	74
rer	2.69	74
tutti	2.69	74
schwertfisch	2.69	74
konzentrierten	2.69	74
tausendfach	2.69	74
hufschmied	2.69	74
anchovis	2.69	74
schädeldecke	2.69	74
cherbourg	2.69	74
bonney	2.69	74
schießübungen	2.69	74
gaunerei	2.69	74
freibier	2.69	74
milner	2.69	74
primitiver	2.69	74
silberdollar	2.69	74
verhandele	2.69	74
gemäht	2.69	74
fremdenführer	2.69	74
mädchenschule	2.69	74
reinfällt	2.69	74
mireille	2.69	74
kitzelig	2.69	74
anlaufstelle	2.69	74
abzusuchen	2.69	74
kniest	2.69	74
zivilbevölkerung	2.69	74
battlestar	2.69	74
spärlich	2.69	74
teigtaschen	2.69	74
manifestation	2.69	74
elfte	2.69	74
dünkirchen	2.69	74
negern	2.69	74
müllsäcke	2.69	74
prallte	2.69	74
herumgetrieben	2.69	74
verschränken	2.69	74
karine	2.69	74
nautilus	2.69	74
fortbestehen	2.69	74
tessie	2.69	74
musikgeschäft	2.69	74
minerva	2.69	74
analphabeten	2.69	74
roar	2.69	74
lebhaften	2.69	74
weltberühmte	2.69	74
stichhaltig	2.69	74
blutdurst	2.69	74
reingelaufen	2.69	74
mahir	2.69	74
zustehen	2.69	74
tischtuch	2.69	74
capito	2.69	74
sexspielzeug	2.69	74
ordnungshüter	2.69	74
zurückrufst	2.69	74
railroad	2.69	74
jörgen	2.69	74
babou	2.69	74
sinkende	2.69	74
alarme	2.69	74
artefakten	2.69	74
tschaikowski	2.69	74
getürkt	2.69	74
wolga	2.69	74
hauptteil	2.69	74
sozialistische	2.69	74
kleinerer	2.69	74
struensee	2.69	74
legend	2.69	74
dichterin	2.69	74
schlappohr	2.69	74
umkehrung	2.69	74
alatriste	2.69	74
jian	2.69	74
tiefschlag	2.69	74
bonanza	2.69	74
flauschig	2.69	74
fiddler	2.69	74
villiers	2.69	74
krimskrams	2.69	74
veräppelt	2.69	74
cindys	2.69	74
angestrengte	2.69	74
truhen	2.69	74
gatorade	2.69	74
tüchtigen	2.69	74
geldübergabe	2.69	74
fjord	2.69	74
sia	2.69	74
abgeklärt	2.69	74
abregen	2.69	74
benzintank	2.69	74
rhythmisch	2.69	74
nisse	2.69	74
madgett	2.69	74
deportation	2.69	74
pupille	2.69	74
lebkuchen	2.69	74
raubst	2.69	74
alchemie	2.69	74
wüst	2.69	74
shizuko	2.69	74
angina	2.69	74
zerquetsche	2.69	74
unverschlossen	2.69	74
selbstsüchtiger	2.69	74
partyservice	2.69	74
stöbern	2.69	74
satanisten	2.69	74
nylon	2.69	74
biblische	2.69	74
rikichi	2.69	74
herztransplantation	2.69	74
anzustoßen	2.69	74
lemuren	2.69	74
mickrige	2.69	74
greenpeace	2.69	74
zufriedenzustellen	2.69	74
teenies	2.69	74
tunichtgut	2.69	74
vinyl	2.69	74
caderousse	2.69	74
pontifex	2.69	74
aufwachraum	2.69	74
seo	2.69	74
tanne	2.69	74
mendel	2.69	74
verdun	2.69	74
geschäftsidee	2.69	74
tigern	2.69	74
briarcliff	2.69	74
darkness	2.69	74
sexier	2.69	74
slink	2.69	74
selbstmordmission	2.69	74
ertrinkst	2.69	74
schnüffle	2.69	74
gulag	2.69	74
nettie	2.69	74
wiederzugeben	2.69	74
host	2.69	74
kunsthochschule	2.69	74
auslegung	2.69	74
osmanen	2.69	74
blackburn	2.69	74
zurückdenken	2.68	73
anjou	2.68	73
hautkrebs	2.68	73
renaldo	2.68	73
leibarzt	2.68	73
trostlosen	2.68	73
flugbegleiterin	2.68	73
hinterhältiges	2.68	73
macchiato	2.68	73
zerfrisst	2.68	73
vorbeiging	2.68	73
revenge	2.68	73
feed	2.68	73
störend	2.68	73
ccpd	2.68	73
hingearbeitet	2.68	73
elterliche	2.68	73
besucherin	2.68	73
vorreiter	2.68	73
persische	2.68	73
menschenkind	2.68	73
vulva	2.68	73
weitsicht	2.68	73
cherien	2.68	73
spielkameraden	2.68	73
lópez	2.68	73
sassenach	2.68	73
0rdnung	2.68	73
loxley	2.68	73
törichtes	2.68	73
kaleb	2.68	73
dna-analyse	2.68	73
gefuttert	2.68	73
schuyler	2.68	73
vegan	2.68	73
vertrauenslehrer	2.68	73
drachenkrieger	2.68	73
unsicherheiten	2.68	73
pfifferling	2.68	73
zeltplatz	2.68	73
kajak	2.68	73
dutt	2.68	73
ansteckung	2.68	73
kontraproduktiv	2.68	73
schlagkraft	2.68	73
behinderter	2.68	73
hausordnung	2.68	73
menschsein	2.68	73
camerons	2.68	73
wettkämpfen	2.68	73
vorbereite	2.68	73
gesöff	2.68	73
vermindern	2.68	73
morast	2.68	73
kreditwürdig	2.68	73
fensterputzer	2.68	73
rumliegt	2.68	73
vorstands	2.68	73
liebhabern	2.68	73
tümpel	2.68	73
rosé	2.68	73
eingeschenkt	2.68	73
selmak	2.68	73
monastario	2.68	73
luftdicht	2.68	73
schikanen	2.68	73
aufzuschlitzen	2.68	73
bedeckte	2.68	73
vorgesprochen	2.68	73
verblutete	2.68	73
knutscht	2.68	73
broke	2.68	73
sharky1980	2.68	73
blutenden	2.68	73
authentische	2.68	73
latour	2.68	73
zentner	2.68	73
geldeintreiber	2.68	73
bombenangriff	2.68	73
pins	2.68	73
entlohnt	2.68	73
musikalisches	2.68	73
renly	2.68	73
schönheitschirurg	2.68	73
großspurig	2.68	73
impossible	2.68	73
blindenhund	2.68	73
fungiert	2.68	73
mitziehen	2.68	73
marderhunde	2.68	73
misstraue	2.68	73
verkümmern	2.68	73
jaffe	2.68	73
hürmüz	2.68	73
reinsetzen	2.68	73
steiler	2.68	73
verheerenden	2.68	73
wohlan	2.68	73
depesche	2.68	73
aufgehalst	2.68	73
wegschnappen	2.68	73
vivienne	2.68	73
radiowellen	2.68	73
hirnstamm	2.68	73
crying	2.68	73
gisele	2.68	73
implosion	2.68	73
lasch	2.68	73
gequirlte	2.68	73
zärtlichen	2.68	73
gerissenen	2.68	73
mobiltelefone	2.68	73
verkehrs	2.68	73
reinschleichen	2.68	73
täterin	2.68	73
überwältigte	2.68	73
indizienbeweise	2.68	73
pinkelte	2.68	73
craddock	2.68	73
wichtigstes	2.68	73
verlockendes	2.68	73
waliser	2.68	73
konfiguration	2.68	73
begünstigte	2.68	73
aufgezeigt	2.68	73
schlummer	2.68	73
kollegium	2.68	73
bukowski	2.68	73
frivol	2.68	73
spielkarten	2.68	73
öle	2.68	73
ungar	2.68	73
interstellaren	2.68	73
strafvollzug	2.68	73
potentiell	2.68	73
spähtrupp	2.68	73
natã	2.68	73
schwämme	2.68	73
teach	2.68	73
lieblingsteil	2.68	73
tragbar	2.68	73
verpestet	2.68	73
niederschlag	2.68	73
aufdie	2.68	73
göttlichkeit	2.68	73
dereks	2.68	73
baptist	2.68	73
warpfeld	2.68	73
protestantischen	2.68	73
handfesten	2.68	73
day-day	2.68	73
vorbote	2.68	73
dawkins	2.68	73
jahrelangen	2.68	73
anno	2.68	73
schmierst	2.68	73
raubten	2.68	73
chubby	2.68	73
heroisch	2.68	73
zuschreiben	2.68	73
streifenpolizist	2.68	73
verbüßt	2.68	73
johansen	2.68	73
aufwirft	2.68	73
strangulation	2.68	73
hope1403	2.68	73
spezialagent	2.68	73
stockend	2.68	73
bunkern	2.68	73
steuerte	2.68	73
puzzleteil	2.68	73
lockenwickler	2.68	73
zärtlicher	2.68	73
konstanten	2.68	73
schwankungen	2.68	73
einmarsch	2.68	73
höchstform	2.68	73
unbefriedigend	2.68	73
bläschen	2.68	73
leids	2.68	73
zyankali	2.68	73
dunja	2.68	73
spürhunde	2.68	73
entflohener	2.68	73
sosa	2.68	73
obergruppenführer	2.68	73
aufhängt	2.68	73
mirandas	2.68	73
karloff	2.68	73
eingerissen	2.68	73
abgearbeitet	2.68	73
handelsminister	2.68	73
12-jährige	2.68	73
rotten	2.68	73
nirrti	2.68	73
lagerung	2.68	73
5th	2.68	73
duchemin	2.68	73
verewigt	2.68	73
cake	2.68	73
gedämpfter	2.68	73
weibe	2.68	73
s02e03	2.68	73
scheichs	2.68	73
beckwith	2.68	73
schlagabtausch	2.68	73
vorbereitete	2.68	73
sheng	2.68	73
reaktionszeit	2.68	73
gefilde	2.68	73
statuten	2.68	73
caesars	2.68	73
langjähriger	2.68	73
prolet	2.68	73
erträge	2.68	73
synapse	2.68	73
überzeugendes	2.68	73
playback	2.68	73
fürsorgliche	2.68	73
sas	2.68	73
jeannot	2.68	73
leckerli	2.68	73
privatklinik	2.68	73
weitblick	2.68	73
salamanca	2.68	73
schnelleren	2.68	73
schulaufführung	2.68	73
zurückerobert	2.68	73
einkauft	2.68	73
europäischer	2.68	73
stef	2.68	73
ausschaut	2.68	73
verkorkste	2.68	73
bohr	2.68	73
zufälliger	2.68	73
allerwichtigsten	2.68	73
giscard	2.68	73
angeborenen	2.68	73
versiegelten	2.68	73
systemherren	2.68	73
erwecke	2.68	73
geleuchtet	2.68	73
hummeln	2.68	73
pont	2.68	73
petrie	2.68	73
zusicherung	2.68	73
aruba	2.68	73
industrieller	2.68	73
afghanischen	2.68	73
flötenspiel	2.68	73
schmeiss	2.68	73
blutrot	2.68	73
subway	2.68	73
thurman	2.68	73
jiminy	2.68	73
wicker	2.68	73
hühneraugen	2.68	73
nazarener	2.68	73
renten	2.68	73
wahrscheinlichste	2.68	73
drogensüchtigen	2.68	73
ezequiel	2.68	73
gebräuche	2.68	73
scusi	2.68	73
unterzutauchen	2.68	73
goscinny	2.68	73
computerprogramm	2.68	73
ozonschicht	2.68	73
bebbanburg	2.68	73
lehrstuhl	2.68	73
stillsitzen	2.68	73
einäschern	2.68	73
stützpunkte	2.68	73
filmabend	2.68	73
gesprächsfetzen	2.68	73
tinas	2.68	73
weihnachtsgeld	2.68	73
verneigt	2.68	73
cimbom1905	2.68	73
seco	2.68	73
schliess	2.68	73
plackerei	2.68	73
privatunterricht	2.68	73
narcos	2.68	73
guerilla	2.68	73
jüngst	2.68	73
dara	2.68	73
eruption	2.68	73
suchaktion	2.68	73
literweise	2.68	73
knipsen	2.68	73
verärgere	2.68	73
addiert	2.68	73
supersoldaten	2.68	73
autovermietung	2.68	73
medellín	2.68	73
standbild	2.68	73
vermiest	2.68	73
ausgeprägte	2.68	73
wirtschaftsprüfer	2.68	73
einlenken	2.68	73
schwanensee	2.68	73
hubschraubern	2.68	73
duu	2.68	73
umkrempeln	2.68	73
ezri	2.68	73
stehenlassen	2.68	73
fleur	2.68	73
merdle	2.68	73
bullauge	2.68	73
heimzukehren	2.68	73
konstrukt	2.68	73
karriereleiter	2.68	73
quinjet	2.68	73
hebammen	2.68	73
herzinfarkte	2.68	73
pferdemist	2.68	73
absägen	2.68	73
renjie	2.68	73
stachen	2.68	73
handyempfang	2.68	73
tico	2.68	73
verspätungen	2.68	73
schulbildung	2.68	73
proleten	2.68	73
guadalupe	2.68	73
kriegshelden	2.68	73
folgern	2.68	73
abhörgerät	2.68	73
cyper	2.68	73
tarrant	2.68	73
radu	2.68	73
turnschuh	2.68	73
internetseite	2.68	73
drinbleiben	2.68	73
schröter	2.68	73
hoo	2.68	73
ashe	2.68	73
sitzenbleiben	2.68	73
abgase	2.68	73
mittäterschaft	2.68	73
eingeflößt	2.68	73
angelausflug	2.68	73
belohne	2.68	73
pris	2.68	73
kreuzfahrtschiff	2.68	73
huan	2.68	73
gute-nacht-kuss	2.68	73
weiterbringen	2.68	73
ausgeschüttet	2.68	73
walmart	2.68	73
unfassbare	2.68	73
sorata	2.68	73
kamerateam	2.68	73
kurzfilm	2.68	73
abkratzt	2.68	73
deaktiviere	2.68	73
durchdrang	2.68	73
dahinterkommen	2.68	73
reds	2.68	73
zusammenzufügen	2.68	73
vernichtest	2.68	73
anzustrengen	2.68	73
abzuwischen	2.68	73
schmarrn	2.68	73
reinbeißen	2.68	73
erlebnissen	2.68	73
zusammenzukommen	2.68	73
südöstlich	2.68	73
imperiale	2.68	73
betriebe	2.68	73
taut	2.68	73
loras	2.68	73
maritza	2.68	73
pflichtbewusstsein	2.68	73
skrupellosen	2.68	73
filmrolle	2.68	73
fait	2.68	73
tinder	2.68	73
kallen	2.68	73
beweismitteln	2.68	73
afghanen	2.68	73
racquetball	2.68	73
bequemeres	2.68	73
liegenden	2.68	72
spielplan	2.68	72
anhaltendes	2.68	72
milky	2.68	72
abgefuckte	2.68	72
hoheitsgebiet	2.68	72
bischofs	2.68	72
zuckerrohr	2.68	72
limitierte	2.68	72
raccoon	2.68	72
zweifelhafte	2.68	72
strupp	2.68	72
patt	2.68	72
paartherapie	2.68	72
nintendo	2.68	72
sonderling	2.68	72
sokka	2.68	72
zuführen	2.68	72
neddy	2.68	72
unbeweglich	2.68	72
selbstdisziplin	2.68	72
zheng	2.68	72
leutnants	2.68	72
kodiert	2.68	72
taurus	2.68	72
roque	2.68	72
organischer	2.68	72
exportieren	2.68	72
wingman	2.68	72
ora	2.68	72
juju	2.68	72
siralos	2.68	72
thousand	2.68	72
stoke	2.68	72
schafskopf	2.68	72
sehnerv	2.68	72
unbesiegbare	2.68	72
kopfhörern	2.68	72
lunar	2.68	72
jonathans	2.68	72
zehrt	2.68	72
tappt	2.68	72
schulleitung	2.68	72
bowden	2.68	72
hinne	2.68	72
gemusst	2.68	72
kindskopf	2.68	72
feuerstelle	2.68	72
gekuschelt	2.68	72
widersetzte	2.68	72
teilzuhaben	2.68	72
heime	2.68	72
palo	2.68	72
vehement	2.68	72
trimester	2.68	72
gepoppt	2.68	72
dachdecker	2.68	72
erdacht	2.68	72
igen	2.68	72
abgelegene	2.68	72
tuvia	2.68	72
elektromagnetischer	2.68	72
geisterjäger	2.68	72
loswird	2.68	72
todsünden	2.68	72
rosetti	2.68	72
warrens	2.68	72
fedex	2.68	72
zweiundzwanzig	2.68	72
kosh	2.68	72
rauschgiftdezernat	2.68	72
symbiose	2.68	72
rumgesprochen	2.68	72
traumhafte	2.68	72
rumzustehen	2.68	72
lauteten	2.68	72
schuldlos	2.68	72
leichenteile	2.68	72
grundbesitzer	2.68	72
natacha	2.68	72
mirakuru	2.68	72
tsa	2.68	72
fortgeschrittener	2.68	72
goldgräber	2.68	72
barbarossa	2.68	72
herausgezogen	2.68	72
erjetzt	2.68	72
stripes	2.68	72
geächtet	2.68	72
luftwaffenstützpunkt	2.68	72
massengrab	2.68	72
freifahrtschein	2.68	72
einkaufsbummel	2.68	72
predigte	2.68	72
saudis	2.68	72
marky	2.68	72
wiederholungstäter	2.68	72
aufpeppen	2.68	72
untot	2.68	72
verschrotten	2.68	72
saboteure	2.68	72
lundgren	2.68	72
prahlte	2.68	72
eineiige	2.68	72
chemical	2.68	72
proportionen	2.68	72
unglücks	2.68	72
marcels	2.68	72
draufhauen	2.68	72
deadlysins	2.68	72
blickten	2.68	72
androhung	2.68	72
estrada	2.68	72
neunmal	2.68	72
shah	2.68	72
elektroauto	2.68	72
schnäpse	2.68	72
vollzeitjob	2.68	72
muharrem	2.68	72
ernährer	2.68	72
pummelig	2.68	72
windstoß	2.68	72
zurückbekommt	2.68	72
unterton	2.68	72
beschützten	2.68	72
eisnation	2.68	72
übriggeblieben	2.68	72
abtransportiert	2.68	72
midge	2.68	72
höflichkeitsbesuch	2.68	72
auswerfen	2.68	72
errichtete	2.68	72
montieren	2.68	72
schweif	2.68	72
eleonore	2.68	72
weltanschauung	2.68	72
gepfählt	2.68	72
pepito	2.68	72
s01e06	2.68	72
accord	2.68	72
sparkasse	2.68	72
nummeriert	2.68	72
jaspers	2.68	72
espn	2.68	72
blühenden	2.68	72
fertigzustellen	2.68	72
schuhgeschäft	2.68	72
ausbrennen	2.68	72
herumspielen	2.68	72
fonda	2.68	72
zouri	2.68	72
comme	2.68	72
gamble	2.68	72
gebrechen	2.68	72
neigte	2.68	72
einkassiert	2.68	72
versuchsobjekt	2.68	72
antillen	2.68	72
fawn	2.68	72
überhäuft	2.68	72
hado	2.68	72
treadwell	2.68	72
silberstücke	2.68	72
seesack	2.68	72
fußböden	2.68	72
handgemenge	2.68	72
happening	2.68	72
goffredo	2.68	72
klammere	2.68	72
bidet	2.68	72
ausgekugelt	2.68	72
solid	2.68	72
opfergaben	2.68	72
olympic	2.68	72
regional	2.68	72
kelche	2.68	72
aussteige	2.68	72
abgewöhnt	2.68	72
schnuckelig	2.68	72
anzog	2.68	72
doinel	2.68	72
aufwiedersehen	2.68	72
sturen	2.68	72
mittelmäßigen	2.68	72
hausgast	2.68	72
äußerlichkeiten	2.68	72
hedwig	2.68	72
privatparty	2.68	72
namenstag	2.68	72
makellose	2.68	72
boyz	2.68	72
zeliha	2.68	72
streibig	2.68	72
lebowski	2.68	72
rã	2.68	72
lowenstein	2.68	72
teresas	2.68	72
hervorheben	2.68	72
losschlagen	2.68	72
gemischtwarenladen	2.68	72
recken	2.68	72
hl	2.68	72
kleeblatt	2.68	72
witzfiguren	2.68	72
falschheit	2.68	72
gull	2.68	72
friedensverhandlungen	2.68	72
cree	2.68	72
nights	2.68	72
christkind	2.68	72
glasscheibe	2.68	72
schweigegeld	2.68	72
misa	2.68	72
gurgelt	2.68	72
muchacho	2.68	72
todesfee	2.68	72
lidocain	2.68	72
kulturelles	2.68	72
dringendsten	2.68	72
durchdrehe	2.68	72
ausgedehnt	2.68	72
staatsdiener	2.68	72
endo	2.68	72
schlummern	2.68	72
herbeizuführen	2.68	72
konditor	2.68	72
jugendliebe	2.68	72
pilgerreise	2.68	72
rauferei	2.68	72
ferox	2.68	72
rebellisch	2.68	72
dagobert	2.68	72
pappas	2.68	72
tippst	2.68	72
kängurus	2.68	72
vollstreckung	2.68	72
küchendienst	2.68	72
platzanweiser	2.68	72
jauchzt	2.68	72
lines	2.68	72
janina	2.68	72
übergewichtig	2.68	72
zuzüglich	2.68	72
fehlerhaften	2.68	72
lorca	2.68	72
shaitana	2.68	72
sonnenschirm	2.68	72
ulysses	2.68	72
uv-licht	2.68	72
indes	2.68	72
chisum	2.68	72
geburtstagskarte	2.68	72
fentanyl	2.68	72
oates	2.68	72
pappy	2.68	72
destabilisieren	2.68	72
selbstlosigkeit	2.68	72
verruckt	2.68	72
newly	2.68	72
provozierst	2.68	72
hanley	2.68	72
äusserst	2.68	72
knackis	2.68	72
anzubauen	2.68	72
kriegsherren	2.68	72
gemenon	2.68	72
parbat	2.68	72
übervorsichtig	2.68	72
architektin	2.68	72
rausgehauen	2.68	72
beschönigen	2.68	72
aktienmarkt	2.68	72
physisches	2.68	72
allerschlimmste	2.68	72
vorhattest	2.68	72
pulsieren	2.68	72
naturgesetze	2.68	72
arrhythmie	2.68	72
lohnliste	2.68	72
mitsu	2.68	72
frischluft	2.68	72
su-jin	2.68	72
bewogen	2.68	72
leibhaftige	2.68	72
illustrierte	2.68	72
programmen	2.68	72
flüssigem	2.68	72
zusiehst	2.68	72
auflockern	2.68	72
petersons	2.68	72
suvarov	2.68	72
elektromagnetisches	2.68	72
flossie	2.68	72
hitzewallungen	2.68	72
sonett	2.68	72
reinhängen	2.68	72
nanotechnologie	2.68	72
herberts	2.68	72
belohnungen	2.68	72
split	2.68	72
eugenie	2.68	72
unbefleckten	2.68	72
künftiger	2.68	72
mordred	2.68	72
joosep	2.68	72
grashalm	2.68	72
grobes	2.68	72
bühnen	2.68	72
anlaufen	2.68	72
wasserstoffbombe	2.68	72
anklageschrift	2.68	72
assistentinnen	2.68	72
piercing	2.68	72
vollnarkose	2.68	72
elektronischer	2.68	72
würge	2.68	72
satellite	2.68	72
boomt	2.68	72
tragischerweise	2.68	72
angeblicher	2.68	72
cleaner	2.68	72
geldsack	2.68	72
harmonika	2.68	72
voreingenommenheit	2.68	72
scheinwerfern	2.68	72
eun-young	2.68	72
angekreuzt	2.68	72
aussähe	2.68	72
bodenlose	2.68	72
schnappschüsse	2.68	72
tyrannisiert	2.68	72
kidd	2.68	72
fundamentale	2.68	72
rao	2.68	72
davonfliegen	2.68	72
verteidigungssystem	2.68	72
hinauswillst	2.68	72
heckenschütze	2.68	72
verschmutzen	2.68	72
animiert	2.68	72
krankgemeldet	2.68	72
embolie	2.68	72
einmische	2.68	72
planken	2.68	72
jodeln	2.68	72
schädigung	2.68	72
verzerrungen	2.68	72
gewachst	2.68	72
phipps	2.68	72
kochendes	2.68	72
bö	2.68	72
seniorenheim	2.68	72
gunnery	2.68	72
fahrlehrer	2.68	72
bürgerkriegs	2.68	72
pferdescheiße	2.68	72
verprassen	2.68	72
bolognese	2.68	72
jahrgangs	2.68	72
scheißtür	2.68	72
grandpas	2.68	72
anmaßung	2.68	72
lash	2.68	72
verschnaufpause	2.68	72
seifenblase	2.68	72
aufgeregter	2.68	72
cohens	2.68	72
echos	2.68	72
trauerrede	2.68	72
venture	2.68	72
swallow	2.68	72
holländisch	2.68	72
liebschaft	2.68	72
netzen	2.68	72
tunfisch	2.68	72
zuckte	2.68	72
raustreten	2.68	72
samenspender	2.68	72
hogg	2.68	72
verbrechers	2.68	72
beschlagnahmten	2.68	72
revers	2.68	72
hadschi	2.68	72
ersatzbank	2.68	72
mishima	2.68	72
bagatelle	2.68	72
herzkrank	2.68	72
setauket	2.68	72
chou-heung	2.68	72
erkennbaren	2.68	72
aalglatt	2.68	72
modesto	2.67	71
hiya	2.67	71
gesundheitlichen	2.67	71
ronnies	2.67	71
heizer	2.67	71
mcclaren	2.67	71
provo	2.67	71
ungezogene	2.67	71
lombardi	2.67	71
vierfache	2.67	71
kanaan	2.67	71
carney	2.67	71
auskenne	2.67	71
meridian	2.67	71
chao-li	2.67	71
herzloser	2.67	71
geringes	2.67	71
wesir	2.67	71
vorauszusehen	2.67	71
lebensmittelgeschäft	2.67	71
plunkett	2.67	71
umkommt	2.67	71
verklickern	2.67	71
verglüht	2.67	71
gehorchte	2.67	71
ranjit	2.67	71
mclean	2.67	71
research	2.67	71
notier	2.67	71
backgammon	2.67	71
glashaus	2.67	71
hochlegen	2.67	71
wortlos	2.67	71
usc	2.67	71
verzogene	2.67	71
linebacker	2.67	71
filmstudio	2.67	71
lungenflügel	2.67	71
aufmacher	2.67	71
zentrales	2.67	71
plünderten	2.67	71
nose	2.67	71
styropor	2.67	71
autumn	2.67	71
überschüssige	2.67	71
abgeknöpft	2.67	71
fettige	2.67	71
höret	2.67	71
zeugung	2.67	71
siegreichen	2.67	71
wehwehchen	2.67	71
banale	2.67	71
windows	2.67	71
crump	2.67	71
shara	2.67	71
steckengeblieben	2.67	71
inhaliert	2.67	71
schauspielschule	2.67	71
undurchdringlich	2.67	71
raheem	2.67	71
kiyomaru	2.67	71
bewährungshelferin	2.67	71
ausgewachsenen	2.67	71
strip-club	2.67	71
geschwindelt	2.67	71
mofa	2.67	71
beschimpfte	2.67	71
stallone	2.67	71
verschreibt	2.67	71
reservisten	2.67	71
tob	2.67	71
bedauerliche	2.67	71
vergewaltigten	2.67	71
bower	2.67	71
tug	2.67	71
rustikal	2.67	71
s02e02	2.67	71
ferrante	2.67	71
klerus	2.67	71
alleingelassen	2.67	71
pero	2.67	71
cronus	2.67	71
elfie	2.67	71
verbesserten	2.67	71
geschlossenes	2.67	71
abenteuerlustig	2.67	71
buckaroo	2.67	71
kuroda	2.67	71
handfeuerwaffen	2.67	71
fahrstunde	2.67	71
hongsawadi	2.67	71
onkologen	2.67	71
naresuan	2.67	71
geschärft	2.67	71
geheizt	2.67	71
mizushima	2.67	71
überlagert	2.67	71
rhinozeros	2.67	71
kernkraftwerk	2.67	71
weiterreichen	2.67	71
ausraubt	2.67	71
geschont	2.67	71
fischsuppe	2.67	71
prepaid-handy	2.67	71
huntzberger	2.67	71
aufgreifen	2.67	71
wochenschau	2.67	71
bedurfte	2.67	71
erweckung	2.67	71
tarantel	2.67	71
charismatisch	2.67	71
rauchzeichen	2.67	71
skyline	2.67	71
sandi	2.67	71
koennte	2.67	71
beocca	2.67	71
clamp	2.67	71
pfaden	2.67	71
forschern	2.67	71
soir	2.67	71
hoer	2.67	71
alljährlichen	2.67	71
analphabet	2.67	71
derb	2.67	71
tageszeitung	2.67	71
lehman	2.67	71
geiz	2.67	71
pignon	2.67	71
käfern	2.67	71
hemlock	2.67	71
rud	2.67	71
niederlanden	2.67	71
ideales	2.67	71
rebhuhn	2.67	71
dankend	2.67	71
bedauerlicher	2.67	71
trends	2.67	71
vorbeilaufen	2.67	71
rückständig	2.67	71
easton	2.67	71
napf	2.67	71
nerviger	2.67	71
staus	2.67	71
drift	2.67	71
abgrunds	2.67	71
kevlar	2.67	71
gehütet	2.67	71
zugestanden	2.67	71
zugehörigkeit	2.67	71
coffin	2.67	71
vorübergehender	2.67	71
déjà	2.67	71
schulbücher	2.67	71
winkle	2.67	71
slaughter	2.67	71
jett	2.67	71
urlaubs	2.67	71
mcallister	2.67	71
portraits	2.67	71
harolds	2.67	71
michse	2.67	71
santi	2.67	71
mojitos	2.67	71
av	2.67	71
duh	2.67	71
ece	2.67	71
iger	2.67	71
lübeck	2.67	71
kôichi	2.67	71
triumphe	2.67	71
grabkammer	2.67	71
xian	2.67	71
alvo	2.67	71
heldenhafter	2.67	71
attraktivste	2.67	71
abzocke	2.67	71
verfeindet	2.67	71
weißglut	2.67	71
endergebnis	2.67	71
westham	2.67	71
rottenmeier	2.67	71
duroc	2.67	71
piggott	2.67	71
kommerziell	2.67	71
nobles	2.67	71
engeren	2.67	71
westwood	2.67	71
geschützte	2.67	71
gerrard	2.67	71
militärgefängnis	2.67	71
fabienne	2.67	71
kampfgeschrei	2.67	71
zitterten	2.67	71
arbeitserlaubnis	2.67	71
mondoberfläche	2.67	71
täusch	2.67	71
gewichen	2.67	71
mixe	2.67	71
sogge377	2.67	71
babel	2.67	71
händel	2.67	71
schärft	2.67	71
toy	2.67	71
rottmann	2.67	71
tekin	2.67	71
anwaltschaft	2.67	71
rezitieren	2.67	71
hilfloses	2.67	71
entwürdigend	2.67	71
discomusik	2.67	71
iwf	2.67	71
bewußtsein	2.67	71
kerrigan	2.67	71
befehlshabender	2.67	71
gebärdensprache	2.67	71
angelst	2.67	71
fruchtsaft	2.67	71
stotternd	2.67	71
traubensaft	2.67	71
zersetzen	2.67	71
kraulen	2.67	71
auszubreiten	2.67	71
toots	2.67	71
delancey	2.67	71
unsichtbarkeit	2.67	71
gilson	2.67	71
looping	2.67	71
kommentaren	2.67	71
optischen	2.67	71
wiederkriegen	2.67	71
kochend	2.67	71
zugekommen	2.67	71
forscherin	2.67	71
eierpunsch	2.67	71
unvorhergesehene	2.67	71
serienmörders	2.67	71
hirne	2.67	71
schockwelle	2.67	71
rumknutschen	2.67	71
nutzer	2.67	71
schimpfte	2.67	71
haustieren	2.67	71
platzierten	2.67	71
og	2.67	71
zerkratzen	2.67	71
notlüge	2.67	71
tätlicher	2.67	71
schmolz	2.67	71
firewalls	2.67	71
wax	2.67	71
schoker	2.67	71
heilmann	2.67	71
aldridge	2.67	71
nebensache	2.67	71
schulsystem	2.67	71
chaotische	2.67	71
erkundigte	2.67	71
okja	2.67	71
kurbeln	2.67	71
lani	2.67	71
frampton	2.67	71
nordirland	2.67	71
wolfsrudel	2.67	71
nui	2.67	71
ghosts	2.67	71
beteuert	2.67	71
zurückschrecken	2.67	71
flanell	2.67	71
würdelos	2.67	71
mitverschwörer	2.67	71
schächte	2.67	71
vibe	2.67	71
maike	2.67	71
aufgedunsen	2.67	71
rike	2.67	71
schuljahres	2.67	71
sota	2.67	71
gefechte	2.67	71
sturzbesoffen	2.67	71
fluren	2.67	71
äxte	2.67	71
bescherte	2.67	71
bühnenbild	2.67	71
mietshaus	2.67	71
entgleisen	2.67	71
neutron	2.67	71
deane	2.67	71
raffst	2.67	71
anführungszeichen	2.67	71
dwyer	2.67	71
leicester	2.67	71
heimischen	2.67	71
verwanzen	2.67	71
uneingeschränkt	2.67	71
cave	2.67	71
einsiehst	2.67	71
hauptenergie	2.67	71
chalet	2.67	71
ausbau	2.67	71
unerwünschten	2.67	71
abkriegt	2.67	71
einschnitte	2.67	71
einarmigen	2.67	71
silla	2.67	71
t.s.	2.67	71
fehlgeburten	2.67	71
widow	2.67	71
jota	2.67	71
lausebengel	2.67	71
benzinkanister	2.67	71
unwissenden	2.67	71
unreinen	2.67	71
gerippe	2.67	71
mütterlichen	2.67	71
nutzbar	2.67	71
solarium	2.67	71
scholl	2.67	71
anschaute	2.67	71
aymes	2.67	71
led	2.67	71
aufzuschlagen	2.67	71
betrachter	2.67	71
tyrannisieren	2.67	71
vesuv	2.67	71
mayumi	2.67	71
aufzulegen	2.67	71
sammys	2.67	71
wettete	2.67	71
steeles	2.67	71
katjuscha	2.67	71
hamza	2.67	71
tröstete	2.67	71
chaucer	2.67	71
jahrzehnts	2.67	71
spinning	2.67	71
blacklist	2.67	71
koenig	2.67	71
unermessliche	2.67	71
nanaka	2.67	71
yalcin	2.67	71
buren	2.67	71
werbebranche	2.67	71
messung	2.67	71
cirque	2.67	71
saad	2.67	71
nebels	2.67	71
errechnet	2.67	71
duschst	2.67	71
casaubon	2.67	71
endsieg	2.67	71
rausschmeißt	2.67	71
unterbreitet	2.67	71
turniere	2.67	71
arbeits	2.67	71
geheimtür	2.67	71
schulweg	2.67	71
barhocker	2.67	71
mahlt	2.67	71
felton	2.67	71
einprogrammiert	2.67	71
blackbird	2.67	71
erwählte	2.67	71
fremdkörper	2.67	71
orléans	2.67	71
astronom	2.67	71
aksel	2.67	71
glaubs	2.67	71
zentren	2.67	71
abrechnungen	2.67	71
demi	2.67	71
umzieht	2.67	71
spreu	2.67	71
stace	2.67	71
informatik	2.67	71
statist	2.67	71
verdreschen	2.67	71
perrier	2.67	71
gevatter	2.67	71
blamier	2.67	71
gotho	2.67	71
glockenschläge	2.67	71
huntoon	2.67	71
easter	2.67	71
tremaine	2.67	71
widerwärtige	2.67	71
schabbach	2.67	71
bloßer	2.67	71
geiss	2.67	71
kumbaya	2.67	71
americans	2.67	71
punisher	2.67	71
geringerer	2.67	71
wegener	2.67	71
pferch	2.67	71
folterten	2.67	71
zeitrechnung	2.67	71
samenbank	2.67	71
pennst	2.67	71
saublöd	2.67	71
abgemagert	2.67	71
brentwood	2.67	71
rüschen	2.67	71
sympathisanten	2.67	71
onion	2.67	71
akrobat	2.67	71
vaughan	2.67	71
zugangskarte	2.67	71
mmm-hmm	2.67	71
ersteche	2.67	71
wr	2.67	71
unterernährt	2.67	71
explodierenden	2.67	71
schrottkiste	2.67	71
brillantes	2.67	71
reinhard	2.67	71
halifax	2.67	71
kandinsky	2.67	71
überanstrengt	2.67	71
grrr	2.66	70
explodierende	2.66	70
daya	2.66	70
eintragung	2.66	70
pausieren	2.66	70
knock	2.66	70
slate	2.66	70
essbare	2.66	70
kollektive	2.66	70
benennt	2.66	70
hayworth	2.66	70
aprils	2.66	70
geranien	2.66	70
foon	2.66	70
torben	2.66	70
lieblingsspiel	2.66	70
walfänger	2.66	70
riesenapplaus	2.66	70
waterford	2.66	70
bridgeport	2.66	70
jasna	2.66	70
lyne	2.66	70
hochschicken	2.66	70
härteren	2.66	70
geniestreich	2.66	70
renato	2.66	70
herrmann	2.66	70
einfachem	2.66	70
pflegten	2.66	70
heruntergefallen	2.66	70
gomorra	2.66	70
zugestochen	2.66	70
fürn	2.66	70
asiatischer	2.66	70
salerno	2.66	70
anselmo	2.66	70
vagen	2.66	70
wassja	2.66	70
hinhaut	2.66	70
kosename	2.66	70
zusammenkratzen	2.66	70
niña	2.66	70
datteln	2.66	70
versammelte	2.66	70
panco	2.66	70
zusammenstehen	2.66	70
öre	2.66	70
lebenslinie	2.66	70
blackberry	2.66	70
beispiellos	2.66	70
mhmm	2.66	70
gemeingefährlich	2.66	70
brings	2.66	70
finnisch	2.66	70
daumenabdruck	2.66	70
sou	2.66	70
lahey	2.66	70
matze	2.66	70
josephs	2.66	70
nonna	2.66	70
terroristischer	2.66	70
brandenburg	2.66	70
rubbeln	2.66	70
intergalaktischen	2.66	70
knarzen	2.66	70
lonny	2.66	70
höllischer	2.66	70
pistazie	2.66	70
brandopfer	2.66	70
giftiges	2.66	70
garstig	2.66	70
corcoran	2.66	70
verbeult	2.66	70
wärmstens	2.66	70
seltenheit	2.66	70
verknüpfen	2.66	70
angeschrieben	2.66	70
rannveig	2.66	70
maile	2.66	70
stonehaven	2.66	70
doucet	2.66	70
qualifizierten	2.66	70
spaghettifresser	2.66	70
countys	2.66	70
übergossen	2.66	70
delegieren	2.66	70
verängstigten	2.66	70
unterhaltsamer	2.66	70
champs	2.66	70
vermeintlich	2.66	70
homers	2.66	70
zeki	2.66	70
überflieger	2.66	70
aufwühlen	2.66	70
schneite	2.66	70
billigsten	2.66	70
beidrehen	2.66	70
überreizt	2.66	70
nostra	2.66	70
gewürfelt	2.66	70
gewitzt	2.66	70
landsleuten	2.66	70
appartment	2.66	70
wunders	2.66	70
isla	2.66	70
gouverneure	2.66	70
humorvoll	2.66	70
nymphe	2.66	70
glückes	2.66	70
coran	2.66	70
abydos	2.66	70
luftgewehr	2.66	70
eisern	2.66	70
hypothesen	2.66	70
freisetzung	2.66	70
reagenzglas	2.66	70
grausig	2.66	70
motoröl	2.66	70
rosmarie	2.66	70
venna	2.66	70
druckerpresse	2.66	70
koppeln	2.66	70
herausfordernd	2.66	70
schulprojekt	2.66	70
siebeneinhalb	2.66	70
vermindert	2.66	70
klemmte	2.66	70
kurierdienst	2.66	70
geweihten	2.66	70
rimini	2.66	70
greise	2.66	70
file	2.66	70
geplatzte	2.66	70
intubation	2.66	70
kurzzeitgedächtnis	2.66	70
spedition	2.66	70
schlafprobleme	2.66	70
crewes	2.66	70
hehlerei	2.66	70
zugeschaltet	2.66	70
kontaktierten	2.66	70
schrotflinten	2.66	70
roffe	2.66	70
überweist	2.66	70
hella	2.66	70
wertschätzen	2.66	70
u.n.	2.66	70
koksen	2.66	70
samthandschuhen	2.66	70
colony	2.66	70
ambitioniert	2.66	70
getuschel	2.66	70
anas	2.66	70
weinstock	2.66	70
haji	2.66	70
gesundem	2.66	70
maggi	2.66	70
verwöhnten	2.66	70
gebieterin	2.66	70
weggewischt	2.66	70
unzivilisiert	2.66	70
toxikologische	2.66	70
bodhi	2.66	70
ostwärts	2.66	70
stagg	2.66	70
heywood	2.66	70
widerwärtigen	2.66	70
mally	2.66	70
unverblümt	2.66	70
linderung	2.66	70
maskierter	2.66	70
schielen	2.66	70
meck	2.66	70
zander	2.66	70
einsetze	2.66	70
riesenärger	2.66	70
massakers	2.66	70
nebenhöhlen	2.66	70
aufschlug	2.66	70
rührselig	2.66	70
milliardäre	2.66	70
muto	2.66	70
pk	2.66	70
maigret	2.66	70
trotwood	2.66	70
adjektive	2.66	70
sprengkraft	2.66	70
anlasten	2.66	70
gespenstisch	2.66	70
yangs	2.66	70
verunglückte	2.66	70
automatisches	2.66	70
jagdgründe	2.66	70
popstar	2.66	70
exkremente	2.66	70
sombrero	2.66	70
kognitiven	2.66	70
takata	2.66	70
prachtvollen	2.66	70
störche	2.66	70
landgut	2.66	70
britischem	2.66	70
bowler	2.66	70
kaffeetrinken	2.66	70
pferdestärken	2.66	70
patzer	2.66	70
viggo	2.66	70
abkürzen	2.66	70
savior	2.66	70
mandel	2.66	70
auswärtigen	2.66	70
sandberg	2.66	70
merzien	2.66	70
vierteilen	2.66	70
med-lab	2.66	70
fangzähne	2.66	70
marcelle	2.66	70
review	2.66	70
einleben	2.66	70
señoritas	2.66	70
janssen	2.66	70
cesares	2.66	70
heuschrecke	2.66	70
beckys	2.66	70
djinn-djinn	2.66	70
freitagmorgen	2.66	70
dortmund	2.66	70
angebettelt	2.66	70
kleiderbügel	2.66	70
narzissen	2.66	70
to-do-liste	2.66	70
mickrig	2.66	70
digitales	2.66	70
nächstgelegenen	2.66	70
toffee	2.66	70
hinstecken	2.66	70
einsamste	2.66	70
ljuda	2.66	70
gaffen	2.66	70
wischst	2.66	70
mortem	2.66	70
unwichtiges	2.66	70
finder	2.66	70
kapuzen	2.66	70
kriegsbemalung	2.66	70
frühschicht	2.66	70
caddie	2.66	70
ärmelkanal	2.66	70
pasha	2.66	70
bozo	2.66	70
deppert	2.66	70
hinwillst	2.66	70
lächel	2.66	70
pina	2.66	70
pips	2.66	70
pjotr	2.66	70
soleil	2.66	70
caymans	2.66	70
tiramisu	2.66	70
treffsicherheit	2.66	70
rauskamen	2.66	70
botengänge	2.66	70
überschreitest	2.66	70
ausrutschen	2.66	70
boudreau	2.66	70
patentochter	2.66	70
auburn	2.66	70
schüttele	2.66	70
unterhemd	2.66	70
stiehl	2.66	70
hinläufst	2.66	70
shran	2.66	70
hineingeboren	2.66	70
essensmarken	2.66	70
zugeflüstert	2.66	70
karakurt	2.66	70
ha-young	2.66	70
fremdsprachen	2.66	70
kenntnissen	2.66	70
lider	2.66	70
cheerleading	2.66	70
administrator	2.66	70
kotori	2.66	70
absacker	2.66	70
ptolemäus	2.66	70
rushmore	2.66	70
abprallen	2.66	70
fossa	2.66	70
gings	2.66	70
psychiatrisches	2.66	70
bestrebungen	2.66	70
tierhandlung	2.66	70
synthetisch	2.66	70
rekrutierte	2.66	70
tanzabend	2.66	70
wiii	2.66	70
grimoire	2.66	70
vinz	2.66	70
chupacabra	2.66	70
hpd	2.66	70
verkehre	2.66	70
untersuchungsergebnisse	2.66	70
bockig	2.66	70
saftsack	2.66	70
erlogen	2.66	70
intendant	2.66	70
sharkey	2.66	70
erfreue	2.66	70
gebackenen	2.66	70
baklava	2.66	70
gültigen	2.66	70
nachtlager	2.66	70
schwänzchen	2.66	70
schwierigkeitsgrad	2.66	70
eisbahn	2.66	70
bekräftigen	2.66	70
gegenangebot	2.66	70
goober	2.66	70
reinschmuggeln	2.66	70
erlasse	2.66	70
zapfenstreich	2.66	70
fp	2.66	70
sterbehilfe	2.66	70
verzichtete	2.66	70
umgarnen	2.66	70
mess	2.66	70
verschwörungstheorie	2.66	70
chunk	2.66	70
abweichende	2.66	70
tales	2.66	70
grimaldi	2.66	70
pelant	2.66	70
bewegungsfreiheit	2.66	70
durchdrehst	2.66	70
anette	2.66	70
schulfreundin	2.66	70
zurückgeschrieben	2.66	70
bezweckt	2.66	70
ausversehen	2.66	70
investigations	2.66	70
maricruz	2.66	70
ancient	2.66	70
anchorage	2.66	70
ziegelsteine	2.66	70
schamhaar	2.66	70
katies	2.66	70
überraschungseffekt	2.66	70
testergebnis	2.66	70
zufriedene	2.66	70
losgelöst	2.66	70
tonlos	2.66	70
unbestimmt	2.66	70
ausfälle	2.66	70
jindrich	2.66	70
teilnehmern	2.66	70
abging	2.66	70
bezweifel	2.66	70
baldwin-schwestern	2.66	70
chiharu	2.66	70
abzusitzen	2.66	70
verdi	2.66	70
seehund	2.66	70
schwindelgefühl	2.66	70
pokerspieler	2.66	70
schlugst	2.66	70
translations	2.66	70
predator	2.66	70
olav	2.66	70
gleichauf	2.66	70
joo	2.66	70
chc0c0c0	2.66	70
sprengten	2.66	70
abenddämmerung	2.66	70
ohrwurm	2.66	70
peacock	2.66	70
klospülung	2.66	70
überwindung	2.66	70
coughlin	2.66	70
heißluftballon	2.66	70
anhaltender	2.66	70
nachbarhaus	2.66	70
kneipenschlägerei	2.66	70
mutterseelenallein	2.66	70
hisbollah	2.66	70
wittere	2.66	70
suse	2.66	70
unehelichen	2.66	70
meistbietenden	2.66	70
transcript	2.66	69
peder	2.66	69
algernon	2.66	69
rieten	2.66	69
plaudere	2.66	69
gutartig	2.66	69
hilfsenergie	2.66	69
beet	2.66	69
spielsucht	2.66	69
harmonieren	2.66	69
kens	2.66	69
orchard	2.66	69
lieblingsstück	2.66	69
raubzug	2.66	69
systemfehler	2.66	69
ingenieurin	2.66	69
ausgetrieben	2.66	69
buddhisten	2.66	69
raph	2.66	69
seilbahn	2.66	69
unverwüstlich	2.66	69
volksmusik	2.66	69
seeger	2.66	69
teufelszeug	2.66	69
zivilklage	2.66	69
herta	2.66	69
schülers	2.66	69
jiji	2.66	69
stowaway	2.66	69
heimtückische	2.66	69
tribute	2.66	69
basel	2.66	69
weiterging	2.66	69
niedergeschrieben	2.66	69
3-d	2.66	69
färbung	2.66	69
tomie	2.66	69
yamada	2.66	69
urca	2.66	69
zeros	2.66	69
lutsche	2.66	69
schmerzfrei	2.66	69
prep	2.66	69
selbstgefälligkeit	2.66	69
herumfliegen	2.66	69
aufwühlende	2.66	69
yoshie	2.66	69
eingelegte	2.66	69
routineuntersuchung	2.66	69
zustechen	2.66	69
evtl.	2.66	69
kampftechnik	2.66	69
starter	2.66	69
wahrheitsgemäß	2.66	69
cab	2.66	69
wegrennt	2.66	69
geheimsache	2.66	69
baelfire	2.66	69
pico	2.66	69
fatbrat	2.66	69
kriegsveteran	2.66	69
anika	2.66	69
muslimen	2.66	69
roquefort	2.66	69
prozedere	2.66	69
droben	2.66	69
spesenkonto	2.66	69
kubikmeter	2.66	69
herangewachsen	2.66	69
committee	2.66	69
installiere	2.66	69
traumland	2.66	69
verschaffst	2.66	69
eheberater	2.66	69
schmunzelt	2.66	69
herausgenommen	2.66	69
störsender	2.66	69
13-jährige	2.66	69
laude	2.66	69
feldarbeit	2.66	69
saltzman	2.66	69
turbolift	2.66	69
unterlass	2.66	69
renommierten	2.66	69
riton	2.66	69
freddys	2.66	69
urteilsspruch	2.66	69
orangene	2.66	69
kartoffelpuffer	2.66	69
paroli	2.66	69
sicherheitsoffizier	2.66	69
haffner	2.66	69
amtseinführung	2.66	69
haudegen	2.66	69
ausschweifungen	2.66	69
serbischen	2.66	69
felsenfest	2.66	69
eheringe	2.66	69
privatschulen	2.66	69
sandkorn	2.66	69
lev	2.66	69
côte	2.66	69
durchzumachen	2.66	69
auerbach	2.66	69
kisha	2.66	69
wandelnder	2.66	69
einseitige	2.66	69
ereignen	2.66	69
prop	2.66	69
misslichen	2.66	69
radek	2.66	69
stolziert	2.66	69
kontinuität	2.66	69
immobiliengeschäft	2.66	69
eri	2.66	69
leichtathletik	2.66	69
jennifers	2.66	69
untersatz	2.66	69
schleimbeutel	2.66	69
p3	2.66	69
schmerzenslaut	2.66	69
fänge	2.66	69
kayo	2.66	69
mhn	2.66	69
arbeitsvertrag	2.66	69
são	2.66	69
neunen	2.66	69
stolperst	2.66	69
sasas	2.66	69
holdings	2.66	69
jae	2.66	69
parkway	2.66	69
individuums	2.66	69
xan	2.66	69
hennessy	2.66	69
jena	2.66	69
versace	2.66	69
verwahrlost	2.66	69
being	2.66	69
ngaio	2.66	69
klammerte	2.66	69
foyle	2.66	69
supi	2.66	69
ethyl	2.66	69
vs	2.66	69
ticks	2.66	69
veganerin	2.66	69
anzugs	2.66	69
novick	2.66	69
flackern	2.66	69
bettys	2.66	69
synthetisches	2.66	69
ostdeutschland	2.66	69
laugh	2.66	69
akzente	2.66	69
bedeutungslose	2.66	69
schicktest	2.66	69
abschiedsfeier	2.66	69
gefestigt	2.66	69
blacklock	2.66	69
uberhaupt	2.66	69
goldschatz	2.66	69
übersetzungen	2.66	69
sonderkommission	2.66	69
nervensägen	2.66	69
stadtmitte	2.66	69
zurückbrachte	2.66	69
bettlägerig	2.66	69
severus	2.66	69
edelmut	2.66	69
merete	2.66	69
versteckter	2.66	69
nippen	2.66	69
timon	2.66	69
grenouille	2.66	69
littleton	2.66	69
zersetzung	2.66	69
zuck	2.66	69
hochzeitssuite	2.66	69
projektes	2.66	69
fouroux	2.66	69
bookman	2.66	69
röcken	2.66	69
trugbild	2.66	69
lichtet	2.66	69
verunstaltet	2.66	69
menschenmassen	2.66	69
umworben	2.66	69
dazuzugehören	2.66	69
dakara	2.66	69
dragan	2.66	69
melba	2.66	69
auszufragen	2.66	69
unwohlsein	2.66	69
tab	2.66	69
patriotischen	2.66	69
defi	2.66	69
verfeinert	2.66	69
abändern	2.66	69
limette	2.66	69
sightseeing	2.66	69
thraker	2.66	69
naturwissenschaft	2.66	69
spontaneität	2.66	69
culper	2.66	69
rosette	2.66	69
velasco	2.66	69
blackwater	2.66	69
missing	2.66	69
16-jähriger	2.66	69
versinke	2.66	69
vermittelte	2.66	69
rausstellen	2.66	69
naa	2.66	69
drogenkonsum	2.66	69
östlicher	2.66	69
jurassic	2.66	69
flip-flops	2.66	69
zentralkommando	2.66	69
einreisen	2.66	69
ernestine	2.66	69
clegg	2.66	69
panisches	2.66	69
gesprächsstoff	2.66	69
tafelsilber	2.66	69
beekman	2.66	69
gleichgesinnte	2.66	69
fingiert	2.66	69
coolidge	2.66	69
tunis	2.66	69
geldhahn	2.66	69
imperialismus	2.66	69
flik	2.66	69
stilllegen	2.66	69
a.d.	2.66	69
maggio	2.66	69
hickory	2.66	69
gesamtsumme	2.66	69
drogendealern	2.66	69
nagetier	2.66	69
herumtreibt	2.66	69
anlächeln	2.66	69
zerplatzen	2.66	69
gitterstäbe	2.66	69
polizeilich	2.66	69
westley	2.66	69
hound	2.66	69
kopflos	2.66	69
cissie	2.66	69
harriman	2.66	69
hentai	2.66	69
aufbricht	2.66	69
dogge	2.66	69
redselig	2.66	69
fremdling	2.66	69
auseinanderreißen	2.66	69
fußballmannschaft	2.66	69
afraid	2.66	69
luau	2.66	69
aquarius	2.66	69
ruhte	2.66	69
s01e07	2.66	69
shinwell	2.66	69
names	2.66	69
amtliche	2.66	69
sinnbild	2.66	69
leibgarde	2.66	69
hämisches	2.66	69
kash	2.66	69
unbesiegbaren	2.66	69
platzwunde	2.66	69
einsichten	2.66	69
andersons	2.66	69
reiters	2.66	69
hartnäckiger	2.66	69
felt	2.66	69
destabilisiert	2.66	69
gaunt	2.66	69
triebtäter	2.66	69
festgelegten	2.66	69
ermuntern	2.66	69
finlay	2.66	69
feinkostladen	2.66	69
rumläufst	2.66	69
schlangenbiss	2.66	69
estland	2.66	69
erübrigt	2.66	69
errate	2.66	69
molekularstruktur	2.66	69
finsteres	2.66	69
krabs	2.66	69
ätsch	2.66	69
einhandeln	2.66	69
bakterielle	2.66	69
vixen	2.66	69
luftmatratze	2.66	69
aufgesprungen	2.66	69
debakel	2.66	69
mitterrand	2.66	69
billigere	2.66	69
mitbringsel	2.66	69
elementare	2.66	69
begrab	2.66	69
solonius	2.66	69
entzweien	2.66	69
nachste	2.66	69
gezwitschert	2.66	69
lauerte	2.66	69
wicket	2.66	69
verdonnert	2.66	69
vögelte	2.66	69
nachgekommen	2.66	69
zurückließen	2.66	69
iverson	2.66	69
minirock	2.66	69
mixtur	2.66	69
lygia	2.66	69
upload	2.66	69
asuna	2.66	69
leichteren	2.66	69
kaneda	2.66	69
breitseite	2.66	69
clu	2.66	69
loggins	2.66	69
erotischer	2.66	69
besuchsrecht	2.66	69
reiseplan	2.66	69
wildfang	2.66	69
verwicklungen	2.66	69
schützin	2.66	69
trinkerin	2.66	69
potthässlich	2.66	69
ankotzt	2.66	69
daryll	2.66	69
deus	2.66	69
stet	2.66	69
statistische	2.66	69
seton	2.66	69
exklusivinterview	2.66	69
kamine	2.66	69
herhaben	2.66	69
zuschieben	2.66	69
herzkammer	2.66	69
einfacheres	2.66	69
riesengroßer	2.66	69
wegkomme	2.66	69
superbowl	2.66	69
monteur	2.66	69
metin	2.66	69
ambition	2.66	69
lausanne	2.66	69
stromausfälle	2.66	69
leighton	2.66	69
organisator	2.66	69
wiedergänger	2.66	69
zeichentrickfilm	2.66	69
aneignen	2.66	69
gadreel	2.66	69
mieder	2.66	69
yoshimura	2.66	69
astro	2.66	69
strenges	2.66	69
durchgeschüttelt	2.66	69
stilinski	2.66	69
tödlichsten	2.66	69
überrollen	2.66	69
fig	2.66	69
toru	2.66	69
polizeiberichte	2.66	69
dobermann	2.66	69
bündig	2.66	69
handrücken	2.66	69
ökonomische	2.66	69
mensa	2.66	69
süßwasser	2.66	69
abreißt	2.66	69
amaya	2.66	69
doppeldate	2.66	69
abgründe	2.66	69
walkie-talkies	2.66	69
blutfleck	2.66	69
glorreich	2.66	69
margarethe	2.66	69
lammkeule	2.66	69
komparsen	2.66	69
zeitlimit	2.66	69
snowy	2.66	69
brummer	2.66	69
begrapschen	2.66	69
zusammenfinden	2.66	69
hey.	2.66	69
beförderungen	2.66	69
mütterlich	2.66	69
annalen	2.66	69
verscherbeln	2.66	69
banku	2.66	69
abgefahrenen	2.66	69
hookstraten	2.66	69
kopflosen	2.66	69
rauswirft	2.66	69
puzzleteile	2.66	69
geheimnisses	2.66	69
ansätze	2.66	69
doesn	2.66	69
kaffeekränzchen	2.66	69
hüpfe	2.66	69
neiman	2.66	69
ansteckt	2.66	69
verwöhne	2.66	69
sitzungssaal	2.66	69
bestimmtheit	2.66	69
bombenanschläge	2.66	69
rajiv	2.66	69
stockwerken	2.66	69
laube	2.66	69
hoodie	2.66	69
auffordert	2.66	69
vereinbare	2.66	69
eingedämmt	2.66	69
dudelsack	2.66	69
sardine	2.66	69
steigenden	2.66	69
tierschutz	2.66	69
fremdwort	2.66	69
bainbridge	2.66	69
getümmel	2.66	69
freudiger	2.66	69
trying	2.66	69
feuchtigkeitscreme	2.66	69
sonora	2.66	69
colombo	2.66	69
mobiles	2.66	69
garrick	2.66	69
milchpulver	2.66	69
fahrscheine	2.66	69
hippe	2.66	69
hygienisch	2.66	69
koo	2.66	69
unterdrücktes	2.66	69
lastern	2.66	69
g-kräfte	2.66	69
faschistische	2.66	69
unstimmigkeit	2.65	68
gainey	2.65	68
darstellungen	2.65	68
schopf	2.65	68
aussen	2.65	68
leitstelle	2.65	68
bündnisse	2.65	68
strammen	2.65	68
wechselkurs	2.65	68
legionär	2.65	68
alltags	2.65	68
streut	2.65	68
teilzeitjob	2.65	68
geleite	2.65	68
textilien	2.65	68
liliputaner	2.65	68
ogata	2.65	68
leisesten	2.65	68
zurechtfinden	2.65	68
ballaststoffe	2.65	68
hwang	2.65	68
drinstecken	2.65	68
risikos	2.65	68
coupon	2.65	68
maskulin	2.65	68
schimpfe	2.65	68
scorsese	2.65	68
sakamoto	2.65	68
schuldenfrei	2.65	68
kochtopf	2.65	68
nervte	2.65	68
durchgestrichen	2.65	68
sputen	2.65	68
pcs	2.65	68
zinn	2.65	68
schütt	2.65	68
mietfrei	2.65	68
taijun	2.65	68
dienstreise	2.65	68
eskild	2.65	68
verheiratetes	2.65	68
ex-partner	2.65	68
rasierschaum	2.65	68
laborkittel	2.65	68
tatkraft	2.65	68
koller	2.65	68
mh-hm	2.65	68
cihan	2.65	68
bekräftigt	2.65	68
anzuzetteln	2.65	68
cosmopolitan	2.65	68
willigt	2.65	68
duschvorhang	2.65	68
soßen	2.65	68
kopernikus	2.65	68
klopfer	2.65	68
runterschalten	2.65	68
kicks	2.65	68
ghettos	2.65	68
babelfisch	2.65	68
howl	2.65	68
einfädeln	2.65	68
quahog	2.65	68
serenade	2.65	68
ativan	2.65	68
graydal	2.65	68
scheibenkleister	2.65	68
garance	2.65	68
örtlicher	2.65	68
zurückgesetzt	2.65	68
qualmen	2.65	68
grausigen	2.65	68
shiner	2.65	68
isses	2.65	68
absetzt	2.65	68
reinschieben	2.65	68
spokane	2.65	68
drehkörper	2.65	68
übermittle	2.65	68
kamille	2.65	68
selbstsucht	2.65	68
raffaele	2.65	68
vorstandsvorsitzender	2.65	68
ergötzen	2.65	68
tracys	2.65	68
lark	2.65	68
t-rex	2.65	68
uppsala	2.65	68
spezialauftrag	2.65	68
greenwood	2.65	68
ermuntert	2.65	68
carley	2.65	68
noa	2.65	68
peitschenhiebe	2.65	68
blutbahn	2.65	68
reingeholt	2.65	68
perfektem	2.65	68
erfrierungen	2.65	68
betreiber	2.65	68
georgiana	2.65	68
schwesternstation	2.65	68
benannte	2.65	68
erwürgte	2.65	68
quaid	2.65	68
azumi	2.65	68
giften	2.65	68
ausbeuter	2.65	68
mädelsabend	2.65	68
aufpolieren	2.65	68
magenta	2.65	68
chandlers	2.65	68
auszunehmen	2.65	68
izumi	2.65	68
hel	2.65	68
gotti	2.65	68
umgab	2.65	68
vorwort	2.65	68
mikrochips	2.65	68
ijon	2.65	68
gartenschlauch	2.65	68
zweisamkeit	2.65	68
klubhaus	2.65	68
scharlach	2.65	68
schwingung	2.65	68
panem	2.65	68
boo-boo	2.65	68
körperhaltung	2.65	68
anzustecken	2.65	68
knalltüte	2.65	68
sg-3	2.65	68
knauserig	2.65	68
ableiten	2.65	68
durchzubringen	2.65	68
lenkung	2.65	68
radkappen	2.65	68
jogginghose	2.65	68
esthers	2.65	68
vorschlägst	2.65	68
phuong	2.65	68
abstammen	2.65	68
anrede	2.65	68
ratatouille	2.65	68
marschierst	2.65	68
loszugehen	2.65	68
reiterin	2.65	68
segnete	2.65	68
kostümfest	2.65	68
elternteile	2.65	68
großfürstin	2.65	68
zacharias	2.65	68
rituals	2.65	68
ressource	2.65	68
kalinka	2.65	68
abzustatten	2.65	68
kommandoschiff	2.65	68
alright	2.65	68
gorski	2.65	68
abzurechnen	2.65	68
ruhmreiche	2.65	68
hochkriegen	2.65	68
miyamoto	2.65	68
strickt	2.65	68
wimmelte	2.65	68
menschenmengen	2.65	68
heterosexuelle	2.65	68
ladehemmung	2.65	68
watty	2.65	68
hinzubringen	2.65	68
ruskin	2.65	68
ico	2.65	68
tappe	2.65	68
lasern	2.65	68
gerätschaften	2.65	68
moto	2.65	68
missgeburten	2.65	68
aux	2.65	68
regierungsbeamte	2.65	68
erlösers	2.65	68
college-abschluss	2.65	68
korty	2.65	68
capo	2.65	68
abmelden	2.65	68
ferkelchen	2.65	68
jagdmesser	2.65	68
jesper	2.65	68
less	2.65	68
calico	2.65	68
ansässigen	2.65	68
helenas	2.65	68
viehtreiber	2.65	68
haggis	2.65	68
verschissener	2.65	68
unfähigen	2.65	68
technikern	2.65	68
mitspielst	2.65	68
ausstoßen	2.65	68
hungry	2.65	68
uneinig	2.65	68
durchstoßen	2.65	68
knoxville	2.65	68
giulietta	2.65	68
ikes	2.65	68
ingenieuren	2.65	68
privatsekretär	2.65	68
zuleika	2.65	68
croix	2.65	68
pakistani	2.65	68
hasenfuß	2.65	68
baroness	2.65	68
hansel	2.65	68
sanae	2.65	68
einflößen	2.65	68
schleimiger	2.65	68
etui	2.65	68
superidee	2.65	68
bohrte	2.65	68
schmerzenslaute	2.65	68
saugst	2.65	68
willies	2.65	68
luxushotel	2.65	68
designt	2.65	68
synergie	2.65	68
schwarzwald	2.65	68
energieverlust	2.65	68
mitbewerber	2.65	68
unablässig	2.65	68
raumfahrer	2.65	68
achteinhalb	2.65	68
krampfanfälle	2.65	68
leistenbruch	2.65	68
he-man	2.65	68
kontrollturm	2.65	68
tanzwettbewerb	2.65	68
vine	2.65	68
dürrer	2.65	68
fatzke	2.65	68
drohend	2.65	68
abgefuckten	2.65	68
bewährungsausschuss	2.65	68
djaq	2.65	68
derzeitiger	2.65	68
gewalttätiges	2.65	68
verstärkten	2.65	68
turniers	2.65	68
magnusson	2.65	68
spöttelt	2.65	68
allianzen	2.65	68
marga	2.65	68
geseh	2.65	68
gemeindemitglieder	2.65	68
tucci	2.65	68
herunterfahren	2.65	68
bax	2.65	68
auszumerzen	2.65	68
wischte	2.65	68
schraub	2.65	68
klischeehaft	2.65	68
drogenkartell	2.65	68
stoppst	2.65	68
kfc	2.65	68
operator	2.65	68
pon	2.65	68
buchclub	2.65	68
lay	2.65	68
polonius	2.65	68
eldorado	2.65	68
bissel	2.65	68
tüchern	2.65	68
sedgwick	2.65	68
grandiosen	2.65	68
sicherheitsleuten	2.65	68
ängstlichen	2.65	68
cleverste	2.65	68
rohling	2.65	68
ignorierten	2.65	68
großkhan	2.65	68
staatskasse	2.65	68
savastano	2.65	68
sicherte	2.65	68
riesenhaufen	2.65	68
blechdose	2.65	68
lügende	2.65	68
antilope	2.65	68
schwirr	2.65	68
quatsche	2.65	68
pullman	2.65	68
goldfarb	2.65	68
pah-geister	2.65	68
ergattert	2.65	68
geburtshilfe	2.65	68
grässlicher	2.65	68
genannter	2.65	68
meinhard	2.65	68
kackwurst	2.65	68
unbewusste	2.65	68
obszönen	2.65	68
optimieren	2.65	68
saba	2.65	68
atherton	2.65	68
strümpfen	2.65	68
specialist	2.65	68
unterstellungen	2.65	68
schummler	2.65	68
loris	2.65	68
gleichaltrigen	2.65	68
bauerntrampel	2.65	68
netzwerken	2.65	68
gürtelschnalle	2.65	68
beschieden	2.65	68
bravo-rufe	2.65	68
zetrov	2.65	68
waldi	2.65	68
nachtschwester	2.65	68
simona	2.65	68
verabredest	2.65	68
therapeutisch	2.65	68
atreju	2.65	68
gewordene	2.65	68
vierbeiner	2.65	68
unmenschen	2.65	68
mastani	2.65	68
schweigegelübde	2.65	68
raiko	2.65	68
sozialist	2.65	68
willkommensparty	2.65	68
mitspiele	2.65	68
hufgetrappel	2.65	68
rabauken	2.65	68
coogan	2.65	68
vollstopfen	2.65	68
chianti	2.65	68
rettungsversuch	2.65	68
consuelo	2.65	68
lieblingssong	2.65	68
überschritt	2.65	68
überquerten	2.65	68
verneige	2.65	68
tobbi	2.65	68
rumzualbern	2.65	68
kinderstation	2.65	68
gewähr	2.65	68
letztere	2.65	68
schäbiges	2.65	68
warnst	2.65	68
gef	2.65	68
offenhalten	2.65	68
reinspringen	2.65	68
lechero	2.65	68
meeker	2.65	68
sanborn	2.65	68
gärtnerei	2.65	68
hinreichenden	2.65	68
wiederkehrt	2.65	68
schafspelz	2.65	68
vizedirektor	2.65	68
einkreisen	2.65	68
testeten	2.65	68
gottfried	2.65	68
lehrbücher	2.65	68
mahmud	2.65	68
mauritz	2.65	68
kennys	2.65	68
eingießen	2.65	68
überarbeitete	2.65	68
betriebsrat	2.65	68
mercado	2.65	68
endrunde	2.65	68
fimpen	2.65	68
schäumt	2.65	68
kniebeugen	2.65	68
arbeitskollege	2.65	68
anzuheben	2.65	68
dacier	2.65	68
britannier	2.65	68
parieren	2.65	68
eggsy	2.65	68
freundschaftlichen	2.65	68
seeungeheuer	2.65	68
costanza	2.65	68
lilian	2.65	68
konstruktive	2.65	68
trainingsprogramm	2.65	68
rummacht	2.65	68
aufwachten	2.65	68
wäscheleine	2.65	68
quake	2.65	68
lohan	2.65	68
purpur	2.65	68
joelle	2.65	68
emerenc	2.65	68
roggenbrot	2.65	68
leguan	2.65	68
managers	2.65	68
fifty	2.65	68
europol	2.65	68
jungbrunnen	2.65	68
verriegelung	2.65	68
quintessenz	2.65	68
versauten	2.65	68
pailletten	2.65	68
auskratzen	2.65	68
tauschhandel	2.65	68
collie	2.65	68
sitka	2.65	68
enteignet	2.65	68
stephanies	2.65	68
lauscher	2.65	68
pasa	2.65	68
kabarett	2.65	68
milchshakes	2.65	68
natrium	2.65	68
intervenieren	2.65	68
putin	2.65	68
100-prozentig	2.65	68
weiberheld	2.65	68
geschehnissen	2.65	68
wiedererkennt	2.65	68
werdenden	2.65	68
umziehe	2.65	68
lebensbedrohlich	2.65	68
mauerblümchen	2.65	68
elektrizitätswerk	2.65	68
promoviert	2.65	68
horik	2.65	68
reduziere	2.65	68
internes	2.65	68
nüchterne	2.65	68
aufgespart	2.65	68
versäumte	2.65	68
luli	2.65	68
hyun-seo	2.65	68
diplome	2.65	68
sportteil	2.65	68
amidala	2.65	68
toshi	2.65	68
rückschritt	2.65	68
gestreifte	2.65	68
chiara	2.65	68
rasende	2.65	68
maeve	2.65	68
schlaflos	2.65	68
berglöwen	2.65	68
allenfalls	2.65	68
putzmittel	2.65	67
neff	2.65	67
stelzen	2.65	67
kentern	2.65	67
lädiert	2.65	67
schreckensherrschaft	2.65	67
waghalsig	2.65	67
gebrechlich	2.65	67
hinlegt	2.65	67
ungeschützten	2.65	67
anfänglichen	2.65	67
amarillo	2.65	67
schwulenbar	2.65	67
uliamos	2.65	67
18-jährigen	2.65	67
geburtsurkunden	2.65	67
sexsüchtig	2.65	67
abklatschen	2.65	67
lebenserhaltungssysteme	2.65	67
speaker	2.65	67
müsliriegel	2.65	67
luftschächte	2.65	67
kampieren	2.65	67
verschönert	2.65	67
zins	2.65	67
segelst	2.65	67
verspätete	2.65	67
traualtar	2.65	67
sklaventreiber	2.65	67
genehmigten	2.65	67
orients	2.65	67
rosenthal	2.65	67
hus	2.65	67
spielzüge	2.65	67
empfangshalle	2.65	67
vonstatten	2.65	67
quack	2.65	67
taki	2.65	67
vollmachten	2.65	67
unkenntlichkeit	2.65	67
ersäufen	2.65	67
zeng	2.65	67
überschwänglich	2.65	67
jills	2.65	67
mikado	2.65	67
vanessas	2.65	67
imitationen	2.65	67
malory	2.65	67
muskelkater	2.65	67
boost	2.65	67
irin	2.65	67
vervollständigt	2.65	67
geölter	2.65	67
autopiloten	2.65	67
gouda	2.65	67
unterschieben	2.65	67
beknackte	2.65	67
leihwagen	2.65	67
bestrafte	2.65	67
alarmsirene	2.65	67
schmälern	2.65	67
rafiel	2.65	67
ferngesteuerte	2.65	67
brandneuer	2.65	67
bundeskanzler	2.65	67
aufzuzeigen	2.65	67
spikes	2.65	67
sms-ton	2.65	67
crabtree	2.65	67
nachgeprüft	2.65	67
toxisch	2.65	67
küchenboden	2.65	67
umnieten	2.65	67
traci	2.65	67
slogans	2.65	67
spreizt	2.65	67
blättert	2.65	67
elendig	2.65	67
straferlass	2.65	67
unterstehe	2.65	67
shores	2.65	67
rubrik	2.65	67
sloanes	2.65	67
ebenezer	2.65	67
maiwald	2.65	67
latten	2.65	67
weideland	2.65	67
kultivieren	2.65	67
durchtrieben	2.65	67
wet	2.65	67
bestach	2.65	67
wegschießen	2.65	67
hauie	2.65	67
abschaltet	2.65	67
céline	2.65	67
denni331	2.65	67
widern	2.65	67
großrechner	2.65	67
seidel	2.65	67
stückes	2.65	67
machado	2.65	67
nachzulaufen	2.65	67
dunkelhaarig	2.65	67
kokons	2.65	67
wahlkampagne	2.65	67
lagerhäuser	2.65	67
unbewohnbar	2.65	67
püree	2.65	67
sakristei	2.65	67
clock	2.65	67
verkaufs	2.65	67
atomen	2.65	67
grappa	2.65	67
eigenheiten	2.65	67
übersah	2.65	67
schmetterlingen	2.65	67
exekutionskommando	2.65	67
holster	2.65	67
duster	2.65	67
amado	2.65	67
schmachten	2.65	67
nicklas	2.65	67
laurens	2.65	67
worldwide	2.65	67
spross	2.65	67
sonderbarer	2.65	67
hamm	2.65	67
eragon	2.65	67
zugeschnitten	2.65	67
freundschaftsbesuch	2.65	67
abzustreiten	2.65	67
feststeckt	2.65	67
arianna	2.65	67
dekans	2.65	67
aktivposten	2.65	67
bodenproben	2.65	67
böschung	2.65	67
zulieferer	2.65	67
herrschende	2.65	67
zurechtgekommen	2.65	67
fernzusehen	2.65	67
wabash	2.65	67
überblicken	2.65	67
darkhold	2.65	67
bettwanzen	2.65	67
einnahmequelle	2.65	67
toes	2.65	67
rechtschaffenen	2.65	67
kifft	2.65	67
meechum	2.65	67
einflussreicher	2.65	67
archimedes	2.65	67
hirnloser	2.65	67
gnu	2.65	67
gehirnblutung	2.65	67
aktienkurs	2.65	67
dubios	2.65	67
slattery	2.65	67
karpov	2.65	67
tanzbein	2.65	67
richtigem	2.65	67
s11	2.65	67
amp	2.65	67
mortadella	2.65	67
pfandleihe	2.65	67
win-win	2.65	67
zurückkäme	2.65	67
schlachtruf	2.65	67
beitrat	2.65	67
relevante	2.65	67
brodeln	2.65	67
gibsons	2.65	67
rinnstein	2.65	67
zentrifuge	2.65	67
einzufügen	2.65	67
bewohnten	2.65	67
serpico	2.65	67
ungefragt	2.65	67
turnschuhen	2.65	67
karlsson	2.65	67
neuguinea	2.65	67
bluts	2.65	67
landmann	2.65	67
lipton	2.65	67
nacktem	2.65	67
zurücklaufen	2.65	67
ungenügend	2.65	67
aussätzigen	2.65	67
klientel	2.65	67
abbinden	2.65	67
grayza	2.65	67
zusammenfällt	2.65	67
unerlaubter	2.65	67
tragweite	2.65	67
beschlagnahmung	2.65	67
produktiver	2.65	67
kollaborateur	2.65	67
drogenschmuggel	2.65	67
kohlensäure	2.65	67
jahresgehalt	2.65	67
us-militär	2.65	67
susy	2.65	67
brophy	2.65	67
friedenskorps	2.65	67
bamm	2.65	67
diplomatischer	2.65	67
fie	2.65	67
melly	2.65	67
rebirth	2.65	67
schmeichelst	2.65	67
vernebeln	2.65	67
rausspringt	2.65	67
near	2.65	67
herzuholen	2.65	67
schlüpfte	2.65	67
arcchancellor	2.65	67
mannix	2.65	67
speicherkarte	2.65	67
siezen	2.65	67
cheerio	2.65	67
hhm	2.65	67
grundsätzen	2.65	67
turing	2.65	67
idyllisch	2.65	67
suliban	2.65	67
birma	2.65	67
schrillen	2.65	67
schlagmal	2.65	67
blütenblätter	2.65	67
böcke	2.65	67
zurückfordern	2.65	67
vertreibst	2.65	67
entrüstet	2.65	67
edelsten	2.65	67
unkonventionelle	2.65	67
amandine	2.65	67
jenige	2.65	67
vertikal	2.65	67
belästigte	2.65	67
hyperion	2.65	67
dageblieben	2.65	67
gelobten	2.65	67
bewährungsanhörung	2.65	67
eingreiftruppe	2.65	67
taschendiebe	2.65	67
reviers	2.65	67
dankbaren	2.65	67
plantagen	2.65	67
jjü	2.65	67
cia-agent	2.65	67
geschleust	2.65	67
lebensgrundlage	2.65	67
brünetten	2.65	67
handwerklich	2.65	67
offenbare	2.65	67
dolittle	2.65	67
piranha	2.65	67
rumerzählt	2.65	67
heimen	2.65	67
strampeln	2.65	67
maiglöckchen	2.65	67
robinsons	2.65	67
calabria	2.65	67
skyes	2.65	67
umlegst	2.65	67
aladdin	2.65	67
knackte	2.65	67
pflücke	2.65	67
abschiebung	2.65	67
kennung	2.65	67
iago	2.65	67
montenegro	2.65	67
stibitzt	2.65	67
vorratsraum	2.65	67
verschieb	2.65	67
machthaber	2.65	67
nettigkeiten	2.65	67
diebes	2.65	67
schraubstock	2.65	67
umgehungsstraße	2.65	67
zornige	2.65	67
brainstorming	2.65	67
amamiya	2.65	67
wellensittich	2.65	67
elche	2.65	67
tael	2.65	67
youssef	2.65	67
zerrissene	2.65	67
luschen	2.65	67
geo	2.65	67
liebeslieder	2.65	67
niederzulegen	2.65	67
widerstandsfähig	2.65	67
partout	2.65	67
unkooperativ	2.65	67
umgerannt	2.65	67
duelle	2.65	67
diddy	2.65	67
pässen	2.65	67
parcours	2.65	67
aufgekommen	2.65	67
staatsoberhaupt	2.65	67
immobilienmaklerin	2.65	67
fransen	2.65	67
segment	2.65	67
takayama	2.65	67
schleudertrauma	2.65	67
j.c.	2.65	67
sozialarbeit	2.65	67
anwendungen	2.65	67
sodawasser	2.65	67
nachwachsen	2.65	67
abhielt	2.65	67
française	2.65	67
mürrische	2.65	67
schmutzwäsche	2.65	67
erhebung	2.65	67
verschollene	2.65	67
hausierer	2.65	67
sherri	2.65	67
anbietest	2.65	67
omnis	2.65	67
reagans	2.65	67
satzes	2.65	67
taue	2.65	67
durchgebraten	2.65	67
sozialleben	2.65	67
geschäftsplan	2.65	67
weltraumstation	2.65	67
x-men	2.65	67
riesengroßes	2.65	67
ascanio	2.65	67
robi	2.65	67
attackierte	2.65	67
schweins	2.65	67
crispin	2.65	67
langstreckensensoren	2.65	67
beunruhigte	2.65	67
lustvoll	2.65	67
schreibmaschinen	2.65	67
schuldner	2.65	67
lyra	2.65	67
bachman	2.65	67
seezunge	2.65	67
mitschuld	2.65	67
dijon	2.65	67
wunschtraum	2.65	67
davongetragen	2.65	67
nuri	2.65	67
geblitzt	2.65	67
unbedeutendes	2.65	67
alvy	2.65	67
njet	2.65	67
unklarheiten	2.65	67
kreationen	2.65	67
britin	2.65	67
zuzumachen	2.65	67
salben	2.65	67
brandbeschleuniger	2.65	67
loszukommen	2.65	67
sause	2.65	67
unausgeglichen	2.65	67
shakes	2.65	67
ahead	2.65	67
pädagogik	2.65	67
schlagermusik	2.65	67
rosarote	2.65	67
schulfreunde	2.65	67
errötet	2.65	67
obskuren	2.65	67
zuhälterei	2.65	67
serbische	2.65	67
rosine	2.65	67
suat	2.65	67
chirurgischer	2.65	67
nachgiebig	2.65	67
zorniger	2.65	67
zweifele	2.65	67
zurückpfeifen	2.65	67
waten	2.65	67
gorgo	2.65	67
einnahm	2.65	67
glückssache	2.65	67
adamsapfel	2.65	67
alchemy	2.65	67
südwärts	2.65	67
staatsgeheimnis	2.65	67
unterjubeln	2.65	67
freibekommen	2.65	67
bauernmarkt	2.65	67
ländliche	2.65	67
bedeutsames	2.65	67
bedeutsame	2.65	67
geburtshelfer	2.65	67
playing	2.65	67
gutherzig	2.65	67
tiefgang	2.65	67
gehsteig	2.65	67
heimgefahren	2.65	67
seriöses	2.65	67
mub	2.65	67
buffys	2.65	67
weltbild	2.65	67
farblos	2.65	67
gwynne	2.65	67
rasche	2.65	67
gestreiften	2.65	67
wegzulocken	2.65	67
quälgeist	2.65	67
exhumierung	2.65	67
beweises	2.65	67
rothaariger	2.65	67
schleimigen	2.65	67
erstaunlichste	2.65	67
auskennst	2.65	67
hauptperson	2.65	67
zurückgereist	2.65	67
hetzte	2.65	67
verstauchung	2.65	67
eifriger	2.65	67
zusammennehmen	2.65	67
neuville	2.65	67
warscheinlich	2.65	67
starlight	2.65	67
biegung	2.65	67
sadik	2.65	67
austrittswunde	2.65	67
dwarves	2.65	67
egoisten	2.65	67
entbinde	2.65	67
nonnatus-haus	2.65	67
geziemt	2.65	67
dazugeben	2.65	67
cas	2.65	67
vorangetrieben	2.65	67
dabehalten	2.65	67
wildeste	2.65	67
kompensiert	2.65	67
schuljungen	2.65	67
catrina	2.65	67
riskantes	2.65	67
vermeintliche	2.64	66
allerwertesten	2.64	66
gekreische	2.64	66
abschneide	2.64	66
greenville	2.64	66
bride	2.64	66
buttermilch	2.64	66
zerspringen	2.64	66
afrikanisch	2.64	66
fluggäste	2.64	66
skorbut	2.64	66
sicherheitsberater	2.64	66
recycelt	2.64	66
vertrocknete	2.64	66
panikraum	2.64	66
gesteinigt	2.64	66
damons	2.64	66
inschriften	2.64	66
jingles	2.64	66
poltert	2.64	66
dreiundzwanzig	2.64	66
highlands	2.64	66
mookie	2.64	66
einbehalten	2.64	66
anzuzapfen	2.64	66
tabor	2.64	66
schwimmteam	2.64	66
pxxx	2.64	66
schwerverbrechen	2.64	66
salina	2.64	66
maschen	2.64	66
hexenbiest	2.64	66
hauptzeuge	2.64	66
prissy	2.64	66
mckinney	2.64	66
ärztekammer	2.64	66
bettnässer	2.64	66
steuerprüfung	2.64	66
kretin	2.64	66
cougars	2.64	66
verursachst	2.64	66
zurückdenke	2.64	66
sikozu	2.64	66
dembe	2.64	66
sekundenkleber	2.64	66
zumacht	2.64	66
spröde	2.64	66
ausnüchterungszelle	2.64	66
rausschlagen	2.64	66
rekordzeit	2.64	66
konzerns	2.64	66
suchmaschine	2.64	66
politikerin	2.64	66
feindselige	2.64	66
walen	2.64	66
wirksamkeit	2.64	66
buntes	2.64	66
camilo	2.64	66
mhh	2.64	66
schleicher	2.64	66
überwachten	2.64	66
rizvan	2.64	66
zubeißen	2.64	66
rainey	2.64	66
jodelt	2.64	66
chronischer	2.64	66
megs	2.64	66
angemietet	2.64	66
ethnischen	2.64	66
naturgesetz	2.64	66
versicherungsvertreter	2.64	66
lakes	2.64	66
clothes	2.64	66
sumatra	2.64	66
otilia	2.64	66
aufwarten	2.64	66
einsetzten	2.64	66
finnische	2.64	66
paisley	2.64	66
durchhalte	2.64	66
neuengland	2.64	66
2te	2.64	66
gondeln	2.64	66
stützräder	2.64	66
pornofilme	2.64	66
leblose	2.64	66
kriegerischen	2.64	66
lagertha	2.64	66
hautausschlag	2.64	66
flan	2.64	66
abzuschlachten	2.64	66
rivalisierenden	2.64	66
kondomen	2.64	66
gesamtheit	2.64	66
gambini	2.64	66
ausgereift	2.64	66
mya	2.64	66
geschöpfen	2.64	66
reston	2.64	66
welken	2.64	66
anschwärzen	2.64	66
farbstoff	2.64	66
chemiefabrik	2.64	66
abtrennung	2.64	66
ausrastet	2.64	66
streusel	2.64	66
kommandoposten	2.64	66
sonder	2.64	66
viehzüchter	2.64	66
abstellraum	2.64	66
gimme	2.64	66
m-16	2.64	66
unterwandert	2.64	66
abertausende	2.64	66
rasante	2.64	66
makrelen	2.64	66
broad	2.64	66
umbenannt	2.64	66
tomahawk	2.64	66
dun	2.64	66
vaughns	2.64	66
abklemmen	2.64	66
escort	2.64	66
nanna	2.64	66
krumitz	2.64	66
schwedisches	2.64	66
verstopfte	2.64	66
puritaner	2.64	66
sonderbares	2.64	66
vibes	2.64	66
aufführungen	2.64	66
norén	2.64	66
nachrede	2.64	66
poetische	2.64	66
sullivans	2.64	66
brandons	2.64	66
yoichi	2.64	66
reduzierung	2.64	66
manilow	2.64	66
gedächtnislücken	2.64	66
cujo	2.64	66
accessoire	2.64	66
büschel	2.64	66
fingerspitzengefühl	2.64	66
beaujolais	2.64	66
bekanntmachen	2.64	66
übermut	2.64	66
schüchterner	2.64	66
aristokrat	2.64	66
polina	2.64	66
mobley	2.64	66
scho	2.64	66
ruhme	2.64	66
44er	2.64	66
wutausbruch	2.64	66
liaison	2.64	66
libre	2.64	66
zärtlichkeiten	2.64	66
wahrscheinlichsten	2.64	66
roadie	2.64	66
greenberg	2.64	66
gesetzgeber	2.64	66
knüpft	2.64	66
beizeiten	2.64	66
sicherheitsrat	2.64	66
vorzügliche	2.64	66
anspruchsvollen	2.64	66
einheimsen	2.64	66
tui	2.64	66
trollen	2.64	66
aufmachte	2.64	66
stirling	2.64	66
zuckerbrot	2.64	66
akiko	2.64	66
zusammenkamen	2.64	66
sinkenden	2.64	66
zielfernrohr	2.64	66
sussman	2.64	66
rekrutierung	2.64	66
inszenierte	2.64	66
durango	2.64	66
pfizer	2.64	66
europäisch	2.64	66
hmhm	2.64	66
eingearbeitet	2.64	66
sprechstundenhilfe	2.64	66
geschäftsleuten	2.64	66
toddy	2.64	66
maribel	2.64	66
kleides	2.64	66
einklinken	2.64	66
mystischer	2.64	66
tupfen	2.64	66
hendersons	2.64	66
gelbsucht	2.64	66
tipi	2.64	66
albright	2.64	66
stanleys	2.64	66
beizulegen	2.64	66
foy	2.64	66
filz	2.64	66
kerzenschein	2.64	66
wi-i-i-i-i-i-i-ll	2.64	66
erstickung	2.64	66
abbildung	2.64	66
cielo	2.64	66
kommander	2.64	66
jagdunfall	2.64	66
entwenden	2.64	66
gelegentlichen	2.64	66
blödsinnig	2.64	66
audreys	2.64	66
papis	2.64	66
megaphon	2.64	66
dschingim	2.64	66
götzen	2.64	66
meereen	2.64	66
gefängnisausbruch	2.64	66
zücken	2.64	66
ratsmitglieder	2.64	66
pfennige	2.64	66
stimmzettel	2.64	66
sixtinische	2.64	66
berti	2.64	66
regelmäßiger	2.64	66
achselhöhlen	2.64	66
wirrwarr	2.64	66
magali	2.64	66
großhändler	2.64	66
gantry	2.64	66
schubse	2.64	66
hauslehrer	2.64	66
jovi	2.64	66
lieblingsbeschäftigung	2.64	66
gehörnte	2.64	66
aussätziger	2.64	66
aufspürt	2.64	66
kriegszustand	2.64	66
spektakuläres	2.64	66
verklebt	2.64	66
nanette	2.64	66
pakistanischen	2.64	66
streitlustig	2.64	66
marybeth	2.64	66
luper	2.64	66
reifenpanne	2.64	66
bevorzugten	2.64	66
reben	2.64	66
verdrängte	2.64	66
milden	2.64	66
bespringen	2.64	66
verbocken	2.64	66
atrium	2.64	66
rodolphe	2.64	66
llewellyn	2.64	66
reflektion	2.64	66
kreissäge	2.64	66
tae-il	2.64	66
rüstet	2.64	66
zwanghafte	2.64	66
photonen	2.64	66
morningstar	2.64	66
leistungsfähigkeit	2.64	66
sho	2.64	66
melina	2.64	66
faustschlag	2.64	66
ballkleid	2.64	66
dorbeck	2.64	66
lazare	2.64	66
querschläger	2.64	66
spendensammlung	2.64	66
clemente	2.64	66
wildpferde	2.64	66
tobys	2.64	66
bekleidung	2.64	66
erfolgsbilanz	2.64	66
absaufen	2.64	66
vermurkst	2.64	66
unangemessene	2.64	66
matias	2.64	66
dorsey	2.64	66
ausbessern	2.64	66
rinne	2.64	66
zurückwerfen	2.64	66
rea	2.64	66
grayer	2.64	66
scheuchen	2.64	66
flavius	2.64	66
fortschritten	2.64	66
primitives	2.64	66
zugs	2.64	66
schu	2.64	66
loudon	2.64	66
panorama	2.64	66
niagarafälle	2.64	66
ärmeln	2.64	66
besorgung	2.64	66
umzuleiten	2.64	66
strucker	2.64	66
westdeutschland	2.64	66
hanna27	2.64	66
gewühlt	2.64	66
grim	2.64	66
schmeissen	2.64	66
connally	2.64	66
rebadow	2.64	66
stecht	2.64	66
zerteilen	2.64	66
schwächlich	2.64	66
obstsalat	2.64	66
mystisches	2.64	66
klassenbester	2.64	66
trecker	2.64	66
hinkle	2.64	66
runtergeschluckt	2.64	66
streu	2.64	66
mutterliebe	2.64	66
cj	2.64	66
revanchiere	2.64	66
bravour	2.64	66
theres	2.64	66
einäugigen	2.64	66
malm	2.64	66
gewichts	2.64	66
befiehl	2.64	66
eladio	2.64	66
verdünnt	2.64	66
salpeter	2.64	66
helms	2.64	66
verschluckte	2.64	66
imperialen	2.64	66
stockbesoffen	2.64	66
ausfechten	2.64	66
philanthrop	2.64	66
gegenüberliegenden	2.64	66
wassa	2.64	66
zufälliges	2.64	66
polarität	2.64	66
süsses	2.64	66
auftragsmord	2.64	66
erfrischen	2.64	66
bratensoße	2.64	66
druckplatten	2.64	66
lasky	2.64	66
eingespielt	2.64	66
europäisches	2.64	66
diskriminiert	2.64	66
koffeinfrei	2.64	66
oberflächen	2.64	66
kiras	2.64	66
tilney	2.64	66
turks	2.64	66
aufgefahren	2.64	66
demetri	2.64	66
fürstentum	2.64	66
kopfjäger	2.64	66
gegenseitiger	2.64	66
kaffeetisch	2.64	66
gwenda	2.64	66
ausreise	2.64	66
kitzbühel	2.64	66
galindo	2.64	66
bewirkte	2.64	66
vorbeischicken	2.64	66
lloyds	2.64	66
kinderstube	2.64	66
edelste	2.64	66
gangsterboss	2.64	66
strafkolonie	2.64	66
pork	2.64	66
hineingegangen	2.64	66
chinin	2.64	66
killermaschine	2.64	66
kenai	2.64	66
bettelarm	2.64	66
picknickkorb	2.64	66
grüssen	2.64	66
ausreisen	2.64	66
oyster	2.64	66
bahnbrechende	2.64	66
eisenbahner	2.64	66
anreise	2.64	66
seeigel	2.64	66
anzusetzen	2.64	66
dress	2.64	66
bemalte	2.64	66
amman	2.64	66
erwähn	2.64	66
todeswunsch	2.64	66
dorado	2.64	66
laust	2.64	66
blutgruppen	2.64	66
feuerprobe	2.64	66
auslauf	2.64	66
shue	2.64	66
beweglichen	2.64	66
spinnennetz	2.64	66
blutverschmiert	2.64	66
wertgegenstände	2.64	66
irs	2.64	66
leblosen	2.64	66
morcerf	2.64	66
weltausstellung	2.64	66
hauptfeldwebel	2.64	66
reinzuplatzen	2.64	66
crisval	2.64	66
nebeneffekte	2.64	66
bottich	2.64	66
pobacken	2.64	66
muskatnuss	2.64	66
deformiert	2.64	66
pff	2.64	66
stout	2.64	66
schreihals	2.64	66
übergabeort	2.64	66
bammel	2.64	66
abgöttisch	2.64	66
fesselten	2.64	66
marokkaner	2.64	66
quijote	2.64	66
alfreds	2.64	66
dah	2.64	66
misshandelte	2.64	66
lasalle	2.64	66
syndikats	2.64	66
blutrausch	2.64	66
guthrum	2.64	66
stattlichen	2.64	66
himbeere	2.64	66
geschmacklosen	2.64	66
dauerten	2.64	66
fruchtwasser	2.64	66
pierres	2.64	66
unübertroffen	2.64	66
flocken	2.64	66
vogelgrippe	2.64	66
fortzupflanzen	2.64	66
phantastischen	2.64	66
artgenossen	2.64	66
herunterladen	2.64	66
konservieren	2.64	66
purvis	2.64	66
gonzague	2.64	66
ewiglich	2.64	66
radiergummi	2.64	66
baseballkarten	2.64	66
knattert	2.64	66
sekundären	2.64	66
türkis	2.64	66
maia	2.64	66
vroni	2.64	66
schweinekoteletts	2.64	66
sheldrake	2.64	66
nächtlicher	2.64	66
geschaukelt	2.64	66
matata	2.64	66
cayenne	2.64	66
begib	2.64	66
sinnlichen	2.64	66
bitterkalt	2.64	66
außenseiterin	2.64	66
sklavenarbeit	2.64	66
bestrebt	2.64	66
zickzack	2.64	66
verängstigtes	2.64	66
adoptionsagentur	2.64	66
fielst	2.64	66
sigismund	2.64	66
besprechungsraum	2.64	66
voulez	2.64	66
neubau	2.64	66
beschwerlich	2.64	66
bügelt	2.64	66
rookie	2.64	66
flackert	2.64	66
umprogrammiert	2.64	66
zugange	2.63	65
innendienst	2.63	65
verteidigten	2.63	65
spezifischer	2.63	65
touvier	2.63	65
zwänge	2.63	65
sandbank	2.63	65
mitzuerleben	2.63	65
unfrieden	2.63	65
einstweilen	2.63	65
grillenzirpen	2.63	65
wok	2.63	65
dionne	2.63	65
durchzubrennen	2.63	65
sauerstoffgehalt	2.63	65
marching	2.63	65
faceplant	2.63	65
dumpty	2.63	65
riddick	2.63	65
omicron	2.63	65
brettspiele	2.63	65
anzündet	2.63	65
dienerinnen	2.63	65
herauszuhalten	2.63	65
vornimmt	2.63	65
rostlaube	2.63	65
blutsverwandt	2.63	65
verkracht	2.63	65
gartenparty	2.63	65
zwischenzeitlich	2.63	65
morgensonne	2.63	65
wiggins	2.63	65
warenlager	2.63	65
badeanzüge	2.63	65
stelldichein	2.63	65
unabdingbar	2.63	65
pils	2.63	65
veranstalter	2.63	65
wüsst	2.63	65
begehr	2.63	65
moralapostel	2.63	65
kletterten	2.63	65
prof	2.63	65
raymonds	2.63	65
depressive	2.63	65
ehrenamtliche	2.63	65
inkarnation	2.63	65
bambino	2.63	65
nub4u	2.63	65
schatztruhe	2.63	65
meb	2.63	65
zurückbeordert	2.63	65
außenstehender	2.63	65
silberstreif	2.63	65
erfassung	2.63	65
holts	2.63	65
meerenge	2.63	65
prostituieren	2.63	65
glücksgefühl	2.63	65
disco-musik	2.63	65
afrikanisches	2.63	65
wiegand	2.63	65
shayla	2.63	65
ex-frauen	2.63	65
akupunktur	2.63	65
petschek	2.63	65
vulgäre	2.63	65
hysterischen	2.63	65
stonehenge	2.63	65
sternhagelvoll	2.63	65
flachzulegen	2.63	65
festsitze	2.63	65
scheinfirma	2.63	65
kilt	2.63	65
gigant	2.63	65
vergis	2.63	65
scharfschützengewehr	2.63	65
zurückzufahren	2.63	65
familienangehörigen	2.63	65
feindkontakt	2.63	65
rastete	2.63	65
eingekerkert	2.63	65
wagten	2.63	65
fortsetzt	2.63	65
wohltätigkeitsorganisation	2.63	65
stink	2.63	65
gedrungen	2.63	65
eintragungen	2.63	65
kränkung	2.63	65
guatrau	2.63	65
smash	2.63	65
republikanern	2.63	65
lebensstandard	2.63	65
durchzug	2.63	65
längengrad	2.63	65
wildern	2.63	65
sarkoidose	2.63	65
oy	2.63	65
platzierung	2.63	65
fischfabrik	2.63	65
restarick	2.63	65
geschäftsleben	2.63	65
versicherungssumme	2.63	65
hüllt	2.63	65
volkszählung	2.63	65
siggy	2.63	65
übersinnlich	2.63	65
liebenswerten	2.63	65
tanzschritte	2.63	65
finanzkrise	2.63	65
aitan	2.63	65
books	2.63	65
kanonenfutter	2.63	65
verkehrskontrolle	2.63	65
weckten	2.63	65
bierflasche	2.63	65
azusa	2.63	65
nachtsicht	2.63	65
dazukommen	2.63	65
lauthals	2.63	65
pornofilm	2.63	65
angelacht	2.63	65
bissl	2.63	65
anspreche	2.63	65
krankenhausreif	2.63	65
konferenzzimmer	2.63	65
ilithyia	2.63	65
spagat	2.63	65
jelena	2.63	65
involvieren	2.63	65
pfaffen	2.63	65
heuboden	2.63	65
tennisschläger	2.63	65
hightech	2.63	65
lafitte	2.63	65
herauskriegen	2.63	65
zunder	2.63	65
saust	2.63	65
talents	2.63	65
xiv.	2.63	65
versagern	2.63	65
masseurin	2.63	65
dianes	2.63	65
tarnt	2.63	65
artisten	2.63	65
umbrella	2.63	65
kurses	2.63	65
erforschte	2.63	65
lebenswillen	2.63	65
mailänder	2.63	65
selbstgemachte	2.63	65
guo	2.63	65
trödelt	2.63	65
elroy	2.63	65
zurückblicke	2.63	65
wertet	2.63	65
rumgealbert	2.63	65
denkfabrik	2.63	65
parkschein	2.63	65
s01e09	2.63	65
verachtete	2.63	65
manifestieren	2.63	65
geschichtsstunde	2.63	65
ergreif	2.63	65
tröten	2.63	65
lead	2.63	65
strotzt	2.63	65
selbstzweifel	2.63	65
colfax	2.63	65
sinkflug	2.63	65
mitfeiern	2.63	65
lästiger	2.63	65
gutgläubig	2.63	65
lesebrille	2.63	65
jilly	2.63	65
elends	2.63	65
politesse	2.63	65
gerafft	2.63	65
chuckles	2.63	65
potentieller	2.63	65
pallas	2.63	65
vitale	2.63	65
verständlicher	2.63	65
formuliere	2.63	65
beltran	2.63	65
blutsbruder	2.63	65
kavanaugh	2.63	65
devine	2.63	65
fledermäusen	2.63	65
friedensabkommen	2.63	65
instand	2.63	65
mundschutz	2.63	65
zweitklassigen	2.63	65
abzuschlagen	2.63	65
dastan	2.63	65
enzian	2.63	65
canadian	2.63	65
drumlin	2.63	65
pikant	2.63	65
hidden	2.63	65
castings	2.63	65
gangmitglied	2.63	65
metcalf	2.63	65
konventionell	2.63	65
hilferufe	2.63	65
zielgerade	2.63	65
riesengroßen	2.63	65
sicherheitsbüro	2.63	65
globalisierung	2.63	65
dior	2.63	65
neurosen	2.63	65
beiträgt	2.63	65
cooperman	2.63	65
hunsrück	2.63	65
schweißer	2.63	65
nebelhorn	2.63	65
patrouilliert	2.63	65
pflanz	2.63	65
bacchus	2.63	65
teasdale	2.63	65
kapitalistischen	2.63	65
kalaschnikow	2.63	65
systemausfall	2.63	65
unfallstelle	2.63	65
diaphragma	2.63	65
kriminallabor	2.63	65
hôtel	2.63	65
gejagten	2.63	65
upton	2.63	65
inglethorp	2.63	65
daffy	2.63	65
profits	2.63	65
geckos	2.63	65
brandmal	2.63	65
riordan	2.63	65
kingdom	2.63	65
jugendzentrum	2.63	65
hängengeblieben	2.63	65
knappes	2.63	65
angeschwemmt	2.63	65
ausgeklügelt	2.63	65
schleimen	2.63	65
ausführlicher	2.63	65
allisons	2.63	65
illegalem	2.63	65
tötens	2.63	65
zugelaufen	2.63	65
allet	2.63	65
ü	2.63	65
gio	2.63	65
künstlerisches	2.63	65
murmelst	2.63	65
überspringt	2.63	65
hausdiener	2.63	65
limone	2.63	65
rangehst	2.63	65
sternenstaub	2.63	65
hewlett	2.63	65
nygaard	2.63	65
stamford	2.63	65
trille	2.63	65
newsweek	2.63	65
blutrache	2.63	65
tashi	2.63	65
überquere	2.63	65
pelzigen	2.63	65
sperber	2.63	65
tribeca	2.63	65
gruyter	2.63	65
fehleinschätzung	2.63	65
experimentell	2.63	65
dato	2.63	65
treues	2.63	65
büchlein	2.63	65
m.j.	2.63	65
prinzesschen	2.63	65
nähmen	2.63	65
neptune	2.63	65
bodo	2.63	65
beflecken	2.63	65
psychiatrischer	2.63	65
taubenschlag	2.63	65
khal	2.63	65
jb	2.63	65
sonnenblumen	2.63	65
estates	2.63	65
facetten	2.63	65
rhabarber	2.63	65
eames	2.63	65
anfängerfehler	2.63	65
kittridge	2.63	65
hauptsturmführer	2.63	65
dozenten	2.63	65
ernstlich	2.63	65
glã	2.63	65
pompeius	2.63	65
gebrabbel	2.63	65
maciste	2.63	65
aufzuschieben	2.63	65
davongemacht	2.63	65
margery	2.63	65
hauptbuch	2.63	65
eingepennt	2.63	65
geisterschiff	2.63	65
kricket	2.63	65
fahrprüfung	2.63	65
senkte	2.63	65
scoop	2.63	65
mitgewirkt	2.63	65
verbitterte	2.63	65
fluchtmöglichkeit	2.63	65
porta	2.63	65
jeter	2.63	65
bäche	2.63	65
riten	2.63	65
bastion	2.63	65
darfich	2.63	65
zunehmenden	2.63	65
glimpflich	2.63	65
aladin	2.63	65
anklopft	2.63	65
drogengeschäfte	2.63	65
tachibana	2.63	65
bahrain	2.63	65
klatschpresse	2.63	65
theron	2.63	65
unterstreicht	2.63	65
paranormalen	2.63	65
dessler	2.63	65
tribbles	2.63	65
admiralität	2.63	65
wellesley	2.63	65
borschtsch	2.63	65
myspace	2.63	65
verspürst	2.63	65
verfärbung	2.63	65
berner	2.63	65
seebarsch	2.63	65
alleinerziehend	2.63	65
mathers	2.63	65
attentats	2.63	65
druckverband	2.63	65
anfallen	2.63	65
pharaoh	2.63	65
charmantes	2.63	65
bigamie	2.63	65
proktor	2.63	65
majestét	2.63	65
bettlerin	2.63	65
eaton	2.63	65
hereinplatzen	2.63	65
jockeys	2.63	65
abbé	2.63	65
magma	2.63	65
ramada	2.63	65
ramponiert	2.63	65
anthropologin	2.63	65
angestrengtes	2.63	65
tabasco	2.63	65
weihnachtsgeschichte	2.63	65
rust	2.63	65
verschwimmen	2.63	65
uriniert	2.63	65
draufhat	2.63	65
jaeger	2.63	65
präsentierten	2.63	65
abenteuerliche	2.63	65
hortensien	2.63	65
bohre	2.63	65
villette	2.63	65
ehrenhalber	2.63	65
mechanikerin	2.63	65
geistergeschichte	2.63	65
rambaldis	2.63	65
unpünktlich	2.63	65
mccoys	2.63	65
kulle	2.63	65
hedda	2.63	65
klimaanlagen	2.63	65
gurney	2.63	65
principal	2.63	65
kimchi	2.63	65
missbilligt	2.63	65
abkommens	2.63	65
kriegsverletzung	2.63	65
walts	2.63	65
lethal	2.63	65
sönke	2.63	65
konvois	2.63	65
renkt	2.63	65
tachykard	2.63	65
stimmrecht	2.63	65
kirill	2.63	65
einflussreichsten	2.63	65
teleportation	2.63	65
vorbildliche	2.63	65
äfft	2.63	65
beasley	2.63	65
estella	2.63	65
abnormale	2.63	65
m.k.	2.63	65
hübschere	2.63	65
sonderbaren	2.63	65
reiskuchen	2.63	65
trübsinnig	2.63	65
uk-serien	2.63	65
jessas	2.63	65
beurlaubung	2.63	65
impfstoffe	2.63	65
schwefelsäure	2.63	65
krampfanfall	2.63	65
vorauszahlung	2.63	65
azgeda	2.63	65
absehbarer	2.63	65
gaudi	2.63	65
hakuna	2.63	65
geteiltes	2.63	65
abdichten	2.63	65
justieren	2.63	65
angélica	2.63	65
jugendfreund	2.63	65
zunimmt	2.63	65
koda	2.63	65
waagerecht	2.63	65
nöte	2.63	65
ausbildungslager	2.63	65
gehalts	2.63	65
streikbrecher	2.63	65
bunting	2.63	65
branntwein	2.63	65
unterzeichneten	2.63	65
schwermut	2.63	65
strategischer	2.63	65
tiara	2.63	65
gianopolous	2.63	65
tallmadge	2.63	65
energiequellen	2.63	65
lokales	2.63	65
ferraris	2.63	65
melchior	2.63	65
coil	2.63	65
narita	2.63	65
überfürsorglich	2.63	65
mcphee	2.63	65
aileen	2.63	65
konfirmation	2.63	65
startlinie	2.63	65
sauferei	2.63	65
mißverständnis	2.63	65
ltd	2.63	65
erstgeborener	2.63	65
geschäftsreisen	2.63	65
ausgepumpt	2.63	65
angeheitert	2.63	65
damenunterwäsche	2.63	65
grässliches	2.63	65
hilfskräfte	2.63	65
fourth	2.63	65
stranden	2.63	65
smirre	2.63	65
komödiant	2.63	65
anbeißt	2.63	65
zerrissenen	2.63	65
willkür	2.63	65
untätigkeit	2.63	65
an.	2.63	65
protokollieren	2.63	65
mallard	2.63	65
butt	2.63	65
unschätzbar	2.63	65
hinauslaufen	2.63	65
mordor	2.63	65
edgington	2.63	65
bestechungsgeld	2.63	65
kindergeburtstag	2.63	65
bedauernswerte	2.63	65
gerechtes	2.63	65
sweetwater	2.63	65
konturen	2.63	65
eingeritzt	2.63	65
farell	2.63	65
vivat	2.63	65
troys	2.63	65
verkleide	2.63	65
compadre	2.63	65
eingereist	2.63	65
lüstling	2.63	65
morsch	2.63	65
freizubekommen	2.63	65
charakterstärke	2.63	65
deutlichen	2.63	65
opry	2.63	64
grafton	2.63	64
brechreiz	2.63	64
meta-mensch	2.63	64
bockhorn	2.63	64
happened	2.63	64
mulmig	2.63	64
vitaminen	2.63	64
zermahlen	2.63	64
psychoanalytiker	2.63	64
wildman	2.63	64
destruktiv	2.63	64
patna	2.63	64
taik	2.63	64
implodieren	2.63	64
hep	2.63	64
wohltätig	2.63	64
dahmer	2.63	64
halbgott	2.63	64
unterführung	2.63	64
einschluss	2.63	64
verdorbener	2.63	64
barrie	2.63	64
privilegierte	2.63	64
schnuffi	2.63	64
gelage	2.63	64
aragorn	2.63	64
nanda	2.63	64
wiederhabe	2.63	64
sympathische	2.63	64
spielstand	2.63	64
verprasst	2.63	64
herkömmlichen	2.63	64
überschwemmen	2.63	64
janne	2.63	64
kittredge	2.63	64
kinderkrankenhaus	2.63	64
todschick	2.63	64
inch	2.63	64
lwaxana	2.63	64
anthonys	2.63	64
benning	2.63	64
trinidad	2.63	64
vermisstenmeldung	2.63	64
fischhändler	2.63	64
highlights	2.63	64
aquitanien	2.63	64
hasegawa	2.63	64
daliegen	2.63	64
lateiner	2.63	64
aminosäuren	2.63	64
gräten	2.63	64
wetteifern	2.63	64
stechenden	2.63	64
belesen	2.63	64
doktorin	2.63	64
horns	2.63	64
cyr	2.63	64
giftschlange	2.63	64
viertelmeile	2.63	64
sommerzeit	2.63	64
ehegatten	2.63	64
darstellte	2.63	64
margarine	2.63	64
damenhaft	2.63	64
guinan	2.63	64
mute	2.63	64
saratoga	2.63	64
ereilen	2.63	64
abkoppeln	2.63	64
entlohnung	2.63	64
fernhältst	2.63	64
goblin	2.63	64
schleppend	2.63	64
italia	2.63	64
cairo	2.63	64
aleksei	2.63	64
marti	2.63	64
vergöttere	2.63	64
bäuerchen	2.63	64
ersparnissen	2.63	64
verabredeten	2.63	64
abgebrüht	2.63	64
übersetz	2.63	64
gebunkert	2.63	64
molkerei	2.63	64
gutmütigkeit	2.63	64
geraldo	2.63	64
rausbringt	2.63	64
bodine	2.63	64
friedensgespräche	2.63	64
gesetzbuch	2.63	64
leith	2.63	64
reproduziert	2.63	64
intubiert	2.63	64
ratchett	2.63	64
türkisches	2.63	64
geirmundur	2.63	64
eigenarten	2.63	64
flaschengeister	2.63	64
steinbock	2.63	64
satomi	2.63	64
menüs	2.63	64
solutions	2.63	64
mosaik	2.63	64
kryptonische	2.63	64
siren	2.63	64
auffällige	2.63	64
abgetrennte	2.63	64
gescheiterter	2.63	64
reihenhaus	2.63	64
alisa	2.63	64
belli	2.63	64
hausflur	2.63	64
feuerwehrauto	2.63	64
foie	2.63	64
akut	2.63	64
hierhergezogen	2.63	64
merchant	2.63	64
verkrampfen	2.63	64
konfrontierte	2.63	64
kepler	2.63	64
videokameras	2.63	64
hocharbeiten	2.63	64
mija	2.63	64
räudige	2.63	64
drea	2.63	64
akademisch	2.63	64
anästhesist	2.63	64
feiglingen	2.63	64
radford	2.63	64
x-beliebigen	2.63	64
salzige	2.63	64
optisch	2.63	64
verdauungstrakt	2.63	64
mani	2.63	64
pulsiert	2.63	64
oberliga	2.63	64
gepokert	2.63	64
orangefarbenen	2.63	64
ahhhh	2.63	64
interstellare	2.63	64
bodenkontrolle	2.63	64
macoco	2.63	64
saxofon	2.63	64
owl	2.63	64
record	2.63	64
sammlerstücke	2.63	64
kompromisslos	2.63	64
zollbehörde	2.63	64
schlanken	2.63	64
galeeren	2.63	64
containern	2.63	64
heterosexuell	2.63	64
bumble	2.63	64
jamba	2.63	64
straßennamen	2.63	64
moro	2.63	64
heuchlerisch	2.63	64
französinnen	2.63	64
goodweather	2.63	64
deedee	2.63	64
könnens	2.63	64
herumgeschubst	2.63	64
kurts	2.63	64
fleury	2.63	64
reykjavík	2.63	64
opferung	2.63	64
darken	2.63	64
anzüglich	2.63	64
mclaughlin	2.63	64
handhabung	2.63	64
herzensgüte	2.63	64
jeannies	2.63	64
greys	2.63	64
thursby	2.63	64
limoges	2.63	64
floriert	2.63	64
draufstehen	2.63	64
schmuckstücke	2.63	64
verena	2.63	64
tristin	2.63	64
gestöhnt	2.63	64
bazillus	2.63	64
gemeinnützigen	2.63	64
drewe	2.63	64
verweigerten	2.63	64
entzog	2.63	64
besuchszeiten	2.63	64
multimillionär	2.63	64
haddock	2.63	64
schnitzereien	2.63	64
hervorgehen	2.63	64
micke	2.63	64
verfolg	2.63	64
krummes	2.63	64
nahmt	2.63	64
angedroht	2.63	64
bösartigkeit	2.63	64
plastischer	2.63	64
weisser	2.63	64
sekundäre	2.63	64
gerad	2.63	64
unrechtmäßig	2.63	64
unterhaus	2.63	64
regungslos	2.63	64
pell	2.63	64
stacie	2.63	64
marchese	2.63	64
nuklear	2.63	64
fußballtraining	2.63	64
gewöhnte	2.63	64
mundschenk	2.63	64
einverständniserklärung	2.63	64
versicherten	2.63	64
gian	2.63	64
mindert	2.63	64
fuad	2.63	64
wortgewandt	2.63	64
wunschzettel	2.63	64
einweihungsparty	2.63	64
manneskraft	2.63	64
rahim	2.63	64
hauptschalter	2.63	64
streicherklänge	2.63	64
mulholland	2.63	64
respektable	2.63	64
entsprang	2.63	64
grußfrequenzen	2.63	64
kastration	2.63	64
twan	2.63	64
tauglich	2.63	64
ilan	2.63	64
tätowierten	2.63	64
verspottest	2.63	64
durchzudringen	2.63	64
spülst	2.63	64
belebten	2.63	64
reims	2.63	64
notebook	2.63	64
choreografie	2.63	64
musikunterricht	2.63	64
schwuli	2.63	64
piepston	2.63	64
verfasste	2.63	64
produktive	2.63	64
ostafrika	2.63	64
kriminalitätsrate	2.63	64
lor	2.63	64
promoten	2.63	64
knallharten	2.63	64
schatzinsel	2.63	64
lutschst	2.63	64
entsendet	2.63	64
verhasst	2.63	64
cic	2.63	64
dickem	2.63	64
cath	2.63	64
koexistenz	2.63	64
transsilvanien	2.63	64
brächten	2.63	64
beschriften	2.63	64
vertrauensselig	2.63	64
einstreichen	2.63	64
weight	2.63	64
berufsleben	2.63	64
säubere	2.63	64
wartens	2.63	64
signaturen	2.63	64
sobotka	2.63	64
irgendeins	2.63	64
torrey	2.63	64
vámonos	2.63	64
augenwinkel	2.63	64
sacht	2.63	64
brunswick	2.63	64
lurch	2.63	64
ansatzpunkt	2.63	64
u.s.a.	2.63	64
schilden	2.63	64
hintretet	2.63	64
muffit	2.63	64
inspektoren	2.63	64
philosophischen	2.63	64
aufzusammeln	2.63	64
auszüge	2.63	64
wählerschaft	2.63	64
five-0	2.63	64
unbefangen	2.63	64
erzahlen	2.63	64
kapellmeister	2.63	64
diskus	2.63	64
anfällt	2.63	64
ly	2.63	64
stallungen	2.63	64
trockeneis	2.63	64
wohnraum	2.63	64
umgestiegen	2.63	64
gleichwohl	2.63	64
greek	2.63	64
zor-el	2.63	64
schattens	2.63	64
hefner	2.63	64
mimsy	2.63	64
verkehrspolizei	2.63	64
ausleeren	2.63	64
prominenz	2.63	64
karthago	2.63	64
schornsteinfeger	2.63	64
lessing	2.63	64
gently	2.63	64
kritikern	2.63	64
forney	2.63	64
bourgeois	2.63	64
brummbär	2.63	64
lexy	2.63	64
aman	2.63	64
pup	2.63	64
stürbe	2.63	64
grenoble	2.63	64
versuchtest	2.63	64
affaire	2.63	64
authority	2.63	64
hexenjäger	2.63	64
ruthy	2.63	64
debbies	2.63	64
nom	2.63	64
puffy	2.63	64
dirt	2.63	64
durchblicken	2.63	64
hafturlaub	2.63	64
rettich	2.63	64
fürcht	2.63	64
gilberts	2.63	64
gürkchen	2.63	64
schützlinge	2.63	64
wedelt	2.63	64
montecito	2.63	64
schnippen	2.63	64
autorisation	2.63	64
aufstocken	2.63	64
weinberge	2.63	64
fehlschlägt	2.63	64
verantwortlicher	2.63	64
steakhaus	2.63	64
tish	2.63	64
doss	2.63	64
einschleichen	2.63	64
quiero	2.63	64
körbchengröße	2.63	64
flood	2.63	64
hinweggekommen	2.63	64
hasso	2.63	64
hlt	2.63	64
eyre	2.63	64
verantwortungen	2.63	64
betrauert	2.63	64
parolen	2.63	64
verhungerst	2.63	64
aufriss	2.63	64
erdnüssen	2.63	64
hershey	2.63	64
unfruchtbarkeit	2.63	64
schausteller	2.63	64
hectors	2.63	64
aufzuzwingen	2.63	64
scherst	2.63	64
raser	2.63	64
oberflächlichen	2.63	64
feindseligen	2.63	64
cyb	2.63	64
gwens	2.63	64
warmhalten	2.63	64
spaßiger	2.63	64
knabbert	2.63	64
wohnungssuche	2.63	64
verben	2.63	64
schalttafel	2.63	64
warpfaktor	2.63	64
dries	2.63	64
huldigung	2.63	64
one-night-stands	2.63	64
augenhöhle	2.63	64
justizsystem	2.63	64
kochkurs	2.63	64
zukam	2.63	64
selbstschutz	2.63	64
großherzog	2.63	64
gateway	2.63	64
entlaufen	2.63	64
bauerntölpel	2.63	64
gaye	2.63	64
norville	2.63	64
anymore	2.63	64
fünfen	2.63	64
schlappmachen	2.63	64
argumenten	2.63	64
allura	2.63	64
musizieren	2.63	64
zweifache	2.63	64
bezaubert	2.63	64
innenleben	2.63	64
unmenschliche	2.63	64
bundesbehörde	2.63	64
unfallopfer	2.63	64
piekst	2.63	64
metzler	2.63	64
mendes	2.63	64
geentert	2.63	64
stuff	2.63	64
anfunken	2.63	64
studebaker	2.63	64
glucke	2.63	64
zeitreisenden	2.63	64
tanzlehrer	2.63	64
einwirken	2.63	64
baldigen	2.63	64
bevis	2.63	64
fügst	2.63	64
unzulänglich	2.63	64
jauchegrube	2.63	64
nacktbaden	2.63	64
ungeheuren	2.63	64
thompkins	2.63	64
ungeteilte	2.63	64
blitzer	2.63	64
jal	2.63	64
eckbüro	2.63	64
engem	2.63	64
tunken	2.63	64
smokings	2.63	64
geschehn	2.63	64
outside	2.63	64
unverbindlich	2.63	64
nia	2.63	64
runterspringen	2.62	63
chin-chin	2.62	63
anbei	2.62	63
mechanischer	2.62	63
nordkoreaner	2.62	63
lean	2.62	63
bronski	2.62	63
scherbatsky	2.62	63
betrank	2.62	63
narzisst	2.62	63
bulldogs	2.62	63
biologe	2.62	63
versiegelte	2.62	63
korrumpieren	2.62	63
klemmbrett	2.62	63
begleiche	2.62	63
nirwana	2.62	63
landbesitzer	2.62	63
strahle	2.62	63
halsketten	2.62	63
unbefleckt	2.62	63
ziyal	2.62	63
ethans	2.62	63
trigonometrie	2.62	63
reingekriegt	2.62	63
14-jähriger	2.62	63
übergangsphase	2.62	63
benützt	2.62	63
lukrative	2.62	63
schreibtische	2.62	63
prioren	2.62	63
lumbalpunktion	2.62	63
anzuwerben	2.62	63
ips	2.62	63
más	2.62	63
across	2.62	63
reißleine	2.62	63
landgang	2.62	63
auslacht	2.62	63
maximieren	2.62	63
anhaltenden	2.62	63
dahingerafft	2.62	63
es.	2.62	63
us-soldaten	2.62	63
forme	2.62	63
d.b.	2.62	63
häretiker	2.62	63
küchentür	2.62	63
familienprobleme	2.62	63
polizeieinsatz	2.62	63
primär	2.62	63
za	2.62	63
leidende	2.62	63
schützenfest	2.62	63
schuhsohlen	2.62	63
verstaubt	2.62	63
abschießt	2.62	63
teamkollegen	2.62	63
teufelsanbeter	2.62	63
zammis	2.62	63
muzzy	2.62	63
terrys	2.62	63
adels	2.62	63
garagentor	2.62	63
beehive	2.62	63
gottloser	2.62	63
vulkans	2.62	63
joggt	2.62	63
lügengeschichten	2.62	63
quantität	2.62	63
mui	2.62	63
thoreau	2.62	63
absetzung	2.62	63
färbte	2.62	63
deckers	2.62	63
unheilbare	2.62	63
mexiko-stadt	2.62	63
dns-test	2.62	63
paladin	2.62	63
beurteilungen	2.62	63
lovisa	2.62	63
homies	2.62	63
hallandsen	2.62	63
alvarado	2.62	63
schadens	2.62	63
kif	2.62	63
syl	2.62	63
morsezeichen	2.62	63
dellen	2.62	63
vorbeikamen	2.62	63
kaminfeuer	2.62	63
insiderinformationen	2.62	63
grease	2.62	63
fliegeralarm	2.62	63
originelles	2.62	63
bestände	2.62	63
startposition	2.62	63
lnuki	2.62	63
blaubart	2.62	63
gesalzen	2.62	63
lukrativen	2.62	63
überraschendes	2.62	63
verzweifeltes	2.62	63
verbindlichsten	2.62	63
allo	2.62	63
dae	2.62	63
windgeschwindigkeit	2.62	63
arkadia	2.62	63
hintergrundinformationen	2.62	63
ausschöpfen	2.62	63
scheunen	2.62	63
dämmerte	2.62	63
kooperativer	2.62	63
puren	2.62	63
zehn-vorne	2.62	63
edelmänner	2.62	63
verrücktwerden	2.62	63
verteufelt	2.62	63
stalins	2.62	63
rabauke	2.62	63
pe	2.62	63
abzukühlen	2.62	63
trickfilm	2.62	63
jihad	2.62	63
telly	2.62	63
provokativ	2.62	63
unterrichtsstunde	2.62	63
anti	2.62	63
draufhalten	2.62	63
umstrukturierung	2.62	63
landluft	2.62	63
zirkels	2.62	63
vorsätzliche	2.62	63
thanksgiving-essen	2.62	63
klapperkiste	2.62	63
tollkühn	2.62	63
lächelns	2.62	63
nature	2.62	63
beatty	2.62	63
epileptiker	2.62	63
schreibstil	2.62	63
delbert	2.62	63
bissell	2.62	63
kaleu	2.62	63
underwoods	2.62	63
schlussplädoyer	2.62	63
ici	2.62	63
kugelfisch	2.62	63
challenger	2.62	63
iori	2.62	63
schmissen	2.62	63
verlaß	2.62	63
entsetzlicher	2.62	63
bless	2.62	63
dazugehörigen	2.62	63
malina	2.62	63
hashimoto	2.62	63
warschauer	2.62	63
eintüten	2.62	63
bedrohe	2.62	63
kundenservice	2.62	63
anpiepsen	2.62	63
freundschaftliche	2.62	63
ausliefere	2.62	63
sitzplätze	2.62	63
flaschenöffner	2.62	63
lohse	2.62	63
wear	2.62	63
heimzugehen	2.62	63
rundfahrt	2.62	63
verantwortungsgefühl	2.62	63
yours	2.62	63
score	2.62	63
förmlichkeiten	2.62	63
hochhäuser	2.62	63
huckleberry	2.62	63
trächtig	2.62	63
journey	2.62	63
scheckheft	2.62	63
calista	2.62	63
obelisk	2.62	63
verklemmte	2.62	63
trine	2.62	63
hrt	2.62	63
gatewood	2.62	63
selbstsüchtigen	2.62	63
halls	2.62	63
verschlag	2.62	63
iglu	2.62	63
eckpfeiler	2.62	63
unidentifizierte	2.62	63
seraphim	2.62	63
rumzuschnüffeln	2.62	63
torstein	2.62	63
verbürgen	2.62	63
ape	2.62	63
achselhöhle	2.62	63
herausgeberin	2.62	63
flüchtest	2.62	63
verkorksten	2.62	63
tierärzte	2.62	63
verzollen	2.62	63
blockt	2.62	63
pt	2.62	63
respektierten	2.62	63
heimgezahlt	2.62	63
bejubelt	2.62	63
catcher	2.62	63
schulfest	2.62	63
heads	2.62	63
embargo	2.62	63
samanthas	2.62	63
jakobowsky	2.62	63
ads	2.62	63
schussverletzungen	2.62	63
kunz	2.62	63
nuklearer	2.62	63
nachkommt	2.62	63
kassierst	2.62	63
langfinger	2.62	63
hinschaut	2.62	63
jubelschreie	2.62	63
vielfraß	2.62	63
nordischen	2.62	63
anlüge	2.62	63
thane	2.62	63
fahrgeld	2.62	63
mias	2.62	63
goldsucher	2.62	63
nymphen	2.62	63
umging	2.62	63
verteidigungs	2.62	63
lehrstunde	2.62	63
überraschender	2.62	63
neuere	2.62	63
toxikologischen	2.62	63
jugendlich	2.62	63
jaaaa	2.62	63
schwermütig	2.62	63
fehlerhafte	2.62	63
simonis	2.62	63
orca	2.62	63
haruko	2.62	63
bs	2.62	63
edelmütig	2.62	63
pancamo	2.62	63
kreuzzüge	2.62	63
bauprojekt	2.62	63
pendejo	2.62	63
eisenstange	2.62	63
beantragte	2.62	63
arbeitsunfall	2.62	63
abschlussarbeit	2.62	63
sechserpack	2.62	63
galoppieren	2.62	63
cortex	2.62	63
eliminierung	2.62	63
bewandert	2.62	63
zeitgenosse	2.62	63
norwich	2.62	63
tavern	2.62	63
filmrechte	2.62	63
s01	2.62	63
klobrille	2.62	63
solaris	2.62	63
eigner	2.62	63
komfortzone	2.62	63
boykott	2.62	63
butterblume	2.62	63
ratschlägen	2.62	63
beneidenswert	2.62	63
gq	2.62	63
rankomme	2.62	63
hirnlosen	2.62	63
blickes	2.62	63
cordova	2.62	63
hinlaufen	2.62	63
stummel	2.62	63
pfefferkuchen	2.62	63
säuglinge	2.62	63
jackies	2.62	63
sondieren	2.62	63
cleves	2.62	63
hänseln	2.62	63
ruhmreich	2.62	63
zinken	2.62	63
tempolimit	2.62	63
malatesta	2.62	63
herkömmliche	2.62	63
sherpa	2.62	63
verdampfen	2.62	63
aufstoßen	2.62	63
sheeta	2.62	63
auszubeuten	2.62	63
feststellte	2.62	63
mühsal	2.62	63
tanzsaal	2.62	63
gottlos	2.62	63
bürgers	2.62	63
coffey	2.62	63
verdoppele	2.62	63
vierundzwanzig	2.62	63
sicherheitslücke	2.62	63
yukie	2.62	63
nowak	2.62	63
feuille	2.62	63
screen	2.62	63
assoziiert	2.62	63
candle	2.62	63
detaillierten	2.62	63
fenchel	2.62	63
scannte	2.62	63
cadillacs	2.62	63
gefleht	2.62	63
musikgeschmack	2.62	63
fantastic	2.62	63
holzmann	2.62	63
dominikaner	2.62	63
prätor	2.62	63
geurteilt	2.62	63
überlebens	2.62	63
population	2.62	63
henley	2.62	63
flugbegleiter	2.62	63
drax	2.62	63
flaches	2.62	63
zuckungen	2.62	63
hessen	2.62	63
veröffentlichungen	2.62	63
sach	2.62	63
bennys	2.62	63
nikolas	2.62	63
schlaufe	2.62	63
jawort	2.62	63
mobiliar	2.62	63
unerschrocken	2.62	63
fliesst	2.62	63
abschriften	2.62	63
lykos	2.62	63
shéhérazade	2.62	63
s.s.	2.62	63
urteilskraft	2.62	63
ers	2.62	63
digitaler	2.62	63
dissoziative	2.62	63
notte	2.62	63
rosso	2.62	63
nagelpistole	2.62	63
rituellen	2.62	63
versiert	2.62	63
amboy	2.62	63
nagelstudio	2.62	63
geschenkten	2.62	63
verderbt	2.62	63
citys	2.62	63
gefilzt	2.62	63
bällchen	2.62	63
beantwortung	2.62	63
reptilianer	2.62	63
taxen	2.62	63
bar-mizwa	2.62	63
blubbert	2.62	63
maida	2.62	63
xing	2.62	63
xev	2.62	63
verzückung	2.62	63
landesinnere	2.62	63
mcgarrett	2.62	63
direktes	2.62	63
blockhütte	2.62	63
radiomusik	2.62	63
nervenbahnen	2.62	63
gehende	2.62	63
lakeman	2.62	63
frell	2.62	63
schießbefehl	2.62	63
nationalmannschaft	2.62	63
großangriff	2.62	63
tores	2.62	63
vogelkäfig	2.62	63
vorübergehenden	2.62	63
bayard	2.62	63
ausdrückst	2.62	63
filmgesellschaft	2.62	63
gesundheitsminister	2.62	63
pferdediebe	2.62	63
verfüttere	2.62	63
masterplan	2.62	63
brunner	2.62	63
marquesa	2.62	63
kraftvolle	2.62	63
geweht	2.62	63
sprudel	2.62	63
energiesignatur	2.62	63
angreifers	2.62	63
wanderschaft	2.62	63
walkie	2.62	63
kneife	2.62	63
sith	2.62	63
costco	2.62	63
überwinde	2.62	63
musikzimmer	2.62	63
semtex	2.62	63
geparden	2.62	63
mundwinkel	2.62	63
zwielichtig	2.62	63
umschlungen	2.62	63
spieltisch	2.62	63
verordnungen	2.62	63
milzbrand	2.62	63
kanus	2.62	63
scannern	2.62	63
kontrollierbar	2.62	63
scratchy	2.62	63
nachtflug	2.62	63
sicherheitsabstand	2.62	63
antrat	2.62	63
matten	2.62	63
waschmaschinen	2.62	63
yah	2.62	63
leh	2.62	63
abschaltung	2.62	63
stuarts	2.62	63
nails	2.62	63
aussteuer	2.62	63
simonson	2.62	63
martinique	2.62	63
nordost	2.62	63
fernhält	2.62	63
geworben	2.62	63
busmalis	2.62	63
belästigungen	2.62	63
unity	2.62	63
ausländisches	2.62	63
versiegen	2.62	63
es-es	2.62	63
schlüpfrig	2.62	63
gespenstern	2.62	63
arrondissement	2.62	63
gesonnen	2.62	63
steuergeldern	2.62	63
patensohn	2.62	63
kelp	2.62	63
vole	2.62	63
membran	2.62	63
allermeisten	2.62	63
nissen	2.62	63
gründerväter	2.62	63
anstrengt	2.62	63
petro	2.62	63
legs	2.62	63
schlüsselfigur	2.62	63
frankiin	2.62	63
gepäckwagen	2.62	63
sids	2.62	63
herauszugeben	2.62	63
nachsichtiger	2.62	63
untersuch	2.62	63
karaffe	2.62	63
loxi	2.62	63
glaubhafte	2.62	63
bräunen	2.62	63
pancks	2.62	63
hype	2.62	63
versammle	2.62	63
tamtam	2.62	63
diagramme	2.62	63
justizirrtum	2.62	63
schuester	2.62	63
festanstellung	2.62	63
geschwulst	2.62	63
verzückt	2.62	63
tapas	2.62	63
hjörtur	2.62	63
schiefer	2.62	63
mijo	2.62	63
married	2.62	63
brandmarken	2.62	63
schuldzuweisungen	2.62	63
boyfriend	2.62	63
einmaleins	2.62	63
bernburg	2.61	62
unschicklich	2.61	62
ausnützen	2.61	62
schuldigung	2.61	62
walpole	2.61	62
zachs	2.61	62
hundekuchen	2.61	62
musa	2.61	62
schwimmende	2.61	62
angeberin	2.61	62
dennert	2.61	62
treter	2.61	62
schul	2.61	62
keita	2.61	62
bewusster	2.61	62
abstempeln	2.61	62
zaubertränke	2.61	62
zugegebenermaßen	2.61	62
gregs	2.61	62
helferin	2.61	62
zurechtgelegt	2.61	62
walid	2.61	62
bipolar	2.61	62
prednison	2.61	62
küchenschabe	2.61	62
malerisch	2.61	62
zentimetern	2.61	62
mun	2.61	62
vorta	2.61	62
vertrödeln	2.61	62
langweiligste	2.61	62
ultraschallbild	2.61	62
0-negativ	2.61	62
großraum	2.61	62
verängstigter	2.61	62
jugendherberge	2.61	62
laserstrahl	2.61	62
blutopfer	2.61	62
widerlinge	2.61	62
lesli	2.61	62
corley	2.61	62
regierungstruppen	2.61	62
tropfte	2.61	62
wunderwerk	2.61	62
zusammensitzen	2.61	62
ottawa	2.61	62
kiffst	2.61	62
messerstich	2.61	62
granatsplitter	2.61	62
nellies	2.61	62
leticia	2.61	62
broussard	2.61	62
widerspiegeln	2.61	62
blakes	2.61	62
tratscht	2.61	62
computerspiele	2.61	62
skins	2.61	62
hereingefallen	2.61	62
securities	2.61	62
kornfeld	2.61	62
icheb	2.61	62
ausraster	2.61	62
grundmauern	2.61	62
stinkend	2.61	62
pow	2.61	62
erskine	2.61	62
mittelmäßige	2.61	62
regatta	2.61	62
vernahm	2.61	62
randale	2.61	62
behandel	2.61	62
imker	2.61	62
instandhaltung	2.61	62
ineffizient	2.61	62
backstein	2.61	62
prominent	2.61	62
anschlagen	2.61	62
runzeln	2.61	62
natura	2.61	62
juma	2.61	62
kiddi	2.61	62
hooters	2.61	62
dienstmann	2.61	62
wegzuräumen	2.61	62
gum	2.61	62
blockbuster	2.61	62
noodles	2.61	62
kanaille	2.61	62
lokalisiere	2.61	62
hilfsorganisation	2.61	62
spendierst	2.61	62
debussy	2.61	62
ackerland	2.61	62
ausweispapiere	2.61	62
drakan	2.61	62
partien	2.61	62
mondo	2.61	62
kategorisch	2.61	62
rennpferde	2.61	62
deuce	2.61	62
ex-freundinnen	2.61	62
desinteresse	2.61	62
verheißung	2.61	62
beigesteuert	2.61	62
willows	2.61	62
munitionslager	2.61	62
vororte	2.61	62
escobars	2.61	62
tschick	2.61	62
hemmen	2.61	62
hergegeben	2.61	62
aufsaugen	2.61	62
transformiert	2.61	62
arabisches	2.61	62
landesverrat	2.61	62
aufreizend	2.61	62
töpfern	2.61	62
siegreiche	2.61	62
s02e08	2.61	62
chouchou	2.61	62
christbaum	2.61	62
fischerei	2.61	62
suzu	2.61	62
mantera	2.61	62
tiber	2.61	62
zurückversetzt	2.61	62
gehaltsstufe	2.61	62
seestern	2.61	62
phiole	2.61	62
lifestyle	2.61	62
keulen	2.61	62
gesellschaftlicher	2.61	62
kika	2.61	62
archers	2.61	62
fehltritte	2.61	62
weyland	2.61	62
kränklich	2.61	62
keel	2.61	62
juweliergeschäft	2.61	62
waffenbrüder	2.61	62
stellvertretend	2.61	62
brunel	2.61	62
refugium	2.61	62
dothraki	2.61	62
zoé	2.61	62
tortilla	2.61	62
suiten	2.61	62
einzimmerwohnung	2.61	62
leit	2.61	62
drogenbaron	2.61	62
shol	2.61	62
bevorstand	2.61	62
drossel	2.61	62
vigilance	2.61	62
dic	2.61	62
leto	2.61	62
väterlicherseits	2.61	62
großväter	2.61	62
durchlauf	2.61	62
turms	2.61	62
rutland	2.61	62
zweifels	2.61	62
trollmarkt	2.61	62
mckernon	2.61	62
doggy	2.61	62
folke	2.61	62
einkäufer	2.61	62
hungerlohn	2.61	62
oe	2.61	62
tischmanieren	2.61	62
reinnehmen	2.61	62
beschaff	2.61	62
kurzwahl	2.61	62
adjektiv	2.61	62
bemühung	2.61	62
fußvolk	2.61	62
quixote	2.61	62
frenchie	2.61	62
write	2.61	62
fettleibigkeit	2.61	62
eingenäht	2.61	62
annäherungsversuche	2.61	62
mandalay	2.61	62
gleichbedeutend	2.61	62
verbitterter	2.61	62
dardo	2.61	62
namensschilder	2.61	62
autonummer	2.61	62
hanlon	2.61	62
konsultation	2.61	62
hinton	2.61	62
nachhaken	2.61	62
finanzchef	2.61	62
caridad	2.61	62
rappel	2.61	62
ausführte	2.61	62
macey	2.61	62
hormon	2.61	62
manipuliere	2.61	62
abwerben	2.61	62
gehirnschaden	2.61	62
abendgarderobe	2.61	62
einzelzelle	2.61	62
flat	2.61	62
entschärfe	2.61	62
demütige	2.61	62
testamente	2.61	62
schüchtert	2.61	62
umgestalten	2.61	62
hereinzulegen	2.61	62
eignungstest	2.61	62
kriegsbeute	2.61	62
musiklehrer	2.61	62
baelish	2.61	62
resultiert	2.61	62
wegpacken	2.61	62
schädlinge	2.61	62
supercomputer	2.61	62
talby	2.61	62
innerste	2.61	62
forster	2.61	62
rationieren	2.61	62
quad	2.61	62
trostlose	2.61	62
faustkampf	2.61	62
schräges	2.61	62
berufstätige	2.61	62
sano	2.61	62
paulas	2.61	62
bresche	2.61	62
modells	2.61	62
chrysanthemen	2.61	62
doggydog	2.61	62
mitwirkung	2.61	62
technology	2.61	62
